[0.000000] (-) TimerEvent: {}
[0.004001] (-) JobUnselected: {'identifier': 'rae_bringup'}
[0.004327] (-) JobUnselected: {'identifier': 'rae_description'}
[0.004433] (-) JobUnselected: {'identifier': 'rae_hw'}
[0.004520] (-) JobUnselected: {'identifier': 'rae_msgs'}
[0.004597] (rae_camera) JobQueued: {'identifier': 'rae_camera', 'dependencies': OrderedDict()}
[0.009376] (rae_camera) JobStarted: {'identifier': 'rae_camera'}
[0.099499] (-) TimerEvent: {}
[0.200512] (-) TimerEvent: {}
[0.301305] (-) TimerEvent: {}
[0.402405] (-) TimerEvent: {}
[0.422117] (rae_camera) JobProgress: {'identifier': 'rae_camera', 'progress': 'cmake'}
[0.422947] (rae_camera) Command: {'cmd': ['/usr/bin/cmake', '/ws/src/rae-ros/rae_camera', '-DCMAKE_INSTALL_PREFIX=/ws/install/rae_camera'], 'cwd': '/ws/build/rae_camera', 'env': OrderedDict([('CMAKE_PREFIX_PATH', '/ws/install/rae_hw:/ws/install/rae_msgs:/ws/install/rae_description:/ws/install/rae_camera:/ws/install/rae_bringup:/underlay_ws/install/nav_layer_from_points:/underlay_ws/install/laserscan_kinect:/underlay_ws/install/ira_laser_tools:/underlay_ws/install/gst_bridge:/underlay_ws/install/depthai-ros:/underlay_ws/install/depthai_ros_driver:/underlay_ws/install/depthai_filters:/underlay_ws/install/depthai_examples:/underlay_ws/install/depthai_bridge:/underlay_ws/install/depthai_ros_msgs:/underlay_ws/install/depthai_descriptions:/underlay_ws/install/depth_sensor_pose:/underlay_ws/install/cliff_detector:/underlay_ws/install/audio_msgs:/underlay_ws/install/gst_pipeline:/opt/ros/humble'), ('COLCON', '1'), ('PYTHONPATH', '/ws/install/rae_msgs/local/lib/python3.10/dist-packages:/ws/install/rae_bringup/local/lib/python3.10/dist-packages:/underlay_ws/build/gst_pipeline:/underlay_ws/install/gst_pipeline/lib/python3.10/site-packages:/underlay_ws/install/depthai_ros_driver/local/lib/python3.10/dist-packages:/underlay_ws/install/depthai_ros_msgs/local/lib/python3.10/dist-packages:/underlay_ws/install/audio_msgs/local/lib/python3.10/dist-packages:/opt/ros/humble/lib/python3.10/site-packages:/opt/ros/humble/local/lib/python3.10/dist-packages'), ('LC_ALL', 'C.UTF-8'), ('PWD', '/ws/build/rae_camera'), ('DEBIAN_FRONTEND', 'noninteractive'), ('AMENT_PREFIX_PATH', '/ws/install/rae_hw:/ws/install/rae_msgs:/ws/install/rae_description:/ws/install/rae_camera:/ws/install/rae_bringup:/underlay_ws/install/nav_layer_from_points:/underlay_ws/install/laserscan_kinect:/underlay_ws/install/ira_laser_tools:/underlay_ws/install/gst_pipeline:/underlay_ws/install/gst_bridge:/underlay_ws/install/depthai-ros:/underlay_ws/install/depthai_ros_driver:/underlay_ws/install/depthai_filters:/underlay_ws/install/depthai_examples:/underlay_ws/install/depthai_bridge:/underlay_ws/install/depthai_ros_msgs:/underlay_ws/install/depthai_descriptions:/underlay_ws/install/depth_sensor_pose:/underlay_ws/install/cliff_detector:/underlay_ws/install/audio_msgs:/opt/ros/humble'), ('ROS_DOMAIN_ID', '0'), ('LS_COLORS', 'rs=0:di=01;34:ln=01;36:mh=00:pi=40;33:so=01;35:do=01;35:bd=40;33;01:cd=40;33;01:or=40;31;01:mi=00:su=37;41:sg=30;43:ca=30;41:tw=30;42:ow=34;42:st=37;44:ex=01;32:*.tar=01;31:*.tgz=01;31:*.arc=01;31:*.arj=01;31:*.taz=01;31:*.lha=01;31:*.lz4=01;31:*.lzh=01;31:*.lzma=01;31:*.tlz=01;31:*.txz=01;31:*.tzo=01;31:*.t7z=01;31:*.zip=01;31:*.z=01;31:*.dz=01;31:*.gz=01;31:*.lrz=01;31:*.lz=01;31:*.lzo=01;31:*.xz=01;31:*.zst=01;31:*.tzst=01;31:*.bz2=01;31:*.bz=01;31:*.tbz=01;31:*.tbz2=01;31:*.tz=01;31:*.deb=01;31:*.rpm=01;31:*.jar=01;31:*.war=01;31:*.ear=01;31:*.sar=01;31:*.rar=01;31:*.alz=01;31:*.ace=01;31:*.zoo=01;31:*.cpio=01;31:*.7z=01;31:*.rz=01;31:*.cab=01;31:*.wim=01;31:*.swm=01;31:*.dwm=01;31:*.esd=01;31:*.jpg=01;35:*.jpeg=01;35:*.mjpg=01;35:*.mjpeg=01;35:*.gif=01;35:*.bmp=01;35:*.pbm=01;35:*.pgm=01;35:*.ppm=01;35:*.tga=01;35:*.xbm=01;35:*.xpm=01;35:*.tif=01;35:*.tiff=01;35:*.png=01;35:*.svg=01;35:*.svgz=01;35:*.mng=01;35:*.pcx=01;35:*.mov=01;35:*.mpg=01;35:*.mpeg=01;35:*.m2v=01;35:*.mkv=01;35:*.webm=01;35:*.webp=01;35:*.ogm=01;35:*.mp4=01;35:*.m4v=01;35:*.mp4v=01;35:*.vob=01;35:*.qt=01;35:*.nuv=01;35:*.wmv=01;35:*.asf=01;35:*.rm=01;35:*.rmvb=01;35:*.flc=01;35:*.avi=01;35:*.fli=01;35:*.flv=01;35:*.gl=01;35:*.dl=01;35:*.xcf=01;35:*.xwd=01;35:*.yuv=01;35:*.cgm=01;35:*.emf=01;35:*.ogv=01;35:*.ogx=01;35:*.aac=00;36:*.au=00;36:*.flac=00;36:*.m4a=00;36:*.mid=00;36:*.midi=00;36:*.mka=00;36:*.mp3=00;36:*.mpc=00;36:*.ogg=00;36:*.ra=00;36:*.wav=00;36:*.oga=00;36:*.opus=00;36:*.spx=00;36:*.xspf=00;36:'), ('RMW_IMPLEMENTATION', 'rmw_fastrtps_cpp'), ('LANG', 'C.UTF-8'), ('DISPLAY', ':0'), ('PATH', '/opt/ros/humble/bin:/usr/local/sbin:/usr/local/bin:/usr/sbin:/usr/bin:/sbin:/bin'), ('ROS_LOCALHOST_ONLY', '0'), ('TERM', 'xterm'), ('ROS_VERSION', '2'), ('_', '/usr/bin/colcon'), ('ROS_DISTRO', 'humble'), ('COLCON_PREFIX_PATH', '/ws/install:/underlay_ws/install'), ('UNDERLAY_WS', '/underlay_ws'), ('ROS_PYTHON_VERSION', '3'), ('OLDPWD', '/ws/install'), ('HOME', '/root'), ('LD_LIBRARY_PATH', '/ws/install/rae_hw/lib:/ws/install/rae_msgs/lib:/underlay_ws/install/nav_layer_from_points/lib:/underlay_ws/install/laserscan_kinect/lib:/underlay_ws/install/ira_laser_tools/lib:/underlay_ws/install/gst_bridge/lib:/underlay_ws/install/depthai_ros_driver/lib:/underlay_ws/install/depthai_filters/lib:/underlay_ws/install/depthai_bridge/lib:/underlay_ws/install/depthai_ros_msgs/lib:/underlay_ws/install/depth_sensor_pose/lib:/underlay_ws/install/cliff_detector/lib:/underlay_ws/install/audio_msgs/lib:/opt/ros/humble/opt/rviz_ogre_vendor/lib:/opt/ros/humble/lib/aarch64-linux-gnu:/opt/ros/humble/lib'), ('SHLVL', '1'), ('HOSTNAME', 'MH-pc'), ('WS', '/ws')]), 'shell': False}
[0.502721] (-) TimerEvent: {}
[0.603875] (-) TimerEvent: {}
[0.704857] (-) TimerEvent: {}
[0.806227] (-) TimerEvent: {}
[0.907445] (-) TimerEvent: {}
[1.008863] (-) TimerEvent: {}
[1.110456] (-) TimerEvent: {}
[1.212292] (-) TimerEvent: {}
[1.313834] (-) TimerEvent: {}
[1.415374] (-) TimerEvent: {}
[1.517290] (-) TimerEvent: {}
[1.618320] (-) TimerEvent: {}
[1.719243] (-) TimerEvent: {}
[1.752584] (rae_camera) StdoutLine: {'line': b'-- The C compiler identification is GNU 11.4.0\n'}
[1.819481] (-) TimerEvent: {}
[1.920457] (-) TimerEvent: {}
[2.021461] (-) TimerEvent: {}
[2.122438] (-) TimerEvent: {}
[2.223389] (-) TimerEvent: {}
[2.324323] (-) TimerEvent: {}
[2.425387] (-) TimerEvent: {}
[2.502363] (rae_camera) StdoutLine: {'line': b'-- The CXX compiler identification is GNU 11.4.0\n'}
[2.525631] (-) TimerEvent: {}
[2.571109] (rae_camera) StdoutLine: {'line': b'-- Detecting C compiler ABI info\n'}
[2.625910] (-) TimerEvent: {}
[2.726868] (-) TimerEvent: {}
[2.827863] (-) TimerEvent: {}
[2.929423] (-) TimerEvent: {}
[3.030580] (-) TimerEvent: {}
[3.131759] (-) TimerEvent: {}
[3.232978] (-) TimerEvent: {}
[3.333936] (-) TimerEvent: {}
[3.434926] (-) TimerEvent: {}
[3.535900] (-) TimerEvent: {}
[3.575659] (rae_camera) StdoutLine: {'line': b'-- Detecting C compiler ABI info - done\n'}
[3.626711] (rae_camera) StdoutLine: {'line': b'-- Check for working C compiler: /usr/bin/cc - skipped\n'}
[3.627944] (rae_camera) StdoutLine: {'line': b'-- Detecting C compile features\n'}
[3.631274] (rae_camera) StdoutLine: {'line': b'-- Detecting C compile features - done\n'}
[3.635958] (-) TimerEvent: {}
[3.649110] (rae_camera) StdoutLine: {'line': b'-- Detecting CXX compiler ABI info\n'}
[3.736292] (-) TimerEvent: {}
[3.837268] (-) TimerEvent: {}
[3.938489] (-) TimerEvent: {}
[4.040016] (-) TimerEvent: {}
[4.141253] (-) TimerEvent: {}
[4.242439] (-) TimerEvent: {}
[4.343410] (-) TimerEvent: {}
[4.444449] (-) TimerEvent: {}
[4.545559] (-) TimerEvent: {}
[4.592426] (rae_camera) StdoutLine: {'line': b'-- Detecting CXX compiler ABI info - done\n'}
[4.644383] (rae_camera) StdoutLine: {'line': b'-- Check for working CXX compiler: /usr/bin/c++ - skipped\n'}
[4.645723] (rae_camera) StdoutLine: {'line': b'-- Detecting CXX compile features\n'}
[4.646252] (-) TimerEvent: {}
[4.648763] (rae_camera) StdoutLine: {'line': b'-- Detecting CXX compile features - done\n'}
[4.707125] (rae_camera) StdoutLine: {'line': b'-- Found ament_cmake: 1.3.5 (/opt/ros/humble/share/ament_cmake/cmake)\n'}
[4.746793] (-) TimerEvent: {}
[4.848123] (-) TimerEvent: {}
[4.949266] (-) TimerEvent: {}
[5.050317] (-) TimerEvent: {}
[5.151364] (-) TimerEvent: {}
[5.252238] (-) TimerEvent: {}
[5.353265] (-) TimerEvent: {}
[5.454945] (-) TimerEvent: {}
[5.556131] (-) TimerEvent: {}
[5.657262] (-) TimerEvent: {}
[5.758349] (-) TimerEvent: {}
[5.859687] (-) TimerEvent: {}
[5.960690] (-) TimerEvent: {}
[6.061684] (-) TimerEvent: {}
[6.162821] (-) TimerEvent: {}
[6.263986] (-) TimerEvent: {}
[6.364964] (-) TimerEvent: {}
[6.466083] (-) TimerEvent: {}
[6.567547] (-) TimerEvent: {}
[6.625444] (rae_camera) StdoutLine: {'line': b'-- Found Python3: /usr/bin/python3.10 (found version "3.10.12") found components: Interpreter \n'}
[6.667771] (-) TimerEvent: {}
[6.769059] (-) TimerEvent: {}
[6.870661] (-) TimerEvent: {}
[6.971738] (-) TimerEvent: {}
[7.073008] (-) TimerEvent: {}
[7.174666] (-) TimerEvent: {}
[7.276142] (-) TimerEvent: {}
[7.324999] (rae_camera) StdoutLine: {'line': b'-- Found camera_info_manager: 3.1.7 (/opt/ros/humble/share/camera_info_manager/cmake)\n'}
[7.376358] (-) TimerEvent: {}
[7.478005] (-) TimerEvent: {}
[7.579178] (-) TimerEvent: {}
[7.640883] (rae_camera) StdoutLine: {'line': b'-- Found rosidl_generator_c: 3.1.5 (/opt/ros/humble/share/rosidl_generator_c/cmake)\n'}
[7.667646] (rae_camera) StdoutLine: {'line': b'-- Found rosidl_adapter: 3.1.5 (/opt/ros/humble/share/rosidl_adapter/cmake)\n'}
[7.679477] (-) TimerEvent: {}
[7.714270] (rae_camera) StdoutLine: {'line': b'-- Found rosidl_generator_cpp: 3.1.5 (/opt/ros/humble/share/rosidl_generator_cpp/cmake)\n'}
[7.779861] (-) TimerEvent: {}
[7.803861] (rae_camera) StdoutLine: {'line': b'-- Using all available rosidl_typesupport_c: rosidl_typesupport_fastrtps_c;rosidl_typesupport_introspection_c\n'}
[7.880101] (-) TimerEvent: {}
[7.925592] (rae_camera) StdoutLine: {'line': b'-- Using all available rosidl_typesupport_cpp: rosidl_typesupport_fastrtps_cpp;rosidl_typesupport_introspection_cpp\n'}
[7.980455] (-) TimerEvent: {}
[8.081860] (-) TimerEvent: {}
[8.182922] (-) TimerEvent: {}
[8.284016] (-) TimerEvent: {}
[8.385047] (-) TimerEvent: {}
[8.408117] (rae_camera) StdoutLine: {'line': b'-- Found rmw_implementation_cmake: 6.1.1 (/opt/ros/humble/share/rmw_implementation_cmake/cmake)\n'}
[8.430488] (rae_camera) StdoutLine: {'line': b'-- Found rmw_fastrtps_cpp: 6.2.4 (/opt/ros/humble/share/rmw_fastrtps_cpp/cmake)\n'}
[8.485310] (-) TimerEvent: {}
[8.586473] (-) TimerEvent: {}
[8.687541] (-) TimerEvent: {}
[8.789328] (-) TimerEvent: {}
[8.890449] (-) TimerEvent: {}
[8.991643] (-) TimerEvent: {}
[9.093117] (-) TimerEvent: {}
[9.194473] (-) TimerEvent: {}
[9.296301] (-) TimerEvent: {}
[9.397471] (-) TimerEvent: {}
[9.498526] (-) TimerEvent: {}
[9.593120] (rae_camera) StdoutLine: {'line': b'-- Found OpenSSL: /usr/lib/aarch64-linux-gnu/libcrypto.so (found version "3.0.2")  \n'}
[9.598599] (-) TimerEvent: {}
[9.699481] (-) TimerEvent: {}
[9.705913] (rae_camera) StdoutLine: {'line': b'-- Found FastRTPS: /opt/ros/humble/include  \n'}
[9.799725] (-) TimerEvent: {}
[9.900834] (-) TimerEvent: {}
[9.932658] (rae_camera) StdoutLine: {'line': b"-- Using RMW implementation 'rmw_fastrtps_cpp' as default\n"}
[9.988154] (rae_camera) StdoutLine: {'line': b'-- Looking for pthread.h\n'}
[10.000933] (-) TimerEvent: {}
[10.102058] (-) TimerEvent: {}
[10.203130] (-) TimerEvent: {}
[10.304143] (-) TimerEvent: {}
[10.405198] (-) TimerEvent: {}
[10.506314] (-) TimerEvent: {}
[10.613485] (-) TimerEvent: {}
[10.714593] (-) TimerEvent: {}
[10.815653] (-) TimerEvent: {}
[10.916690] (-) TimerEvent: {}
[11.017702] (-) TimerEvent: {}
[11.029426] (rae_camera) StdoutLine: {'line': b'-- Looking for pthread.h - found\n'}
[11.030161] (rae_camera) StdoutLine: {'line': b'-- Performing Test CMAKE_HAVE_LIBC_PTHREAD\n'}
[11.117941] (-) TimerEvent: {}
[11.219048] (-) TimerEvent: {}
[11.320143] (-) TimerEvent: {}
[11.421193] (-) TimerEvent: {}
[11.522634] (-) TimerEvent: {}
[11.623800] (-) TimerEvent: {}
[11.724874] (-) TimerEvent: {}
[11.826098] (-) TimerEvent: {}
[11.927185] (-) TimerEvent: {}
[12.028192] (-) TimerEvent: {}
[12.129237] (-) TimerEvent: {}
[12.230249] (-) TimerEvent: {}
[12.331633] (-) TimerEvent: {}
[12.416080] (rae_camera) StdoutLine: {'line': b'-- Performing Test CMAKE_HAVE_LIBC_PTHREAD - Success\n'}
[12.421680] (rae_camera) StdoutLine: {'line': b'-- Found Threads: TRUE  \n'}
[12.431713] (-) TimerEvent: {}
[12.532524] (-) TimerEvent: {}
[12.633641] (-) TimerEvent: {}
[12.734763] (-) TimerEvent: {}
[12.835984] (-) TimerEvent: {}
[12.937734] (-) TimerEvent: {}
[13.038961] (-) TimerEvent: {}
[13.140481] (-) TimerEvent: {}
[13.241570] (-) TimerEvent: {}
[13.342625] (-) TimerEvent: {}
[13.443644] (-) TimerEvent: {}
[13.544630] (-) TimerEvent: {}
[13.645801] (-) TimerEvent: {}
[13.747050] (-) TimerEvent: {}
[13.848071] (-) TimerEvent: {}
[13.949259] (-) TimerEvent: {}
[14.050734] (-) TimerEvent: {}
[14.152320] (-) TimerEvent: {}
[14.253577] (-) TimerEvent: {}
[14.354976] (-) TimerEvent: {}
[14.456279] (-) TimerEvent: {}
[14.557567] (-) TimerEvent: {}
[14.658977] (-) TimerEvent: {}
[14.715012] (rae_camera) StdoutLine: {'line': b'-- Found cv_bridge: 3.2.1 (/opt/ros/humble/share/cv_bridge/cmake)\n'}
[14.759253] (-) TimerEvent: {}
[14.834479] (rae_camera) StdoutLine: {'line': b'-- xtl v0.7.4\n'}
[14.859474] (-) TimerEvent: {}
[14.870199] (rae_camera) StdoutLine: {'line': b'-- Building xtensor v0.24.3\n'}
[14.870854] (rae_camera) StdoutLine: {'line': b'-- Found xtl v0.7.4\n'}
[14.959860] (-) TimerEvent: {}
[14.966569] (rae_camera) StdoutLine: {'line': b'-- Found depthai_bridge: 2.8.2 (/underlay_ws/install/depthai_bridge/share/depthai_bridge/cmake)\n'}
[15.060042] (-) TimerEvent: {}
[15.161511] (-) TimerEvent: {}
[15.266935] (-) TimerEvent: {}
[15.368401] (-) TimerEvent: {}
[15.474207] (-) TimerEvent: {}
[15.575657] (-) TimerEvent: {}
[15.677023] (-) TimerEvent: {}
[15.778436] (-) TimerEvent: {}
[15.879952] (-) TimerEvent: {}
[15.981562] (-) TimerEvent: {}
[16.083446] (-) TimerEvent: {}
[16.184535] (-) TimerEvent: {}
[16.285683] (-) TimerEvent: {}
[16.387098] (-) TimerEvent: {}
[16.488509] (-) TimerEvent: {}
[16.589921] (-) TimerEvent: {}
[16.691290] (-) TimerEvent: {}
[16.792433] (-) TimerEvent: {}
[16.893897] (-) TimerEvent: {}
[16.995304] (-) TimerEvent: {}
[17.097437] (-) TimerEvent: {}
[17.200473] (-) TimerEvent: {}
[17.301869] (-) TimerEvent: {}
[17.403217] (-) TimerEvent: {}
[17.504579] (-) TimerEvent: {}
[17.606085] (-) TimerEvent: {}
[17.707427] (-) TimerEvent: {}
[17.808744] (-) TimerEvent: {}
[17.910195] (-) TimerEvent: {}
[18.011361] (-) TimerEvent: {}
[18.112781] (-) TimerEvent: {}
[18.214339] (-) TimerEvent: {}
[18.316328] (-) TimerEvent: {}
[18.417374] (-) TimerEvent: {}
[18.518606] (-) TimerEvent: {}
[18.619639] (-) TimerEvent: {}
[18.720789] (-) TimerEvent: {}
[18.822310] (-) TimerEvent: {}
[18.923726] (-) TimerEvent: {}
[19.025090] (-) TimerEvent: {}
[19.128888] (-) TimerEvent: {}
[19.230499] (-) TimerEvent: {}
[19.331968] (-) TimerEvent: {}
[19.433860] (-) TimerEvent: {}
[19.535626] (-) TimerEvent: {}
[19.636655] (-) TimerEvent: {}
[19.737738] (-) TimerEvent: {}
[19.838906] (-) TimerEvent: {}
[19.939913] (-) TimerEvent: {}
[20.041164] (-) TimerEvent: {}
[20.142389] (-) TimerEvent: {}
[20.243574] (-) TimerEvent: {}
[20.344703] (-) TimerEvent: {}
[20.445721] (-) TimerEvent: {}
[20.546733] (-) TimerEvent: {}
[20.647750] (-) TimerEvent: {}
[20.748744] (-) TimerEvent: {}
[20.850229] (-) TimerEvent: {}
[20.951424] (-) TimerEvent: {}
[21.052617] (-) TimerEvent: {}
[21.066076] (rae_camera) StdoutLine: {'line': b'-- Found eigen3_cmake_module: 0.1.1 (/opt/ros/humble/share/eigen3_cmake_module/cmake)\n'}
[21.072917] (rae_camera) StdoutLine: {'line': b'-- Found Eigen3: TRUE (found version "3.4.0") \n'}
[21.073651] (rae_camera) StdoutLine: {'line': b'-- Ensuring Eigen3 include directory is part of orocos-kdl CMake target\n'}
[21.152874] (-) TimerEvent: {}
[21.216472] (rae_camera) StdoutLine: {'line': b'-- Found rtabmap_slam: 0.21.1 (/opt/ros/humble/share/rtabmap_slam/cmake)\n'}
[21.253019] (-) TimerEvent: {}
[21.353940] (-) TimerEvent: {}
[21.454934] (-) TimerEvent: {}
[21.556309] (-) TimerEvent: {}
[21.657918] (-) TimerEvent: {}
[21.759090] (-) TimerEvent: {}
[21.860358] (-) TimerEvent: {}
[21.961955] (-) TimerEvent: {}
[22.063432] (-) TimerEvent: {}
[22.164546] (-) TimerEvent: {}
[22.266414] (-) TimerEvent: {}
[22.367761] (-) TimerEvent: {}
[22.468862] (-) TimerEvent: {}
[22.569890] (-) TimerEvent: {}
[22.670953] (-) TimerEvent: {}
[22.776024] (-) TimerEvent: {}
[22.884559] (-) TimerEvent: {}
[22.985642] (-) TimerEvent: {}
[23.086632] (-) TimerEvent: {}
[23.187567] (-) TimerEvent: {}
[23.288663] (-) TimerEvent: {}
[23.389960] (-) TimerEvent: {}
[23.492810] (-) TimerEvent: {}
[23.593940] (-) TimerEvent: {}
[23.695122] (-) TimerEvent: {}
[23.796224] (-) TimerEvent: {}
[23.897556] (-) TimerEvent: {}
[24.001274] (-) TimerEvent: {}
[24.102334] (-) TimerEvent: {}
[24.203411] (-) TimerEvent: {}
[24.304782] (-) TimerEvent: {}
[24.405998] (-) TimerEvent: {}
[24.507039] (-) TimerEvent: {}
[24.608074] (-) TimerEvent: {}
[24.709231] (-) TimerEvent: {}
[24.810294] (-) TimerEvent: {}
[24.911559] (-) TimerEvent: {}
[25.013551] (-) TimerEvent: {}
[25.114908] (-) TimerEvent: {}
[25.215961] (-) TimerEvent: {}
[25.317015] (-) TimerEvent: {}
[25.418043] (-) TimerEvent: {}
[25.519443] (-) TimerEvent: {}
[25.620964] (-) TimerEvent: {}
[25.722456] (-) TimerEvent: {}
[25.823892] (-) TimerEvent: {}
[25.925330] (-) TimerEvent: {}
[26.026855] (-) TimerEvent: {}
[26.128504] (-) TimerEvent: {}
[26.229606] (-) TimerEvent: {}
[26.330719] (-) TimerEvent: {}
[26.431851] (-) TimerEvent: {}
[26.533035] (-) TimerEvent: {}
[26.638884] (-) TimerEvent: {}
[26.739859] (-) TimerEvent: {}
[26.840884] (-) TimerEvent: {}
[26.941892] (-) TimerEvent: {}
[27.042847] (-) TimerEvent: {}
[27.143879] (-) TimerEvent: {}
[27.244923] (-) TimerEvent: {}
[27.346067] (-) TimerEvent: {}
[27.447124] (-) TimerEvent: {}
[27.548232] (-) TimerEvent: {}
[27.649475] (-) TimerEvent: {}
[27.750559] (-) TimerEvent: {}
[27.851819] (-) TimerEvent: {}
[27.953588] (-) TimerEvent: {}
[28.054535] (-) TimerEvent: {}
[28.155543] (-) TimerEvent: {}
[28.256826] (-) TimerEvent: {}
[28.357856] (-) TimerEvent: {}
[28.458906] (-) TimerEvent: {}
[28.559916] (-) TimerEvent: {}
[28.660953] (-) TimerEvent: {}
[28.762321] (-) TimerEvent: {}
[28.863720] (-) TimerEvent: {}
[28.965309] (-) TimerEvent: {}
[28.983045] (rae_camera) StdoutLine: {'line': b"-- Checking for module 'eigen3'\n"}
[29.065644] (-) TimerEvent: {}
[29.166879] (-) TimerEvent: {}
[29.182496] (rae_camera) StdoutLine: {'line': b'--   Found eigen3, version 3.4.0\n'}
[29.267124] (-) TimerEvent: {}
[29.368274] (-) TimerEvent: {}
[29.469432] (-) TimerEvent: {}
[29.570600] (-) TimerEvent: {}
[29.617899] (rae_camera) StdoutLine: {'line': b'-- Found Eigen: /usr/include/eigen3 (Required is at least version "3.1") \n'}
[29.618571] (rae_camera) StdoutLine: {'line': b'-- Eigen found (include: /usr/include/eigen3, version: 3.4.0)\n'}
[29.670849] (-) TimerEvent: {}
[29.771920] (-) TimerEvent: {}
[29.832111] (rae_camera) StdoutLine: {'line': b"-- Checking for module 'flann'\n"}
[29.872159] (-) TimerEvent: {}
[29.973190] (-) TimerEvent: {}
[30.036067] (rae_camera) StdoutLine: {'line': b'--   Found flann, version 1.9.1\n'}
[30.073450] (-) TimerEvent: {}
[30.174624] (-) TimerEvent: {}
[30.275595] (-) TimerEvent: {}
[30.376606] (-) TimerEvent: {}
[30.477631] (-) TimerEvent: {}
[30.536661] (rae_camera) StdoutLine: {'line': b'-- Found FLANN: /usr/lib/aarch64-linux-gnu/libflann_cpp.so  \n'}
[30.538505] (rae_camera) StdoutLine: {'line': b'-- FLANN found (include: /usr/include, lib: /usr/lib/aarch64-linux-gnu/libflann_cpp.so)\n'}
[30.577913] (-) TimerEvent: {}
[30.679119] (-) TimerEvent: {}
[30.780407] (-) TimerEvent: {}
[30.881646] (-) TimerEvent: {}
[30.982667] (-) TimerEvent: {}
[31.085237] (-) TimerEvent: {}
[31.189043] (-) TimerEvent: {}
[31.290030] (-) TimerEvent: {}
[31.391081] (-) TimerEvent: {}
[31.492321] (-) TimerEvent: {}
[31.593651] (-) TimerEvent: {}
[31.695407] (-) TimerEvent: {}
[31.796617] (-) TimerEvent: {}
[31.897735] (-) TimerEvent: {}
[31.999260] (-) TimerEvent: {}
[32.100527] (-) TimerEvent: {}
[32.202255] (-) TimerEvent: {}
[32.305086] (-) TimerEvent: {}
[32.406407] (-) TimerEvent: {}
[32.508846] (-) TimerEvent: {}
[32.610714] (-) TimerEvent: {}
[32.711713] (-) TimerEvent: {}
[32.812947] (-) TimerEvent: {}
[32.914235] (-) TimerEvent: {}
[33.015368] (-) TimerEvent: {}
[33.116398] (-) TimerEvent: {}
[33.217734] (-) TimerEvent: {}
[33.324536] (-) TimerEvent: {}
[33.427201] (-) TimerEvent: {}
[33.528875] (-) TimerEvent: {}
[33.630158] (-) TimerEvent: {}
[33.731332] (-) TimerEvent: {}
[33.832310] (-) TimerEvent: {}
[33.933305] (-) TimerEvent: {}
[34.034432] (-) TimerEvent: {}
[34.135522] (-) TimerEvent: {}
[34.236571] (-) TimerEvent: {}
[34.337664] (-) TimerEvent: {}
[34.438717] (-) TimerEvent: {}
[34.539771] (-) TimerEvent: {}
[34.640753] (-) TimerEvent: {}
[34.741967] (-) TimerEvent: {}
[34.843037] (-) TimerEvent: {}
[34.944135] (-) TimerEvent: {}
[35.045186] (-) TimerEvent: {}
[35.146200] (-) TimerEvent: {}
[35.247857] (-) TimerEvent: {}
[35.349226] (-) TimerEvent: {}
[35.450297] (-) TimerEvent: {}
[35.551282] (-) TimerEvent: {}
[35.652262] (-) TimerEvent: {}
[35.753389] (-) TimerEvent: {}
[35.854467] (-) TimerEvent: {}
[35.955867] (-) TimerEvent: {}
[36.057477] (-) TimerEvent: {}
[36.158749] (-) TimerEvent: {}
[36.259871] (-) TimerEvent: {}
[36.360966] (-) TimerEvent: {}
[36.462332] (-) TimerEvent: {}
[36.563988] (-) TimerEvent: {}
[36.665196] (-) TimerEvent: {}
[36.767174] (-) TimerEvent: {}
[36.868281] (-) TimerEvent: {}
[36.969397] (-) TimerEvent: {}
[37.070562] (-) TimerEvent: {}
[37.171614] (-) TimerEvent: {}
[37.272701] (-) TimerEvent: {}
[37.373703] (-) TimerEvent: {}
[37.474688] (-) TimerEvent: {}
[37.575663] (-) TimerEvent: {}
[37.677191] (-) TimerEvent: {}
[37.779206] (-) TimerEvent: {}
[37.880627] (-) TimerEvent: {}
[37.981903] (-) TimerEvent: {}
[38.082878] (-) TimerEvent: {}
[38.183853] (-) TimerEvent: {}
[38.284879] (-) TimerEvent: {}
[38.385988] (-) TimerEvent: {}
[38.487053] (-) TimerEvent: {}
[38.588282] (-) TimerEvent: {}
[38.690988] (-) TimerEvent: {}
[38.792584] (-) TimerEvent: {}
[38.894970] (-) TimerEvent: {}
[38.996844] (-) TimerEvent: {}
[39.098414] (-) TimerEvent: {}
[39.200350] (-) TimerEvent: {}
[39.304332] (-) TimerEvent: {}
[39.408010] (-) TimerEvent: {}
[39.509466] (-) TimerEvent: {}
[39.610557] (-) TimerEvent: {}
[39.711676] (-) TimerEvent: {}
[39.812885] (-) TimerEvent: {}
[39.914271] (-) TimerEvent: {}
[40.015583] (-) TimerEvent: {}
[40.117001] (-) TimerEvent: {}
[40.218038] (-) TimerEvent: {}
[40.319033] (-) TimerEvent: {}
[40.420030] (-) TimerEvent: {}
[40.521087] (-) TimerEvent: {}
[40.622444] (-) TimerEvent: {}
[40.724021] (-) TimerEvent: {}
[40.825157] (-) TimerEvent: {}
[40.926398] (-) TimerEvent: {}
[41.027226] (-) TimerEvent: {}
[41.128282] (-) TimerEvent: {}
[41.229570] (-) TimerEvent: {}
[41.330610] (-) TimerEvent: {}
[41.431673] (-) TimerEvent: {}
[41.532750] (-) TimerEvent: {}
[41.633864] (-) TimerEvent: {}
[41.642771] (rae_camera) StdoutLine: {'line': b"-- Checking for module 'libusb-1.0'\n"}
[41.734327] (-) TimerEvent: {}
[41.835653] (-) TimerEvent: {}
[41.887707] (rae_camera) StdoutLine: {'line': b'--   Found libusb-1.0, version 1.0.25\n'}
[41.935910] (-) TimerEvent: {}
[42.037128] (-) TimerEvent: {}
[42.138462] (-) TimerEvent: {}
[42.239590] (-) TimerEvent: {}
[42.325784] (rae_camera) StdoutLine: {'line': b'-- Found libusb: /usr/lib/aarch64-linux-gnu/libusb-1.0.so  \n'}
[42.331059] (rae_camera) StdoutLine: {'line': b'-- OpenNI found (version: 1.5.4.0, include: /usr/include/ni, lib: /usr/lib/libOpenNI.so;libusb::libusb)\n'}
[42.339685] (-) TimerEvent: {}
[42.440694] (-) TimerEvent: {}
[42.542037] (-) TimerEvent: {}
[42.643285] (-) TimerEvent: {}
[42.744771] (-) TimerEvent: {}
[42.845986] (-) TimerEvent: {}
[42.943469] (rae_camera) StdoutLine: {'line': b'-- OpenNI2 found (version: 2.2.0.33, include: /usr/include/openni2, lib: /usr/lib/aarch64-linux-gnu/libOpenNI2.so;libusb::libusb)\n'}
[42.946061] (-) TimerEvent: {}
[43.047084] (-) TimerEvent: {}
[43.149805] (-) TimerEvent: {}
[43.250997] (-) TimerEvent: {}
[43.352259] (-) TimerEvent: {}
[43.453498] (-) TimerEvent: {}
[43.554914] (-) TimerEvent: {}
[43.656206] (-) TimerEvent: {}
[43.757300] (-) TimerEvent: {}
[43.858757] (-) TimerEvent: {}
[43.874517] (rae_camera) StdoutLine: {'line': b'-- Eigen found (include: /usr/include/eigen3, version: 3.4.0)\n'}
[43.916579] (rae_camera) StdoutLine: {'line': b'-- OpenNI found (version: 1.5.4.0, include: /usr/include/ni, lib: /usr/lib/libOpenNI.so;libusb::libusb)\n'}
[43.959001] (-) TimerEvent: {}
[43.960066] (rae_camera) StdoutLine: {'line': b'-- OpenNI2 found (version: 2.2.0.33, include: /usr/include/openni2, lib: /usr/lib/aarch64-linux-gnu/libOpenNI2.so;libusb::libusb)\n'}
[44.059225] (-) TimerEvent: {}
[44.160327] (-) TimerEvent: {}
[44.261357] (-) TimerEvent: {}
[44.362409] (-) TimerEvent: {}
[44.463543] (-) TimerEvent: {}
[44.564815] (-) TimerEvent: {}
[44.665799] (-) TimerEvent: {}
[44.766892] (-) TimerEvent: {}
[44.870859] (rae_camera) StdoutLine: {'line': b'-- Found Qhull version 8.0.2\n'}
[44.871535] (-) TimerEvent: {}
[44.973197] (-) TimerEvent: {}
[45.074671] (-) TimerEvent: {}
[45.176102] (-) TimerEvent: {}
[45.277090] (-) TimerEvent: {}
[45.381873] (-) TimerEvent: {}
[45.484154] (-) TimerEvent: {}
[45.585911] (-) TimerEvent: {}
[45.686908] (-) TimerEvent: {}
[45.787959] (-) TimerEvent: {}
[45.855024] (rae_camera) StdoutLine: {'line': b'-- OpenNI found (version: 1.5.4.0, include: /usr/include/ni, lib: /usr/lib/libOpenNI.so;libusb::libusb)\n'}
[45.888397] (-) TimerEvent: {}
[45.989968] (-) TimerEvent: {}
[46.091902] (-) TimerEvent: {}
[46.193810] (-) TimerEvent: {}
[46.295072] (-) TimerEvent: {}
[46.396215] (-) TimerEvent: {}
[46.497417] (-) TimerEvent: {}
[46.598701] (-) TimerEvent: {}
[46.699986] (-) TimerEvent: {}
[46.753923] (rae_camera) StdoutLine: {'line': b'-- Found PCL_COMMON: /usr/lib/aarch64-linux-gnu/libpcl_common.so  \n'}
[46.758656] (rae_camera) StdoutLine: {'line': b'-- Found PCL_KDTREE: /usr/lib/aarch64-linux-gnu/libpcl_kdtree.so  \n'}
[46.763038] (rae_camera) StdoutLine: {'line': b'-- Found PCL_OCTREE: /usr/lib/aarch64-linux-gnu/libpcl_octree.so  \n'}
[46.767524] (rae_camera) StdoutLine: {'line': b'-- Found PCL_SEARCH: /usr/lib/aarch64-linux-gnu/libpcl_search.so  \n'}
[46.771692] (rae_camera) StdoutLine: {'line': b'-- Found PCL_SAMPLE_CONSENSUS: /usr/lib/aarch64-linux-gnu/libpcl_sample_consensus.so  \n'}
[46.776990] (rae_camera) StdoutLine: {'line': b'-- Found PCL_FILTERS: /usr/lib/aarch64-linux-gnu/libpcl_filters.so  \n'}
[46.779492] (rae_camera) StdoutLine: {'line': b'-- Found PCL_2D: /usr/include/pcl-1.12  \n'}
[46.782308] (rae_camera) StdoutLine: {'line': b'-- Found PCL_GEOMETRY: /usr/include/pcl-1.12  \n'}
[46.786653] (rae_camera) StdoutLine: {'line': b'-- Found PCL_IO: /usr/lib/aarch64-linux-gnu/libpcl_io.so  \n'}
[46.792035] (rae_camera) StdoutLine: {'line': b'-- Found PCL_FEATURES: /usr/lib/aarch64-linux-gnu/libpcl_features.so  \n'}
[46.796360] (rae_camera) StdoutLine: {'line': b'-- Found PCL_ML: /usr/lib/aarch64-linux-gnu/libpcl_ml.so  \n'}
[46.800058] (-) TimerEvent: {}
[46.800731] (rae_camera) StdoutLine: {'line': b'-- Found PCL_SEGMENTATION: /usr/lib/aarch64-linux-gnu/libpcl_segmentation.so  \n'}
[46.805563] (rae_camera) StdoutLine: {'line': b'-- Found PCL_VISUALIZATION: /usr/lib/aarch64-linux-gnu/libpcl_visualization.so  \n'}
[46.810293] (rae_camera) StdoutLine: {'line': b'-- Found PCL_SURFACE: /usr/lib/aarch64-linux-gnu/libpcl_surface.so  \n'}
[46.815542] (rae_camera) StdoutLine: {'line': b'-- Found PCL_REGISTRATION: /usr/lib/aarch64-linux-gnu/libpcl_registration.so  \n'}
[46.820246] (rae_camera) StdoutLine: {'line': b'-- Found PCL_KEYPOINTS: /usr/lib/aarch64-linux-gnu/libpcl_keypoints.so  \n'}
[46.824711] (rae_camera) StdoutLine: {'line': b'-- Found PCL_TRACKING: /usr/lib/aarch64-linux-gnu/libpcl_tracking.so  \n'}
[46.829261] (rae_camera) StdoutLine: {'line': b'-- Found PCL_RECOGNITION: /usr/lib/aarch64-linux-gnu/libpcl_recognition.so  \n'}
[46.834339] (rae_camera) StdoutLine: {'line': b'-- Found PCL_STEREO: /usr/lib/aarch64-linux-gnu/libpcl_stereo.so  \n'}
[46.838869] (rae_camera) StdoutLine: {'line': b'-- Found PCL_APPS: /usr/lib/aarch64-linux-gnu/libpcl_apps.so  \n'}
[46.843321] (rae_camera) StdoutLine: {'line': b'-- Found PCL_IN_HAND_SCANNER: /usr/include/pcl-1.12  \n'}
[46.845163] (rae_camera) StdoutLine: {'line': b'-- Found PCL_MODELER: /usr/include/pcl-1.12  \n'}
[46.847312] (rae_camera) StdoutLine: {'line': b'-- Found PCL_POINT_CLOUD_EDITOR: /usr/include/pcl-1.12  \n'}
[46.852189] (rae_camera) StdoutLine: {'line': b'-- Found PCL_OUTOFCORE: /usr/lib/aarch64-linux-gnu/libpcl_outofcore.so  \n'}
[46.858104] (rae_camera) StdoutLine: {'line': b'-- Found PCL_PEOPLE: /usr/lib/aarch64-linux-gnu/libpcl_people.so  \n'}
[46.900382] (-) TimerEvent: {}
[47.001483] (-) TimerEvent: {}
[47.102577] (-) TimerEvent: {}
[47.203681] (-) TimerEvent: {}
[47.304790] (-) TimerEvent: {}
[47.405825] (-) TimerEvent: {}
[47.506768] (-) TimerEvent: {}
[47.607770] (-) TimerEvent: {}
[47.709085] (-) TimerEvent: {}
[47.810069] (-) TimerEvent: {}
[47.911053] (-) TimerEvent: {}
[48.012058] (-) TimerEvent: {}
[48.113044] (-) TimerEvent: {}
[48.214065] (-) TimerEvent: {}
[48.315043] (-) TimerEvent: {}
[48.415989] (-) TimerEvent: {}
[48.517039] (-) TimerEvent: {}
[48.618494] (-) TimerEvent: {}
[48.719945] (-) TimerEvent: {}
[48.821336] (-) TimerEvent: {}
[48.922716] (-) TimerEvent: {}
[49.023721] (-) TimerEvent: {}
[49.124746] (-) TimerEvent: {}
[49.225775] (-) TimerEvent: {}
[49.326915] (-) TimerEvent: {}
[49.428216] (-) TimerEvent: {}
[49.529453] (-) TimerEvent: {}
[49.630709] (-) TimerEvent: {}
[49.732000] (-) TimerEvent: {}
[49.734198] (rae_camera) StdoutLine: {'line': b'-- Found depthai_ros_driver: 2.8.2 (/underlay_ws/install/depthai_ros_driver/share/depthai_ros_driver/cmake)\n'}
[49.832333] (-) TimerEvent: {}
[49.934026] (-) TimerEvent: {}
[50.035096] (-) TimerEvent: {}
[50.136316] (-) TimerEvent: {}
[50.237668] (-) TimerEvent: {}
[50.338928] (-) TimerEvent: {}
[50.439884] (-) TimerEvent: {}
[50.540954] (-) TimerEvent: {}
[50.642406] (-) TimerEvent: {}
[50.744130] (-) TimerEvent: {}
[50.845752] (-) TimerEvent: {}
[50.947446] (-) TimerEvent: {}
[51.048515] (-) TimerEvent: {}
[51.149636] (-) TimerEvent: {}
[51.250572] (-) TimerEvent: {}
[51.351660] (-) TimerEvent: {}
[51.453030] (-) TimerEvent: {}
[51.554321] (-) TimerEvent: {}
[51.655387] (-) TimerEvent: {}
[51.756401] (-) TimerEvent: {}
[51.783881] (rae_camera) StdoutLine: {'line': b'-- Found ira_laser_tools: 2.0.7 (/underlay_ws/install/ira_laser_tools/share/ira_laser_tools/cmake)\n'}
[51.856655] (-) TimerEvent: {}
[51.957749] (-) TimerEvent: {}
[52.059035] (-) TimerEvent: {}
[52.160015] (-) TimerEvent: {}
[52.260979] (-) TimerEvent: {}
[52.361918] (-) TimerEvent: {}
[52.462913] (-) TimerEvent: {}
[52.563952] (-) TimerEvent: {}
[52.665012] (-) TimerEvent: {}
[52.765972] (-) TimerEvent: {}
[52.867344] (-) TimerEvent: {}
[52.942147] (rae_camera) StdoutLine: {'line': b'-- Found image_proc: 3.0.0 (/opt/ros/humble/share/image_proc/cmake)\n'}
[52.967673] (-) TimerEvent: {}
[53.069022] (-) TimerEvent: {}
[53.141633] (rae_camera) StdoutLine: {'line': b'-- Found laserscan_kinect: 1.1.0 (/underlay_ws/install/laserscan_kinect/share/laserscan_kinect/cmake)\n'}
[53.160879] (rae_camera) StdoutLine: {'line': b'-- Found OpenCV: /usr (found suitable version "4.5.4", minimum required is "4") found components: imgproc highgui \n'}
[53.169118] (-) TimerEvent: {}
[53.270082] (-) TimerEvent: {}
[53.371276] (-) TimerEvent: {}
[53.472448] (-) TimerEvent: {}
[53.573553] (-) TimerEvent: {}
[53.674600] (-) TimerEvent: {}
[53.776436] (-) TimerEvent: {}
[53.877431] (-) TimerEvent: {}
[53.978487] (-) TimerEvent: {}
[54.079544] (-) TimerEvent: {}
[54.180912] (-) TimerEvent: {}
[54.282316] (-) TimerEvent: {}
[54.350246] (rae_camera) StdoutLine: {'line': b'-- Configuring done\n'}
[54.382551] (-) TimerEvent: {}
[54.409400] (rae_camera) StderrLine: {'line': b'\x1b[33mCMake Warning (dev) at CMakeLists.txt:67 (add_executable):\n'}
[54.410094] (rae_camera) StderrLine: {'line': b'  Policy CMP0115 is not set: Source file extensions must be explicit.  Run\n'}
[54.410447] (rae_camera) StderrLine: {'line': b'  "cmake --help-policy CMP0115" for policy details.  Use the cmake_policy\n'}
[54.410771] (rae_camera) StderrLine: {'line': b'  command to set the policy and suppress this warning.\n'}
[54.411079] (rae_camera) StderrLine: {'line': b'\n'}
[54.411481] (rae_camera) StderrLine: {'line': b'  File:\n'}
[54.411807] (rae_camera) StderrLine: {'line': b'\n'}
[54.412152] (rae_camera) StderrLine: {'line': b'    /ws/src/rae-ros/rae_camera/src/perception_ipc_rtabmap.cpp\n'}
[54.412501] (rae_camera) StderrLine: {'line': b'This warning is for project developers.  Use -Wno-dev to suppress it.\n'}
[54.412849] (rae_camera) StderrLine: {'line': b'\x1b[0m\n'}
[54.482839] (-) TimerEvent: {}
[54.583872] (-) TimerEvent: {}
[54.684997] (-) TimerEvent: {}
[54.786064] (-) TimerEvent: {}
[54.887153] (-) TimerEvent: {}
[54.977689] (rae_camera) StdoutLine: {'line': b'-- Generating done\n'}
[54.987235] (-) TimerEvent: {}
[54.997760] (rae_camera) StdoutLine: {'line': b'-- Build files have been written to: /ws/build/rae_camera\n'}
[55.054298] (rae_camera) CommandEnded: {'returncode': 0}
[55.057852] (rae_camera) JobProgress: {'identifier': 'rae_camera', 'progress': 'build'}
[55.062726] (rae_camera) Command: {'cmd': ['/usr/bin/cmake', '--build', '/ws/build/rae_camera', '--', '-j12', '-l12'], 'cwd': '/ws/build/rae_camera', 'env': OrderedDict([('CMAKE_PREFIX_PATH', '/ws/install/rae_hw:/ws/install/rae_msgs:/ws/install/rae_description:/ws/install/rae_camera:/ws/install/rae_bringup:/underlay_ws/install/nav_layer_from_points:/underlay_ws/install/laserscan_kinect:/underlay_ws/install/ira_laser_tools:/underlay_ws/install/gst_bridge:/underlay_ws/install/depthai-ros:/underlay_ws/install/depthai_ros_driver:/underlay_ws/install/depthai_filters:/underlay_ws/install/depthai_examples:/underlay_ws/install/depthai_bridge:/underlay_ws/install/depthai_ros_msgs:/underlay_ws/install/depthai_descriptions:/underlay_ws/install/depth_sensor_pose:/underlay_ws/install/cliff_detector:/underlay_ws/install/audio_msgs:/underlay_ws/install/gst_pipeline:/opt/ros/humble'), ('COLCON', '1'), ('PYTHONPATH', '/ws/install/rae_msgs/local/lib/python3.10/dist-packages:/ws/install/rae_bringup/local/lib/python3.10/dist-packages:/underlay_ws/build/gst_pipeline:/underlay_ws/install/gst_pipeline/lib/python3.10/site-packages:/underlay_ws/install/depthai_ros_driver/local/lib/python3.10/dist-packages:/underlay_ws/install/depthai_ros_msgs/local/lib/python3.10/dist-packages:/underlay_ws/install/audio_msgs/local/lib/python3.10/dist-packages:/opt/ros/humble/lib/python3.10/site-packages:/opt/ros/humble/local/lib/python3.10/dist-packages'), ('LC_ALL', 'C.UTF-8'), ('PWD', '/ws/build/rae_camera'), ('DEBIAN_FRONTEND', 'noninteractive'), ('AMENT_PREFIX_PATH', '/ws/install/rae_hw:/ws/install/rae_msgs:/ws/install/rae_description:/ws/install/rae_camera:/ws/install/rae_bringup:/underlay_ws/install/nav_layer_from_points:/underlay_ws/install/laserscan_kinect:/underlay_ws/install/ira_laser_tools:/underlay_ws/install/gst_pipeline:/underlay_ws/install/gst_bridge:/underlay_ws/install/depthai-ros:/underlay_ws/install/depthai_ros_driver:/underlay_ws/install/depthai_filters:/underlay_ws/install/depthai_examples:/underlay_ws/install/depthai_bridge:/underlay_ws/install/depthai_ros_msgs:/underlay_ws/install/depthai_descriptions:/underlay_ws/install/depth_sensor_pose:/underlay_ws/install/cliff_detector:/underlay_ws/install/audio_msgs:/opt/ros/humble'), ('ROS_DOMAIN_ID', '0'), ('LS_COLORS', 'rs=0:di=01;34:ln=01;36:mh=00:pi=40;33:so=01;35:do=01;35:bd=40;33;01:cd=40;33;01:or=40;31;01:mi=00:su=37;41:sg=30;43:ca=30;41:tw=30;42:ow=34;42:st=37;44:ex=01;32:*.tar=01;31:*.tgz=01;31:*.arc=01;31:*.arj=01;31:*.taz=01;31:*.lha=01;31:*.lz4=01;31:*.lzh=01;31:*.lzma=01;31:*.tlz=01;31:*.txz=01;31:*.tzo=01;31:*.t7z=01;31:*.zip=01;31:*.z=01;31:*.dz=01;31:*.gz=01;31:*.lrz=01;31:*.lz=01;31:*.lzo=01;31:*.xz=01;31:*.zst=01;31:*.tzst=01;31:*.bz2=01;31:*.bz=01;31:*.tbz=01;31:*.tbz2=01;31:*.tz=01;31:*.deb=01;31:*.rpm=01;31:*.jar=01;31:*.war=01;31:*.ear=01;31:*.sar=01;31:*.rar=01;31:*.alz=01;31:*.ace=01;31:*.zoo=01;31:*.cpio=01;31:*.7z=01;31:*.rz=01;31:*.cab=01;31:*.wim=01;31:*.swm=01;31:*.dwm=01;31:*.esd=01;31:*.jpg=01;35:*.jpeg=01;35:*.mjpg=01;35:*.mjpeg=01;35:*.gif=01;35:*.bmp=01;35:*.pbm=01;35:*.pgm=01;35:*.ppm=01;35:*.tga=01;35:*.xbm=01;35:*.xpm=01;35:*.tif=01;35:*.tiff=01;35:*.png=01;35:*.svg=01;35:*.svgz=01;35:*.mng=01;35:*.pcx=01;35:*.mov=01;35:*.mpg=01;35:*.mpeg=01;35:*.m2v=01;35:*.mkv=01;35:*.webm=01;35:*.webp=01;35:*.ogm=01;35:*.mp4=01;35:*.m4v=01;35:*.mp4v=01;35:*.vob=01;35:*.qt=01;35:*.nuv=01;35:*.wmv=01;35:*.asf=01;35:*.rm=01;35:*.rmvb=01;35:*.flc=01;35:*.avi=01;35:*.fli=01;35:*.flv=01;35:*.gl=01;35:*.dl=01;35:*.xcf=01;35:*.xwd=01;35:*.yuv=01;35:*.cgm=01;35:*.emf=01;35:*.ogv=01;35:*.ogx=01;35:*.aac=00;36:*.au=00;36:*.flac=00;36:*.m4a=00;36:*.mid=00;36:*.midi=00;36:*.mka=00;36:*.mp3=00;36:*.mpc=00;36:*.ogg=00;36:*.ra=00;36:*.wav=00;36:*.oga=00;36:*.opus=00;36:*.spx=00;36:*.xspf=00;36:'), ('RMW_IMPLEMENTATION', 'rmw_fastrtps_cpp'), ('LANG', 'C.UTF-8'), ('DISPLAY', ':0'), ('PATH', '/opt/ros/humble/bin:/usr/local/sbin:/usr/local/bin:/usr/sbin:/usr/bin:/sbin:/bin'), ('ROS_LOCALHOST_ONLY', '0'), ('TERM', 'xterm'), ('ROS_VERSION', '2'), ('_', '/usr/bin/colcon'), ('ROS_DISTRO', 'humble'), ('COLCON_PREFIX_PATH', '/ws/install:/underlay_ws/install'), ('UNDERLAY_WS', '/underlay_ws'), ('ROS_PYTHON_VERSION', '3'), ('OLDPWD', '/ws/install'), ('HOME', '/root'), ('LD_LIBRARY_PATH', '/ws/install/rae_hw/lib:/ws/install/rae_msgs/lib:/underlay_ws/install/nav_layer_from_points/lib:/underlay_ws/install/laserscan_kinect/lib:/underlay_ws/install/ira_laser_tools/lib:/underlay_ws/install/gst_bridge/lib:/underlay_ws/install/depthai_ros_driver/lib:/underlay_ws/install/depthai_filters/lib:/underlay_ws/install/depthai_bridge/lib:/underlay_ws/install/depthai_ros_msgs/lib:/underlay_ws/install/depth_sensor_pose/lib:/underlay_ws/install/cliff_detector/lib:/underlay_ws/install/audio_msgs/lib:/opt/ros/humble/opt/rviz_ogre_vendor/lib:/opt/ros/humble/lib/aarch64-linux-gnu:/opt/ros/humble/lib'), ('SHLVL', '1'), ('HOSTNAME', 'MH-pc'), ('WS', '/ws')]), 'shell': False}
[55.087450] (-) TimerEvent: {}
[55.188336] (-) TimerEvent: {}
[55.289327] (-) TimerEvent: {}
[55.390159] (-) TimerEvent: {}
[55.490947] (-) TimerEvent: {}
[55.592099] (-) TimerEvent: {}
[55.693553] (-) TimerEvent: {}
[55.798953] (-) TimerEvent: {}
[55.900520] (-) TimerEvent: {}
[56.002164] (-) TimerEvent: {}
[56.103712] (-) TimerEvent: {}
[56.179539] (rae_camera) StdoutLine: {'line': b'[ 10%] \x1b[32mBuilding CXX object CMakeFiles/camera.dir/src/camera.cpp.o\x1b[0m\n'}
[56.203834] (-) TimerEvent: {}
[56.304882] (-) TimerEvent: {}
[56.406310] (-) TimerEvent: {}
[56.507725] (-) TimerEvent: {}
[56.609168] (-) TimerEvent: {}
[56.714356] (-) TimerEvent: {}
[56.815723] (-) TimerEvent: {}
[56.916821] (-) TimerEvent: {}
[57.017903] (-) TimerEvent: {}
[57.118952] (-) TimerEvent: {}
[57.220000] (-) TimerEvent: {}
[57.323842] (-) TimerEvent: {}
[57.424921] (-) TimerEvent: {}
[57.526011] (-) TimerEvent: {}
[57.627429] (-) TimerEvent: {}
[57.728836] (-) TimerEvent: {}
[57.830256] (-) TimerEvent: {}
[57.931641] (-) TimerEvent: {}
[58.037873] (-) TimerEvent: {}
[58.139482] (-) TimerEvent: {}
[58.241353] (-) TimerEvent: {}
[58.342693] (-) TimerEvent: {}
[58.447432] (-) TimerEvent: {}
[58.548659] (-) TimerEvent: {}
[58.650166] (-) TimerEvent: {}
[58.752293] (-) TimerEvent: {}
[58.853657] (-) TimerEvent: {}
[58.955117] (-) TimerEvent: {}
[59.056636] (-) TimerEvent: {}
[59.158211] (-) TimerEvent: {}
[59.259848] (-) TimerEvent: {}
[59.360915] (-) TimerEvent: {}
[59.462115] (-) TimerEvent: {}
[59.565695] (-) TimerEvent: {}
[59.667095] (-) TimerEvent: {}
[59.768196] (-) TimerEvent: {}
[59.869328] (-) TimerEvent: {}
[59.970846] (-) TimerEvent: {}
[60.072137] (-) TimerEvent: {}
[60.173499] (-) TimerEvent: {}
[60.274612] (-) TimerEvent: {}
[60.375767] (-) TimerEvent: {}
[60.477029] (-) TimerEvent: {}
[60.578184] (-) TimerEvent: {}
[60.679558] (-) TimerEvent: {}
[60.781106] (-) TimerEvent: {}
[60.882711] (-) TimerEvent: {}
[60.984147] (-) TimerEvent: {}
[61.085450] (-) TimerEvent: {}
[61.187060] (-) TimerEvent: {}
[61.288445] (-) TimerEvent: {}
[61.389811] (-) TimerEvent: {}
[61.490940] (-) TimerEvent: {}
[61.591943] (-) TimerEvent: {}
[61.693128] (-) TimerEvent: {}
[61.794487] (-) TimerEvent: {}
[61.895595] (-) TimerEvent: {}
[61.997035] (-) TimerEvent: {}
[62.098474] (-) TimerEvent: {}
[62.199631] (-) TimerEvent: {}
[62.300655] (-) TimerEvent: {}
[62.401796] (-) TimerEvent: {}
[62.503171] (-) TimerEvent: {}
[62.604244] (-) TimerEvent: {}
[62.706089] (-) TimerEvent: {}
[62.807596] (-) TimerEvent: {}
[62.909068] (-) TimerEvent: {}
[63.010617] (-) TimerEvent: {}
[63.112057] (-) TimerEvent: {}
[63.213554] (-) TimerEvent: {}
[63.315003] (-) TimerEvent: {}
[63.416508] (-) TimerEvent: {}
[63.517902] (-) TimerEvent: {}
[63.619031] (-) TimerEvent: {}
[63.720354] (-) TimerEvent: {}
[63.821383] (-) TimerEvent: {}
[63.922828] (-) TimerEvent: {}
[64.024559] (-) TimerEvent: {}
[64.126095] (-) TimerEvent: {}
[64.227827] (-) TimerEvent: {}
[64.329131] (-) TimerEvent: {}
[64.430160] (-) TimerEvent: {}
[64.531331] (-) TimerEvent: {}
[64.632539] (-) TimerEvent: {}
[64.733639] (-) TimerEvent: {}
[64.834928] (-) TimerEvent: {}
[64.936632] (-) TimerEvent: {}
[65.038257] (-) TimerEvent: {}
[65.139839] (-) TimerEvent: {}
[65.240864] (-) TimerEvent: {}
[65.341936] (-) TimerEvent: {}
[65.442958] (-) TimerEvent: {}
[65.544219] (-) TimerEvent: {}
[65.645730] (-) TimerEvent: {}
[65.747236] (-) TimerEvent: {}
[65.848742] (-) TimerEvent: {}
[65.950293] (-) TimerEvent: {}
[66.051704] (-) TimerEvent: {}
[66.152805] (-) TimerEvent: {}
[66.254438] (-) TimerEvent: {}
[66.355973] (-) TimerEvent: {}
[66.457166] (-) TimerEvent: {}
[66.565060] (-) TimerEvent: {}
[66.666246] (-) TimerEvent: {}
[66.767343] (-) TimerEvent: {}
[66.868434] (-) TimerEvent: {}
[66.974600] (-) TimerEvent: {}
[67.075705] (-) TimerEvent: {}
[67.176800] (-) TimerEvent: {}
[67.277845] (-) TimerEvent: {}
[67.379069] (-) TimerEvent: {}
[67.480061] (-) TimerEvent: {}
[67.581224] (-) TimerEvent: {}
[67.682372] (-) TimerEvent: {}
[67.783864] (-) TimerEvent: {}
[67.885277] (-) TimerEvent: {}
[67.986695] (-) TimerEvent: {}
[68.088270] (-) TimerEvent: {}
[68.189530] (-) TimerEvent: {}
[68.290708] (-) TimerEvent: {}
[68.391915] (-) TimerEvent: {}
[68.493157] (-) TimerEvent: {}
[68.594472] (-) TimerEvent: {}
[68.695756] (-) TimerEvent: {}
[68.796782] (-) TimerEvent: {}
[68.897829] (-) TimerEvent: {}
[68.998874] (-) TimerEvent: {}
[69.099931] (-) TimerEvent: {}
[69.200993] (-) TimerEvent: {}
[69.302095] (-) TimerEvent: {}
[69.403036] (-) TimerEvent: {}
[69.505734] (-) TimerEvent: {}
[69.607335] (-) TimerEvent: {}
[69.708809] (-) TimerEvent: {}
[69.810277] (-) TimerEvent: {}
[69.911688] (-) TimerEvent: {}
[70.013178] (-) TimerEvent: {}
[70.114643] (-) TimerEvent: {}
[70.216226] (-) TimerEvent: {}
[70.317542] (-) TimerEvent: {}
[70.418995] (-) TimerEvent: {}
[70.520812] (-) TimerEvent: {}
[70.622422] (-) TimerEvent: {}
[70.723825] (-) TimerEvent: {}
[70.825234] (-) TimerEvent: {}
[70.926638] (-) TimerEvent: {}
[71.030773] (-) TimerEvent: {}
[71.132127] (-) TimerEvent: {}
[71.233147] (-) TimerEvent: {}
[71.334555] (-) TimerEvent: {}
[71.435891] (-) TimerEvent: {}
[71.536932] (-) TimerEvent: {}
[71.638157] (-) TimerEvent: {}
[71.739303] (-) TimerEvent: {}
[71.840483] (-) TimerEvent: {}
[71.941800] (-) TimerEvent: {}
[72.043025] (-) TimerEvent: {}
[72.144221] (-) TimerEvent: {}
[72.245595] (-) TimerEvent: {}
[72.346835] (-) TimerEvent: {}
[72.448013] (-) TimerEvent: {}
[72.549155] (-) TimerEvent: {}
[72.651478] (-) TimerEvent: {}
[72.753242] (-) TimerEvent: {}
[72.854254] (-) TimerEvent: {}
[72.955317] (-) TimerEvent: {}
[73.056296] (-) TimerEvent: {}
[73.157352] (-) TimerEvent: {}
[73.258450] (-) TimerEvent: {}
[73.359559] (-) TimerEvent: {}
[73.465324] (-) TimerEvent: {}
[73.566358] (-) TimerEvent: {}
[73.667777] (-) TimerEvent: {}
[73.769190] (-) TimerEvent: {}
[73.870604] (-) TimerEvent: {}
[73.972028] (-) TimerEvent: {}
[74.073480] (-) TimerEvent: {}
[74.174960] (-) TimerEvent: {}
[74.276385] (-) TimerEvent: {}
[74.380859] (-) TimerEvent: {}
[74.482372] (-) TimerEvent: {}
[74.583800] (-) TimerEvent: {}
[74.685276] (-) TimerEvent: {}
[74.786712] (-) TimerEvent: {}
[74.888104] (-) TimerEvent: {}
[74.989545] (-) TimerEvent: {}
[75.090957] (-) TimerEvent: {}
[75.192003] (-) TimerEvent: {}
[75.293033] (-) TimerEvent: {}
[75.394083] (-) TimerEvent: {}
[75.495144] (-) TimerEvent: {}
[75.596195] (-) TimerEvent: {}
[75.697239] (-) TimerEvent: {}
[75.798691] (-) TimerEvent: {}
[75.900165] (-) TimerEvent: {}
[76.001336] (-) TimerEvent: {}
[76.102455] (-) TimerEvent: {}
[76.203527] (-) TimerEvent: {}
[76.305032] (-) TimerEvent: {}
[76.406414] (-) TimerEvent: {}
[76.507723] (-) TimerEvent: {}
[76.610308] (-) TimerEvent: {}
[76.711354] (-) TimerEvent: {}
[76.812374] (-) TimerEvent: {}
[76.913697] (-) TimerEvent: {}
[77.015184] (-) TimerEvent: {}
[77.117748] (-) TimerEvent: {}
[77.219309] (-) TimerEvent: {}
[77.321175] (-) TimerEvent: {}
[77.422252] (-) TimerEvent: {}
[77.523223] (-) TimerEvent: {}
[77.624207] (-) TimerEvent: {}
[77.725550] (-) TimerEvent: {}
[77.827006] (-) TimerEvent: {}
[77.928067] (-) TimerEvent: {}
[78.029472] (-) TimerEvent: {}
[78.132817] (-) TimerEvent: {}
[78.235402] (-) TimerEvent: {}
[78.336933] (-) TimerEvent: {}
[78.438392] (-) TimerEvent: {}
[78.539498] (-) TimerEvent: {}
[78.640506] (-) TimerEvent: {}
[78.741668] (-) TimerEvent: {}
[78.842744] (-) TimerEvent: {}
[78.943957] (-) TimerEvent: {}
[79.045818] (-) TimerEvent: {}
[79.148473] (-) TimerEvent: {}
[79.249635] (-) TimerEvent: {}
[79.350891] (-) TimerEvent: {}
[79.453414] (-) TimerEvent: {}
[79.554872] (-) TimerEvent: {}
[79.656105] (-) TimerEvent: {}
[79.757266] (-) TimerEvent: {}
[79.858318] (-) TimerEvent: {}
[79.959386] (-) TimerEvent: {}
[80.060470] (-) TimerEvent: {}
[80.161611] (-) TimerEvent: {}
[80.262910] (-) TimerEvent: {}
[80.363956] (-) TimerEvent: {}
[80.464908] (-) TimerEvent: {}
[80.566126] (-) TimerEvent: {}
[80.667275] (-) TimerEvent: {}
[80.768510] (-) TimerEvent: {}
[80.869659] (-) TimerEvent: {}
[80.970668] (-) TimerEvent: {}
[81.071779] (-) TimerEvent: {}
[81.173051] (-) TimerEvent: {}
[81.274124] (-) TimerEvent: {}
[81.375151] (-) TimerEvent: {}
[81.476202] (-) TimerEvent: {}
[81.577251] (-) TimerEvent: {}
[81.678659] (-) TimerEvent: {}
[81.779993] (-) TimerEvent: {}
[81.881463] (-) TimerEvent: {}
[81.982856] (-) TimerEvent: {}
[82.084053] (-) TimerEvent: {}
[82.185131] (-) TimerEvent: {}
[82.286149] (-) TimerEvent: {}
[82.387369] (-) TimerEvent: {}
[82.489187] (-) TimerEvent: {}
[82.590834] (-) TimerEvent: {}
[82.692104] (-) TimerEvent: {}
[82.793186] (-) TimerEvent: {}
[82.894385] (-) TimerEvent: {}
[82.995817] (-) TimerEvent: {}
[83.097241] (-) TimerEvent: {}
[83.198709] (-) TimerEvent: {}
[83.300002] (-) TimerEvent: {}
[83.401150] (-) TimerEvent: {}
[83.502295] (-) TimerEvent: {}
[83.603333] (-) TimerEvent: {}
[83.704785] (-) TimerEvent: {}
[83.805989] (-) TimerEvent: {}
[83.906945] (-) TimerEvent: {}
[84.008539] (-) TimerEvent: {}
[84.110257] (-) TimerEvent: {}
[84.211665] (-) TimerEvent: {}
[84.319240] (-) TimerEvent: {}
[84.420611] (-) TimerEvent: {}
[84.521907] (-) TimerEvent: {}
[84.623137] (-) TimerEvent: {}
[84.724288] (-) TimerEvent: {}
[84.828037] (-) TimerEvent: {}
[84.929039] (-) TimerEvent: {}
[85.030071] (-) TimerEvent: {}
[85.131082] (-) TimerEvent: {}
[85.232123] (-) TimerEvent: {}
[85.333205] (-) TimerEvent: {}
[85.434221] (-) TimerEvent: {}
[85.535258] (-) TimerEvent: {}
[85.636547] (-) TimerEvent: {}
[85.737736] (-) TimerEvent: {}
[85.839058] (-) TimerEvent: {}
[85.940280] (-) TimerEvent: {}
[86.049091] (-) TimerEvent: {}
[86.150242] (-) TimerEvent: {}
[86.251468] (-) TimerEvent: {}
[86.352470] (-) TimerEvent: {}
[86.453518] (-) TimerEvent: {}
[86.554539] (-) TimerEvent: {}
[86.655687] (-) TimerEvent: {}
[86.756995] (-) TimerEvent: {}
[86.858255] (-) TimerEvent: {}
[86.961028] (-) TimerEvent: {}
[87.062023] (-) TimerEvent: {}
[87.163189] (-) TimerEvent: {}
[87.264301] (-) TimerEvent: {}
[87.365373] (-) TimerEvent: {}
[87.466438] (-) TimerEvent: {}
[87.567578] (-) TimerEvent: {}
[87.669154] (-) TimerEvent: {}
[87.771033] (-) TimerEvent: {}
[87.872447] (-) TimerEvent: {}
[87.974452] (-) TimerEvent: {}
[88.075671] (-) TimerEvent: {}
[88.177161] (-) TimerEvent: {}
[88.278737] (-) TimerEvent: {}
[88.380282] (-) TimerEvent: {}
[88.481411] (-) TimerEvent: {}
[88.582515] (-) TimerEvent: {}
[88.683529] (-) TimerEvent: {}
[88.784590] (-) TimerEvent: {}
[88.885697] (-) TimerEvent: {}
[88.987046] (-) TimerEvent: {}
[89.088271] (-) TimerEvent: {}
[89.189597] (-) TimerEvent: {}
[89.290769] (-) TimerEvent: {}
[89.391818] (-) TimerEvent: {}
[89.492855] (-) TimerEvent: {}
[89.594091] (-) TimerEvent: {}
[89.695393] (-) TimerEvent: {}
[89.796376] (-) TimerEvent: {}
[89.897487] (-) TimerEvent: {}
[89.998917] (-) TimerEvent: {}
[90.100105] (-) TimerEvent: {}
[90.201182] (-) TimerEvent: {}
[90.302284] (-) TimerEvent: {}
[90.403292] (-) TimerEvent: {}
[90.504328] (-) TimerEvent: {}
[90.605415] (-) TimerEvent: {}
[90.706570] (-) TimerEvent: {}
[90.807791] (-) TimerEvent: {}
[90.908943] (-) TimerEvent: {}
[91.009922] (-) TimerEvent: {}
[91.110935] (-) TimerEvent: {}
[91.212065] (-) TimerEvent: {}
[91.313311] (-) TimerEvent: {}
[91.414485] (-) TimerEvent: {}
[91.515569] (-) TimerEvent: {}
[91.616637] (-) TimerEvent: {}
[91.718188] (-) TimerEvent: {}
[91.819408] (-) TimerEvent: {}
[91.920398] (-) TimerEvent: {}
[92.021777] (-) TimerEvent: {}
[92.122977] (-) TimerEvent: {}
[92.224460] (-) TimerEvent: {}
[92.326689] (-) TimerEvent: {}
[92.427779] (-) TimerEvent: {}
[92.528829] (-) TimerEvent: {}
[92.629913] (-) TimerEvent: {}
[92.731432] (-) TimerEvent: {}
[92.832529] (-) TimerEvent: {}
[92.933865] (-) TimerEvent: {}
[93.035245] (-) TimerEvent: {}
[93.136279] (-) TimerEvent: {}
[93.237358] (-) TimerEvent: {}
[93.338868] (-) TimerEvent: {}
[93.440585] (-) TimerEvent: {}
[93.541858] (-) TimerEvent: {}
[93.643433] (-) TimerEvent: {}
[93.745282] (-) TimerEvent: {}
[93.847259] (-) TimerEvent: {}
[93.949655] (-) TimerEvent: {}
[94.003558] (rae_camera) StderrLine: {'line': b'\x1b[01m\x1b[K/ws/src/rae-ros/rae_camera/src/camera.cpp:\x1b[m\x1b[K In function \xe2\x80\x98\x1b[01m\x1b[Kdai::Pipeline createPipeline(bool, bool)\x1b[m\x1b[K\xe2\x80\x99:\n'}
[94.006461] (rae_camera) StderrLine: {'line': b'\x1b[01m\x1b[K/ws/src/rae-ros/rae_camera/src/camera.cpp:29:56:\x1b[m\x1b[K \x1b[01;35m\x1b[Kwarning: \x1b[m\x1b[K\xe2\x80\x98\x1b[01m\x1b[Kdai::CameraBoardSocket::RGB\x1b[m\x1b[K\xe2\x80\x99 is deprecated [\x1b[01;35m\x1b[K-Wdeprecated-declarations\x1b[m\x1b[K]\n'}
[94.007097] (rae_camera) StderrLine: {'line': b'   29 |      camRgb->setBoardSocket(dai::CameraBoardSocket::\x1b[01;35m\x1b[KRGB\x1b[m\x1b[K);\n'}
[94.007589] (rae_camera) StderrLine: {'line': b'      |                                                     \x1b[01;35m\x1b[K^~~\x1b[m\x1b[K\n'}
[94.007928] (rae_camera) StderrLine: {'line': b'\n'}
[94.008254] (rae_camera) StderrLine: {'line': b'In file included from \x1b[01m\x1b[K/usr/local/include/depthai/common/CameraBoardSocket.hpp:5\x1b[m\x1b[K,\n'}
[94.008544] (rae_camera) StderrLine: {'line': b'                 from \x1b[01m\x1b[K/usr/local/include/depthai/device/DeviceBase.hpp:18\x1b[m\x1b[K,\n'}
[94.008898] (rae_camera) StderrLine: {'line': b'                 from \x1b[01m\x1b[K/usr/local/include/depthai/device/Device.hpp:14\x1b[m\x1b[K,\n'}
[94.009296] (rae_camera) StderrLine: {'line': b'                 from \x1b[01m\x1b[K/ws/src/rae-ros/rae_camera/src/camera.cpp:13\x1b[m\x1b[K:\n'}
[94.009705] (rae_camera) StderrLine: {'line': b'\x1b[01m\x1b[K/usr/local/include/depthai-shared/common/CameraBoardSocket.hpp:23:5:\x1b[m\x1b[K \x1b[01;36m\x1b[Knote: \x1b[m\x1b[Kdeclared here\n'}
[94.010059] (rae_camera) StderrLine: {'line': b'   23 |     \x1b[01;36m\x1b[KRGB\x1b[m\x1b[K [[deprecated]] = CAM_A,\n'}
[94.010441] (rae_camera) StderrLine: {'line': b'      |     \x1b[01;36m\x1b[K^~~\x1b[m\x1b[K\n'}
[94.010827] (rae_camera) StderrLine: {'line': b'\x1b[01m\x1b[K/ws/src/rae-ros/rae_camera/src/camera.cpp:29:56:\x1b[m\x1b[K \x1b[01;35m\x1b[Kwarning: \x1b[m\x1b[K\xe2\x80\x98\x1b[01m\x1b[Kdai::CameraBoardSocket::RGB\x1b[m\x1b[K\xe2\x80\x99 is deprecated [\x1b[01;35m\x1b[K-Wdeprecated-declarations\x1b[m\x1b[K]\n'}
[94.011261] (rae_camera) StderrLine: {'line': b'   29 |      camRgb->setBoardSocket(dai::CameraBoardSocket::\x1b[01;35m\x1b[KRGB\x1b[m\x1b[K);\n'}
[94.011667] (rae_camera) StderrLine: {'line': b'      |                                                     \x1b[01;35m\x1b[K^~~\x1b[m\x1b[K\n'}
[94.012086] (rae_camera) StderrLine: {'line': b'\n'}
[94.012507] (rae_camera) StderrLine: {'line': b'In file included from \x1b[01m\x1b[K/usr/local/include/depthai/common/CameraBoardSocket.hpp:5\x1b[m\x1b[K,\n'}
[94.012984] (rae_camera) StderrLine: {'line': b'                 from \x1b[01m\x1b[K/usr/local/include/depthai/device/DeviceBase.hpp:18\x1b[m\x1b[K,\n'}
[94.013328] (rae_camera) StderrLine: {'line': b'                 from \x1b[01m\x1b[K/usr/local/include/depthai/device/Device.hpp:14\x1b[m\x1b[K,\n'}
[94.013627] (rae_camera) StderrLine: {'line': b'                 from \x1b[01m\x1b[K/ws/src/rae-ros/rae_camera/src/camera.cpp:13\x1b[m\x1b[K:\n'}
[94.013925] (rae_camera) StderrLine: {'line': b'\x1b[01m\x1b[K/usr/local/include/depthai-shared/common/CameraBoardSocket.hpp:23:5:\x1b[m\x1b[K \x1b[01;36m\x1b[Knote: \x1b[m\x1b[Kdeclared here\n'}
[94.014254] (rae_camera) StderrLine: {'line': b'   23 |     \x1b[01;36m\x1b[KRGB\x1b[m\x1b[K [[deprecated]] = CAM_A,\n'}
[94.014551] (rae_camera) StderrLine: {'line': b'      |     \x1b[01;36m\x1b[K^~~\x1b[m\x1b[K\n'}
[94.025171] (rae_camera) StderrLine: {'line': b'\x1b[01m\x1b[K/ws/src/rae-ros/rae_camera/src/camera.cpp:58:55:\x1b[m\x1b[K \x1b[01;35m\x1b[Kwarning: \x1b[m\x1b[K\xe2\x80\x98\x1b[01m\x1b[Kdai::CameraBoardSocket::LEFT\x1b[m\x1b[K\xe2\x80\x99 is deprecated [\x1b[01;35m\x1b[K-Wdeprecated-declarations\x1b[m\x1b[K]\n'}
[94.026755] (rae_camera) StderrLine: {'line': b'   58 |  leftFront->setBoardSocket(dai::CameraBoardSocket::\x1b[01;35m\x1b[KLEFT\x1b[m\x1b[K);\n'}
[94.027273] (rae_camera) StderrLine: {'line': b'      |                                                    \x1b[01;35m\x1b[K^~~~\x1b[m\x1b[K\n'}
[94.027733] (rae_camera) StderrLine: {'line': b'\n'}
[94.028161] (rae_camera) StderrLine: {'line': b'In file included from \x1b[01m\x1b[K/usr/local/include/depthai/common/CameraBoardSocket.hpp:5\x1b[m\x1b[K,\n'}
[94.028590] (rae_camera) StderrLine: {'line': b'                 from \x1b[01m\x1b[K/usr/local/include/depthai/device/DeviceBase.hpp:18\x1b[m\x1b[K,\n'}
[94.028997] (rae_camera) StderrLine: {'line': b'                 from \x1b[01m\x1b[K/usr/local/include/depthai/device/Device.hpp:14\x1b[m\x1b[K,\n'}
[94.029390] (rae_camera) StderrLine: {'line': b'                 from \x1b[01m\x1b[K/ws/src/rae-ros/rae_camera/src/camera.cpp:13\x1b[m\x1b[K:\n'}
[94.029772] (rae_camera) StderrLine: {'line': b'\x1b[01m\x1b[K/usr/local/include/depthai-shared/common/CameraBoardSocket.hpp:25:5:\x1b[m\x1b[K \x1b[01;36m\x1b[Knote: \x1b[m\x1b[Kdeclared here\n'}
[94.030148] (rae_camera) StderrLine: {'line': b'   25 |     \x1b[01;36m\x1b[KLEFT\x1b[m\x1b[K [[deprecated]] = CAM_B,\n'}
[94.030513] (rae_camera) StderrLine: {'line': b'      |     \x1b[01;36m\x1b[K^~~~\x1b[m\x1b[K\n'}
[94.030870] (rae_camera) StderrLine: {'line': b'\x1b[01m\x1b[K/ws/src/rae-ros/rae_camera/src/camera.cpp:58:55:\x1b[m\x1b[K \x1b[01;35m\x1b[Kwarning: \x1b[m\x1b[K\xe2\x80\x98\x1b[01m\x1b[Kdai::CameraBoardSocket::LEFT\x1b[m\x1b[K\xe2\x80\x99 is deprecated [\x1b[01;35m\x1b[K-Wdeprecated-declarations\x1b[m\x1b[K]\n'}
[94.031258] (rae_camera) StderrLine: {'line': b'   58 |  leftFront->setBoardSocket(dai::CameraBoardSocket::\x1b[01;35m\x1b[KLEFT\x1b[m\x1b[K);\n'}
[94.031615] (rae_camera) StderrLine: {'line': b'      |                                                    \x1b[01;35m\x1b[K^~~~\x1b[m\x1b[K\n'}
[94.031962] (rae_camera) StderrLine: {'line': b'\n'}
[94.032307] (rae_camera) StderrLine: {'line': b'In file included from \x1b[01m\x1b[K/usr/local/include/depthai/common/CameraBoardSocket.hpp:5\x1b[m\x1b[K,\n'}
[94.032654] (rae_camera) StderrLine: {'line': b'                 from \x1b[01m\x1b[K/usr/local/include/depthai/device/DeviceBase.hpp:18\x1b[m\x1b[K,\n'}
[94.032985] (rae_camera) StderrLine: {'line': b'                 from \x1b[01m\x1b[K/usr/local/include/depthai/device/Device.hpp:14\x1b[m\x1b[K,\n'}
[94.033309] (rae_camera) StderrLine: {'line': b'                 from \x1b[01m\x1b[K/ws/src/rae-ros/rae_camera/src/camera.cpp:13\x1b[m\x1b[K:\n'}
[94.033656] (rae_camera) StderrLine: {'line': b'\x1b[01m\x1b[K/usr/local/include/depthai-shared/common/CameraBoardSocket.hpp:25:5:\x1b[m\x1b[K \x1b[01;36m\x1b[Knote: \x1b[m\x1b[Kdeclared here\n'}
[94.034033] (rae_camera) StderrLine: {'line': b'   25 |     \x1b[01;36m\x1b[KLEFT\x1b[m\x1b[K [[deprecated]] = CAM_B,\n'}
[94.034379] (rae_camera) StderrLine: {'line': b'      |     \x1b[01;36m\x1b[K^~~~\x1b[m\x1b[K\n'}
[94.034719] (rae_camera) StderrLine: {'line': b'\x1b[01m\x1b[K/ws/src/rae-ros/rae_camera/src/camera.cpp:60:56:\x1b[m\x1b[K \x1b[01;35m\x1b[Kwarning: \x1b[m\x1b[K\xe2\x80\x98\x1b[01m\x1b[Kdai::CameraBoardSocket::RIGHT\x1b[m\x1b[K\xe2\x80\x99 is deprecated [\x1b[01;35m\x1b[K-Wdeprecated-declarations\x1b[m\x1b[K]\n'}
[94.035074] (rae_camera) StderrLine: {'line': b'   60 | ightFront->setBoardSocket(dai::CameraBoardSocket::\x1b[01;35m\x1b[KRIGHT\x1b[m\x1b[K);\n'}
[94.035416] (rae_camera) StderrLine: {'line': b'      |                                                   \x1b[01;35m\x1b[K^~~~~\x1b[m\x1b[K\n'}
[94.035755] (rae_camera) StderrLine: {'line': b'\n'}
[94.036089] (rae_camera) StderrLine: {'line': b'In file included from \x1b[01m\x1b[K/usr/local/include/depthai/common/CameraBoardSocket.hpp:5\x1b[m\x1b[K,\n'}
[94.036431] (rae_camera) StderrLine: {'line': b'                 from \x1b[01m\x1b[K/usr/local/include/depthai/device/DeviceBase.hpp:18\x1b[m\x1b[K,\n'}
[94.036793] (rae_camera) StderrLine: {'line': b'                 from \x1b[01m\x1b[K/usr/local/include/depthai/device/Device.hpp:14\x1b[m\x1b[K,\n'}
[94.037145] (rae_camera) StderrLine: {'line': b'                 from \x1b[01m\x1b[K/ws/src/rae-ros/rae_camera/src/camera.cpp:13\x1b[m\x1b[K:\n'}
[94.037486] (rae_camera) StderrLine: {'line': b'\x1b[01m\x1b[K/usr/local/include/depthai-shared/common/CameraBoardSocket.hpp:26:5:\x1b[m\x1b[K \x1b[01;36m\x1b[Knote: \x1b[m\x1b[Kdeclared here\n'}
[94.037829] (rae_camera) StderrLine: {'line': b'   26 |     \x1b[01;36m\x1b[KRIGHT\x1b[m\x1b[K [[deprecated]] = CAM_C,\n'}
[94.038179] (rae_camera) StderrLine: {'line': b'      |     \x1b[01;36m\x1b[K^~~~~\x1b[m\x1b[K\n'}
[94.038525] (rae_camera) StderrLine: {'line': b'\x1b[01m\x1b[K/ws/src/rae-ros/rae_camera/src/camera.cpp:60:56:\x1b[m\x1b[K \x1b[01;35m\x1b[Kwarning: \x1b[m\x1b[K\xe2\x80\x98\x1b[01m\x1b[Kdai::CameraBoardSocket::RIGHT\x1b[m\x1b[K\xe2\x80\x99 is deprecated [\x1b[01;35m\x1b[K-Wdeprecated-declarations\x1b[m\x1b[K]\n'}
[94.038890] (rae_camera) StderrLine: {'line': b'   60 | ightFront->setBoardSocket(dai::CameraBoardSocket::\x1b[01;35m\x1b[KRIGHT\x1b[m\x1b[K);\n'}
[94.039362] (rae_camera) StderrLine: {'line': b'      |                                                   \x1b[01;35m\x1b[K^~~~~\x1b[m\x1b[K\n'}
[94.039740] (rae_camera) StderrLine: {'line': b'\n'}
[94.040084] (rae_camera) StderrLine: {'line': b'In file included from \x1b[01m\x1b[K/usr/local/include/depthai/common/CameraBoardSocket.hpp:5\x1b[m\x1b[K,\n'}
[94.040444] (rae_camera) StderrLine: {'line': b'                 from \x1b[01m\x1b[K/usr/local/include/depthai/device/DeviceBase.hpp:18\x1b[m\x1b[K,\n'}
[94.040829] (rae_camera) StderrLine: {'line': b'                 from \x1b[01m\x1b[K/usr/local/include/depthai/device/Device.hpp:14\x1b[m\x1b[K,\n'}
[94.041191] (rae_camera) StderrLine: {'line': b'                 from \x1b[01m\x1b[K/ws/src/rae-ros/rae_camera/src/camera.cpp:13\x1b[m\x1b[K:\n'}
[94.041534] (rae_camera) StderrLine: {'line': b'\x1b[01m\x1b[K/usr/local/include/depthai-shared/common/CameraBoardSocket.hpp:26:5:\x1b[m\x1b[K \x1b[01;36m\x1b[Knote: \x1b[m\x1b[Kdeclared here\n'}
[94.041882] (rae_camera) StderrLine: {'line': b'   26 |     \x1b[01;36m\x1b[KRIGHT\x1b[m\x1b[K [[deprecated]] = CAM_C,\n'}
[94.042228] (rae_camera) StderrLine: {'line': b'      |     \x1b[01;36m\x1b[K^~~~~\x1b[m\x1b[K\n'}
[94.050215] (-) TimerEvent: {}
[94.148965] (rae_camera) StderrLine: {'line': b'\x1b[01m\x1b[K/ws/src/rae-ros/rae_camera/src/camera.cpp:\x1b[m\x1b[K In function \xe2\x80\x98\x1b[01m\x1b[Kint main(int, char**)\x1b[m\x1b[K\xe2\x80\x99:\n'}
[94.150607] (-) TimerEvent: {}
[94.151191] (rae_camera) StderrLine: {'line': b'\x1b[01m\x1b[K/ws/src/rae-ros/rae_camera/src/camera.cpp:198:135:\x1b[m\x1b[K \x1b[01;35m\x1b[Kwarning: \x1b[m\x1b[K\xe2\x80\x98\x1b[01m\x1b[Kdai::CameraBoardSocket::RIGHT\x1b[m\x1b[K\xe2\x80\x99 is deprecated [\x1b[01;35m\x1b[K-Wdeprecated-declarations\x1b[m\x1b[K]\n'}
[94.151657] (rae_camera) StderrLine: {'line': b'  198 | o(calibrationHandler, dai::CameraBoardSocket::\x1b[01;35m\x1b[KRIGHT\x1b[m\x1b[K, width, height);;\n'}
[94.152091] (rae_camera) StderrLine: {'line': b'      |                                               \x1b[01;35m\x1b[K^~~~~\x1b[m\x1b[K\n'}
[94.152498] (rae_camera) StderrLine: {'line': b'\n'}
[94.152919] (rae_camera) StderrLine: {'line': b'In file included from \x1b[01m\x1b[K/usr/local/include/depthai/common/CameraBoardSocket.hpp:5\x1b[m\x1b[K,\n'}
[94.153323] (rae_camera) StderrLine: {'line': b'                 from \x1b[01m\x1b[K/usr/local/include/depthai/device/DeviceBase.hpp:18\x1b[m\x1b[K,\n'}
[94.153714] (rae_camera) StderrLine: {'line': b'                 from \x1b[01m\x1b[K/usr/local/include/depthai/device/Device.hpp:14\x1b[m\x1b[K,\n'}
[94.154081] (rae_camera) StderrLine: {'line': b'                 from \x1b[01m\x1b[K/ws/src/rae-ros/rae_camera/src/camera.cpp:13\x1b[m\x1b[K:\n'}
[94.154440] (rae_camera) StderrLine: {'line': b'\x1b[01m\x1b[K/usr/local/include/depthai-shared/common/CameraBoardSocket.hpp:26:5:\x1b[m\x1b[K \x1b[01;36m\x1b[Knote: \x1b[m\x1b[Kdeclared here\n'}
[94.154796] (rae_camera) StderrLine: {'line': b'   26 |     \x1b[01;36m\x1b[KRIGHT\x1b[m\x1b[K [[deprecated]] = CAM_C,\n'}
[94.155144] (rae_camera) StderrLine: {'line': b'      |     \x1b[01;36m\x1b[K^~~~~\x1b[m\x1b[K\n'}
[94.155493] (rae_camera) StderrLine: {'line': b'\x1b[01m\x1b[K/ws/src/rae-ros/rae_camera/src/camera.cpp:198:135:\x1b[m\x1b[K \x1b[01;35m\x1b[Kwarning: \x1b[m\x1b[K\xe2\x80\x98\x1b[01m\x1b[Kdai::CameraBoardSocket::RIGHT\x1b[m\x1b[K\xe2\x80\x99 is deprecated [\x1b[01;35m\x1b[K-Wdeprecated-declarations\x1b[m\x1b[K]\n'}
[94.155852] (rae_camera) StderrLine: {'line': b'  198 | o(calibrationHandler, dai::CameraBoardSocket::\x1b[01;35m\x1b[KRIGHT\x1b[m\x1b[K, width, height);;\n'}
[94.156247] (rae_camera) StderrLine: {'line': b'      |                                               \x1b[01;35m\x1b[K^~~~~\x1b[m\x1b[K\n'}
[94.156606] (rae_camera) StderrLine: {'line': b'\n'}
[94.156913] (rae_camera) StderrLine: {'line': b'In file included from \x1b[01m\x1b[K/usr/local/include/depthai/common/CameraBoardSocket.hpp:5\x1b[m\x1b[K,\n'}
[94.157275] (rae_camera) StderrLine: {'line': b'                 from \x1b[01m\x1b[K/usr/local/include/depthai/device/DeviceBase.hpp:18\x1b[m\x1b[K,\n'}
[94.157624] (rae_camera) StderrLine: {'line': b'                 from \x1b[01m\x1b[K/usr/local/include/depthai/device/Device.hpp:14\x1b[m\x1b[K,\n'}
[94.157968] (rae_camera) StderrLine: {'line': b'                 from \x1b[01m\x1b[K/ws/src/rae-ros/rae_camera/src/camera.cpp:13\x1b[m\x1b[K:\n'}
[94.158313] (rae_camera) StderrLine: {'line': b'\x1b[01m\x1b[K/usr/local/include/depthai-shared/common/CameraBoardSocket.hpp:26:5:\x1b[m\x1b[K \x1b[01;36m\x1b[Knote: \x1b[m\x1b[Kdeclared here\n'}
[94.158656] (rae_camera) StderrLine: {'line': b'   26 |     \x1b[01;36m\x1b[KRIGHT\x1b[m\x1b[K [[deprecated]] = CAM_C,\n'}
[94.159009] (rae_camera) StderrLine: {'line': b'      |     \x1b[01;36m\x1b[K^~~~~\x1b[m\x1b[K\n'}
[94.251153] (-) TimerEvent: {}
[94.353441] (-) TimerEvent: {}
[94.457665] (-) TimerEvent: {}
[94.559265] (-) TimerEvent: {}
[94.661209] (-) TimerEvent: {}
[94.762913] (-) TimerEvent: {}
[94.864505] (-) TimerEvent: {}
[94.966326] (-) TimerEvent: {}
[95.067312] (-) TimerEvent: {}
[95.168285] (-) TimerEvent: {}
[95.269370] (-) TimerEvent: {}
[95.370473] (-) TimerEvent: {}
[95.471513] (-) TimerEvent: {}
[95.573007] (-) TimerEvent: {}
[95.675053] (-) TimerEvent: {}
[95.777074] (-) TimerEvent: {}
[95.878443] (-) TimerEvent: {}
[95.979733] (-) TimerEvent: {}
[96.080828] (-) TimerEvent: {}
[96.181923] (-) TimerEvent: {}
[96.283969] (-) TimerEvent: {}
[96.385973] (-) TimerEvent: {}
[96.487395] (-) TimerEvent: {}
[96.588394] (-) TimerEvent: {}
[96.689389] (-) TimerEvent: {}
[96.790422] (-) TimerEvent: {}
[96.891677] (-) TimerEvent: {}
[96.993296] (-) TimerEvent: {}
[97.094611] (-) TimerEvent: {}
[97.196449] (-) TimerEvent: {}
[97.297663] (-) TimerEvent: {}
[97.398760] (-) TimerEvent: {}
[97.500000] (-) TimerEvent: {}
[97.601241] (-) TimerEvent: {}
[97.702522] (-) TimerEvent: {}
[97.803829] (-) TimerEvent: {}
[97.904794] (-) TimerEvent: {}
[98.005848] (-) TimerEvent: {}
[98.107204] (-) TimerEvent: {}
[98.208636] (-) TimerEvent: {}
[98.309786] (-) TimerEvent: {}
[98.411324] (-) TimerEvent: {}
[98.512739] (-) TimerEvent: {}
[98.614150] (-) TimerEvent: {}
[98.715140] (-) TimerEvent: {}
[98.816294] (-) TimerEvent: {}
[98.918394] (-) TimerEvent: {}
[99.019999] (-) TimerEvent: {}
[99.121307] (-) TimerEvent: {}
[99.222516] (-) TimerEvent: {}
[99.323592] (-) TimerEvent: {}
[99.425486] (-) TimerEvent: {}
[99.533126] (-) TimerEvent: {}
[99.634241] (-) TimerEvent: {}
[99.735278] (-) TimerEvent: {}
[99.836264] (-) TimerEvent: {}
[99.937292] (-) TimerEvent: {}
[100.038270] (-) TimerEvent: {}
[100.139512] (-) TimerEvent: {}
[100.240499] (-) TimerEvent: {}
[100.341504] (-) TimerEvent: {}
[100.442543] (-) TimerEvent: {}
[100.543611] (-) TimerEvent: {}
[100.644542] (-) TimerEvent: {}
[100.745542] (-) TimerEvent: {}
[100.846568] (-) TimerEvent: {}
[100.947534] (-) TimerEvent: {}
[101.048606] (-) TimerEvent: {}
[101.149919] (-) TimerEvent: {}
[101.250991] (-) TimerEvent: {}
[101.352058] (-) TimerEvent: {}
[101.453101] (-) TimerEvent: {}
[101.554223] (-) TimerEvent: {}
[101.655501] (-) TimerEvent: {}
[101.756567] (-) TimerEvent: {}
[101.857605] (-) TimerEvent: {}
[101.958505] (-) TimerEvent: {}
[102.059517] (-) TimerEvent: {}
[102.160580] (-) TimerEvent: {}
[102.261648] (-) TimerEvent: {}
[102.362790] (-) TimerEvent: {}
[102.464005] (-) TimerEvent: {}
[102.565663] (-) TimerEvent: {}
[102.667054] (-) TimerEvent: {}
[102.768127] (-) TimerEvent: {}
[102.869414] (-) TimerEvent: {}
[102.970448] (-) TimerEvent: {}
[103.071422] (-) TimerEvent: {}
[103.172402] (-) TimerEvent: {}
[103.273553] (-) TimerEvent: {}
[103.374463] (-) TimerEvent: {}
[103.479043] (-) TimerEvent: {}
[103.580347] (-) TimerEvent: {}
[103.681433] (-) TimerEvent: {}
[103.782460] (-) TimerEvent: {}
[103.883619] (-) TimerEvent: {}
[103.984611] (-) TimerEvent: {}
[104.085623] (-) TimerEvent: {}
[104.186714] (-) TimerEvent: {}
[104.287741] (-) TimerEvent: {}
[104.388911] (-) TimerEvent: {}
[104.489907] (-) TimerEvent: {}
[104.591031] (-) TimerEvent: {}
[104.692047] (-) TimerEvent: {}
[104.793383] (-) TimerEvent: {}
[104.894509] (-) TimerEvent: {}
[104.995528] (-) TimerEvent: {}
[105.096524] (-) TimerEvent: {}
[105.197558] (-) TimerEvent: {}
[105.298764] (-) TimerEvent: {}
[105.400002] (-) TimerEvent: {}
[105.501235] (-) TimerEvent: {}
[105.602278] (-) TimerEvent: {}
[105.703268] (-) TimerEvent: {}
[105.804547] (-) TimerEvent: {}
[105.905719] (-) TimerEvent: {}
[106.006842] (-) TimerEvent: {}
[106.107879] (-) TimerEvent: {}
[106.208973] (-) TimerEvent: {}
[106.310030] (-) TimerEvent: {}
[106.411155] (-) TimerEvent: {}
[106.512767] (-) TimerEvent: {}
[106.613882] (-) TimerEvent: {}
[106.714953] (-) TimerEvent: {}
[106.815945] (-) TimerEvent: {}
[106.916918] (-) TimerEvent: {}
[107.017904] (-) TimerEvent: {}
[107.119047] (-) TimerEvent: {}
[107.220396] (-) TimerEvent: {}
[107.321901] (-) TimerEvent: {}
[107.423232] (-) TimerEvent: {}
[107.524510] (-) TimerEvent: {}
[107.625678] (-) TimerEvent: {}
[107.726687] (-) TimerEvent: {}
[107.827693] (-) TimerEvent: {}
[107.928686] (-) TimerEvent: {}
[108.029832] (-) TimerEvent: {}
[108.130945] (-) TimerEvent: {}
[108.232241] (-) TimerEvent: {}
[108.333302] (-) TimerEvent: {}
[108.434353] (-) TimerEvent: {}
[108.535342] (-) TimerEvent: {}
[108.636141] (-) TimerEvent: {}
[108.737101] (-) TimerEvent: {}
[108.838100] (-) TimerEvent: {}
[108.939096] (-) TimerEvent: {}
[109.040071] (-) TimerEvent: {}
[109.141094] (-) TimerEvent: {}
[109.242111] (-) TimerEvent: {}
[109.343529] (-) TimerEvent: {}
[109.444991] (-) TimerEvent: {}
[109.546454] (-) TimerEvent: {}
[109.648300] (-) TimerEvent: {}
[109.749718] (-) TimerEvent: {}
[109.857841] (-) TimerEvent: {}
[109.959382] (-) TimerEvent: {}
[110.063889] (-) TimerEvent: {}
[110.165309] (-) TimerEvent: {}
[110.266761] (-) TimerEvent: {}
[110.368182] (-) TimerEvent: {}
[110.469648] (-) TimerEvent: {}
[110.571039] (-) TimerEvent: {}
[110.672436] (-) TimerEvent: {}
[110.773931] (-) TimerEvent: {}
[110.875359] (-) TimerEvent: {}
[110.976843] (-) TimerEvent: {}
[111.078281] (-) TimerEvent: {}
[111.179423] (-) TimerEvent: {}
[111.280423] (-) TimerEvent: {}
[111.381879] (-) TimerEvent: {}
[111.483269] (-) TimerEvent: {}
[111.584680] (-) TimerEvent: {}
[111.686301] (-) TimerEvent: {}
[111.787925] (-) TimerEvent: {}
[111.888896] (-) TimerEvent: {}
[111.989915] (-) TimerEvent: {}
[112.091129] (-) TimerEvent: {}
[112.192303] (-) TimerEvent: {}
[112.293845] (-) TimerEvent: {}
[112.409111] (-) TimerEvent: {}
[112.510606] (-) TimerEvent: {}
[112.612092] (-) TimerEvent: {}
[112.713560] (-) TimerEvent: {}
[112.814974] (-) TimerEvent: {}
[112.916466] (-) TimerEvent: {}
[113.018317] (-) TimerEvent: {}
[113.119735] (-) TimerEvent: {}
[113.221086] (-) TimerEvent: {}
[113.322230] (-) TimerEvent: {}
[113.423728] (-) TimerEvent: {}
[113.525034] (-) TimerEvent: {}
[113.626308] (-) TimerEvent: {}
[113.727807] (-) TimerEvent: {}
[113.828818] (-) TimerEvent: {}
[113.929806] (-) TimerEvent: {}
[114.030836] (-) TimerEvent: {}
[114.131902] (-) TimerEvent: {}
[114.232983] (-) TimerEvent: {}
[114.334088] (-) TimerEvent: {}
[114.435365] (-) TimerEvent: {}
[114.536871] (-) TimerEvent: {}
[114.638136] (-) TimerEvent: {}
[114.739092] (-) TimerEvent: {}
[114.840280] (-) TimerEvent: {}
[114.941849] (-) TimerEvent: {}
[115.043243] (-) TimerEvent: {}
[115.144303] (-) TimerEvent: {}
[115.245515] (-) TimerEvent: {}
[115.346931] (-) TimerEvent: {}
[115.448096] (-) TimerEvent: {}
[115.549548] (-) TimerEvent: {}
[115.650521] (-) TimerEvent: {}
[115.751457] (-) TimerEvent: {}
[115.852416] (-) TimerEvent: {}
[115.953697] (-) TimerEvent: {}
[116.055953] (-) TimerEvent: {}
[116.157481] (-) TimerEvent: {}
[116.258814] (-) TimerEvent: {}
[116.360889] (-) TimerEvent: {}
[116.462207] (-) TimerEvent: {}
[116.563643] (-) TimerEvent: {}
[116.664992] (-) TimerEvent: {}
[116.766354] (-) TimerEvent: {}
[116.867788] (-) TimerEvent: {}
[116.969240] (-) TimerEvent: {}
[117.070669] (-) TimerEvent: {}
[117.172403] (-) TimerEvent: {}
[117.273379] (-) TimerEvent: {}
[117.374551] (-) TimerEvent: {}
[117.475706] (-) TimerEvent: {}
[117.576719] (-) TimerEvent: {}
[117.677799] (-) TimerEvent: {}
[117.778868] (-) TimerEvent: {}
[117.879881] (-) TimerEvent: {}
[117.980945] (-) TimerEvent: {}
[118.082063] (-) TimerEvent: {}
[118.183115] (-) TimerEvent: {}
[118.284273] (-) TimerEvent: {}
[118.385427] (-) TimerEvent: {}
[118.486545] (-) TimerEvent: {}
[118.587614] (-) TimerEvent: {}
[118.688815] (-) TimerEvent: {}
[118.789954] (-) TimerEvent: {}
[118.891504] (-) TimerEvent: {}
[118.992733] (-) TimerEvent: {}
[119.093885] (-) TimerEvent: {}
[119.195028] (-) TimerEvent: {}
[119.296069] (-) TimerEvent: {}
[119.397027] (-) TimerEvent: {}
[119.498100] (-) TimerEvent: {}
[119.599676] (-) TimerEvent: {}
[119.703701] (-) TimerEvent: {}
[119.804864] (-) TimerEvent: {}
[119.906080] (-) TimerEvent: {}
[120.007487] (-) TimerEvent: {}
[120.108428] (-) TimerEvent: {}
[120.209561] (-) TimerEvent: {}
[120.310740] (-) TimerEvent: {}
[120.411935] (-) TimerEvent: {}
[120.513139] (-) TimerEvent: {}
[120.614253] (-) TimerEvent: {}
[120.715288] (-) TimerEvent: {}
[120.816736] (-) TimerEvent: {}
[120.918316] (-) TimerEvent: {}
[121.019639] (-) TimerEvent: {}
[121.121015] (-) TimerEvent: {}
[121.222375] (-) TimerEvent: {}
[121.323598] (-) TimerEvent: {}
[121.424658] (-) TimerEvent: {}
[121.525686] (-) TimerEvent: {}
[121.627223] (-) TimerEvent: {}
[121.728326] (-) TimerEvent: {}
[121.829487] (-) TimerEvent: {}
[121.930613] (-) TimerEvent: {}
[122.031615] (-) TimerEvent: {}
[122.137160] (-) TimerEvent: {}
[122.238610] (-) TimerEvent: {}
[122.340547] (-) TimerEvent: {}
[122.443660] (-) TimerEvent: {}
[122.544978] (-) TimerEvent: {}
[122.646260] (-) TimerEvent: {}
[122.747552] (-) TimerEvent: {}
[122.848945] (-) TimerEvent: {}
[122.951244] (-) TimerEvent: {}
[123.052613] (-) TimerEvent: {}
[123.153647] (-) TimerEvent: {}
[123.254677] (-) TimerEvent: {}
[123.355642] (-) TimerEvent: {}
[123.456721] (-) TimerEvent: {}
[123.557719] (-) TimerEvent: {}
[123.658742] (-) TimerEvent: {}
[123.759771] (-) TimerEvent: {}
[123.860815] (-) TimerEvent: {}
[123.961851] (-) TimerEvent: {}
[124.062835] (-) TimerEvent: {}
[124.163911] (-) TimerEvent: {}
[124.264982] (-) TimerEvent: {}
[124.366284] (-) TimerEvent: {}
[124.467584] (-) TimerEvent: {}
[124.568936] (-) TimerEvent: {}
[124.670252] (-) TimerEvent: {}
[124.771625] (-) TimerEvent: {}
[124.872717] (-) TimerEvent: {}
[124.973943] (-) TimerEvent: {}
[125.074947] (-) TimerEvent: {}
[125.176166] (-) TimerEvent: {}
[125.277163] (-) TimerEvent: {}
[125.378438] (-) TimerEvent: {}
[125.479830] (-) TimerEvent: {}
[125.580966] (-) TimerEvent: {}
[125.681994] (-) TimerEvent: {}
[125.783122] (-) TimerEvent: {}
[125.884385] (-) TimerEvent: {}
[125.985684] (-) TimerEvent: {}
[126.090835] (-) TimerEvent: {}
[126.191998] (-) TimerEvent: {}
[126.293052] (-) TimerEvent: {}
[126.397474] (-) TimerEvent: {}
[126.499242] (-) TimerEvent: {}
[126.601329] (-) TimerEvent: {}
[126.702741] (-) TimerEvent: {}
[126.804199] (-) TimerEvent: {}
[126.905699] (-) TimerEvent: {}
[127.006965] (-) TimerEvent: {}
[127.108259] (-) TimerEvent: {}
[127.209583] (-) TimerEvent: {}
[127.310905] (-) TimerEvent: {}
[127.412215] (-) TimerEvent: {}
[127.514863] (-) TimerEvent: {}
[127.615911] (-) TimerEvent: {}
[127.716966] (-) TimerEvent: {}
[127.817968] (-) TimerEvent: {}
[127.918956] (-) TimerEvent: {}
[128.019958] (-) TimerEvent: {}
[128.120950] (-) TimerEvent: {}
[128.221939] (-) TimerEvent: {}
[128.322943] (-) TimerEvent: {}
[128.424123] (-) TimerEvent: {}
[128.525490] (-) TimerEvent: {}
[128.626501] (-) TimerEvent: {}
[128.727809] (-) TimerEvent: {}
[128.828801] (-) TimerEvent: {}
[128.929801] (-) TimerEvent: {}
[129.030880] (-) TimerEvent: {}
[129.132273] (-) TimerEvent: {}
[129.233251] (-) TimerEvent: {}
[129.335061] (-) TimerEvent: {}
[129.437106] (-) TimerEvent: {}
[129.538101] (-) TimerEvent: {}
[129.639261] (-) TimerEvent: {}
[129.740750] (-) TimerEvent: {}
[129.842394] (-) TimerEvent: {}
[129.943347] (-) TimerEvent: {}
[130.044633] (-) TimerEvent: {}
[130.145980] (-) TimerEvent: {}
[130.247085] (-) TimerEvent: {}
[130.348128] (-) TimerEvent: {}
[130.449165] (-) TimerEvent: {}
[130.550160] (-) TimerEvent: {}
[130.651213] (-) TimerEvent: {}
[130.752657] (-) TimerEvent: {}
[130.853953] (-) TimerEvent: {}
[130.955419] (-) TimerEvent: {}
[131.056641] (-) TimerEvent: {}
[131.157836] (-) TimerEvent: {}
[131.259081] (-) TimerEvent: {}
[131.360229] (-) TimerEvent: {}
[131.461395] (-) TimerEvent: {}
[131.562517] (-) TimerEvent: {}
[131.663664] (-) TimerEvent: {}
[131.764749] (-) TimerEvent: {}
[131.865871] (-) TimerEvent: {}
[131.966880] (-) TimerEvent: {}
[132.068233] (-) TimerEvent: {}
[132.169491] (-) TimerEvent: {}
[132.270493] (-) TimerEvent: {}
[132.371573] (-) TimerEvent: {}
[132.472564] (-) TimerEvent: {}
[132.573594] (-) TimerEvent: {}
[132.674562] (-) TimerEvent: {}
[132.775570] (-) TimerEvent: {}
[132.876628] (-) TimerEvent: {}
[132.977767] (-) TimerEvent: {}
[133.078977] (-) TimerEvent: {}
[133.179987] (-) TimerEvent: {}
[133.281420] (-) TimerEvent: {}
[133.382730] (-) TimerEvent: {}
[133.483756] (-) TimerEvent: {}
[133.584789] (-) TimerEvent: {}
[133.685859] (-) TimerEvent: {}
[133.787356] (-) TimerEvent: {}
[133.888883] (-) TimerEvent: {}
[133.990128] (-) TimerEvent: {}
[134.091343] (-) TimerEvent: {}
[134.192492] (-) TimerEvent: {}
[134.294013] (-) TimerEvent: {}
[134.395412] (-) TimerEvent: {}
[134.496515] (-) TimerEvent: {}
[134.597596] (-) TimerEvent: {}
[134.698864] (-) TimerEvent: {}
[134.799847] (-) TimerEvent: {}
[134.901227] (-) TimerEvent: {}
[135.002770] (-) TimerEvent: {}
[135.104422] (-) TimerEvent: {}
[135.206964] (-) TimerEvent: {}
[135.308444] (-) TimerEvent: {}
[135.409932] (-) TimerEvent: {}
[135.511229] (-) TimerEvent: {}
[135.612447] (-) TimerEvent: {}
[135.713824] (-) TimerEvent: {}
[135.814952] (-) TimerEvent: {}
[135.824685] (rae_camera) StdoutLine: {'line': b'[ 20%] \x1b[32m\x1b[1mLinking CXX executable camera\x1b[0m\n'}
[135.915222] (-) TimerEvent: {}
[136.016231] (-) TimerEvent: {}
[136.117281] (-) TimerEvent: {}
[136.218273] (-) TimerEvent: {}
[136.319368] (-) TimerEvent: {}
[136.420369] (-) TimerEvent: {}
[136.521416] (-) TimerEvent: {}
[136.622510] (-) TimerEvent: {}
[136.723484] (-) TimerEvent: {}
[136.824482] (-) TimerEvent: {}
[136.925492] (-) TimerEvent: {}
[137.026795] (-) TimerEvent: {}
[137.127961] (-) TimerEvent: {}
[137.229117] (-) TimerEvent: {}
[137.330424] (-) TimerEvent: {}
[137.431749] (-) TimerEvent: {}
[137.532838] (-) TimerEvent: {}
[137.634238] (-) TimerEvent: {}
[137.735303] (-) TimerEvent: {}
[137.836384] (-) TimerEvent: {}
[137.937434] (-) TimerEvent: {}
[138.038870] (-) TimerEvent: {}
[138.140684] (-) TimerEvent: {}
[138.242390] (-) TimerEvent: {}
[138.343404] (-) TimerEvent: {}
[138.444499] (-) TimerEvent: {}
[138.546208] (-) TimerEvent: {}
[138.647473] (-) TimerEvent: {}
[138.749018] (-) TimerEvent: {}
[138.854024] (-) TimerEvent: {}
[138.958195] (-) TimerEvent: {}
[139.059897] (-) TimerEvent: {}
[139.145868] (rae_camera) StdoutLine: {'line': b'[ 20%] Built target camera\n'}
[139.160806] (-) TimerEvent: {}
[139.264107] (-) TimerEvent: {}
[139.366178] (-) TimerEvent: {}
[139.467395] (-) TimerEvent: {}
[139.569462] (-) TimerEvent: {}
[139.619643] (rae_camera) StdoutLine: {'line': b'[ 30%] \x1b[32mBuilding CXX object CMakeFiles/perception_ipc_rtabmap.dir/src/perception_ipc_rtabmap.cpp.o\x1b[0m\n'}
[139.669734] (-) TimerEvent: {}
[139.771172] (-) TimerEvent: {}
[139.872222] (-) TimerEvent: {}
[139.973338] (-) TimerEvent: {}
[140.074425] (-) TimerEvent: {}
[140.175543] (-) TimerEvent: {}
[140.277033] (-) TimerEvent: {}
[140.379897] (-) TimerEvent: {}
[140.481221] (-) TimerEvent: {}
[140.582423] (-) TimerEvent: {}
[140.683382] (-) TimerEvent: {}
[140.784424] (-) TimerEvent: {}
[140.885523] (-) TimerEvent: {}
[140.986693] (-) TimerEvent: {}
[141.087704] (-) TimerEvent: {}
[141.188707] (-) TimerEvent: {}
[141.289696] (-) TimerEvent: {}
[141.390719] (-) TimerEvent: {}
[141.491772] (-) TimerEvent: {}
[141.592938] (-) TimerEvent: {}
[141.694068] (-) TimerEvent: {}
[141.795306] (-) TimerEvent: {}
[141.897297] (-) TimerEvent: {}
[141.998492] (-) TimerEvent: {}
[142.099506] (-) TimerEvent: {}
[142.200557] (-) TimerEvent: {}
[142.301997] (-) TimerEvent: {}
[142.403198] (-) TimerEvent: {}
[142.504578] (-) TimerEvent: {}
[142.605943] (-) TimerEvent: {}
[142.707037] (-) TimerEvent: {}
[142.808073] (-) TimerEvent: {}
[142.909239] (-) TimerEvent: {}
[143.010896] (-) TimerEvent: {}
[143.113089] (-) TimerEvent: {}
[143.215692] (-) TimerEvent: {}
[143.316717] (-) TimerEvent: {}
[143.417769] (-) TimerEvent: {}
[143.518643] (-) TimerEvent: {}
[143.619883] (-) TimerEvent: {}
[143.721054] (-) TimerEvent: {}
[143.822693] (-) TimerEvent: {}
[143.923808] (-) TimerEvent: {}
[144.025085] (-) TimerEvent: {}
[144.126050] (-) TimerEvent: {}
[144.227032] (-) TimerEvent: {}
[144.327927] (-) TimerEvent: {}
[144.428893] (-) TimerEvent: {}
[144.529846] (-) TimerEvent: {}
[144.630982] (-) TimerEvent: {}
[144.732562] (-) TimerEvent: {}
[144.834347] (-) TimerEvent: {}
[144.936018] (-) TimerEvent: {}
[145.037960] (-) TimerEvent: {}
[145.139089] (-) TimerEvent: {}
[145.240342] (-) TimerEvent: {}
[145.341435] (-) TimerEvent: {}
[145.442515] (-) TimerEvent: {}
[145.543675] (-) TimerEvent: {}
[145.644999] (-) TimerEvent: {}
[145.746605] (-) TimerEvent: {}
[145.847651] (-) TimerEvent: {}
[145.948692] (-) TimerEvent: {}
[146.049992] (-) TimerEvent: {}
[146.151814] (-) TimerEvent: {}
[146.255818] (-) TimerEvent: {}
[146.356880] (-) TimerEvent: {}
[146.457928] (-) TimerEvent: {}
[146.559051] (-) TimerEvent: {}
[146.660127] (-) TimerEvent: {}
[146.761200] (-) TimerEvent: {}
[146.863945] (-) TimerEvent: {}
[146.965449] (-) TimerEvent: {}
[147.066567] (-) TimerEvent: {}
[147.167573] (-) TimerEvent: {}
[147.268647] (-) TimerEvent: {}
[147.369605] (-) TimerEvent: {}
[147.470546] (-) TimerEvent: {}
[147.571461] (-) TimerEvent: {}
[147.672461] (-) TimerEvent: {}
[147.773496] (-) TimerEvent: {}
[147.874974] (-) TimerEvent: {}
[147.976046] (-) TimerEvent: {}
[148.077095] (-) TimerEvent: {}
[148.178372] (-) TimerEvent: {}
[148.279323] (-) TimerEvent: {}
[148.380315] (-) TimerEvent: {}
[148.481409] (-) TimerEvent: {}
[148.582437] (-) TimerEvent: {}
[148.684301] (-) TimerEvent: {}
[148.785658] (-) TimerEvent: {}
[148.887379] (-) TimerEvent: {}
[148.988943] (-) TimerEvent: {}
[149.090258] (-) TimerEvent: {}
[149.191603] (-) TimerEvent: {}
[149.293292] (-) TimerEvent: {}
[149.394754] (-) TimerEvent: {}
[149.495768] (-) TimerEvent: {}
[149.596847] (-) TimerEvent: {}
[149.698056] (-) TimerEvent: {}
[149.799041] (-) TimerEvent: {}
[149.900301] (-) TimerEvent: {}
[150.001356] (-) TimerEvent: {}
[150.102359] (-) TimerEvent: {}
[150.203327] (-) TimerEvent: {}
[150.304279] (-) TimerEvent: {}
[150.405406] (-) TimerEvent: {}
[150.506779] (-) TimerEvent: {}
[150.607922] (-) TimerEvent: {}
[150.709715] (-) TimerEvent: {}
[150.811291] (-) TimerEvent: {}
[150.912327] (-) TimerEvent: {}
[151.013347] (-) TimerEvent: {}
[151.115176] (-) TimerEvent: {}
[151.216507] (-) TimerEvent: {}
[151.318019] (-) TimerEvent: {}
[151.419136] (-) TimerEvent: {}
[151.520263] (-) TimerEvent: {}
[151.621690] (-) TimerEvent: {}
[151.723019] (-) TimerEvent: {}
[151.824243] (-) TimerEvent: {}
[151.926286] (-) TimerEvent: {}
[152.028810] (-) TimerEvent: {}
[152.132815] (-) TimerEvent: {}
[152.234197] (-) TimerEvent: {}
[152.335258] (-) TimerEvent: {}
[152.436524] (-) TimerEvent: {}
[152.537899] (-) TimerEvent: {}
[152.641219] (-) TimerEvent: {}
[152.750032] (-) TimerEvent: {}
[152.851203] (-) TimerEvent: {}
[152.952390] (-) TimerEvent: {}
[153.053498] (-) TimerEvent: {}
[153.155271] (-) TimerEvent: {}
[153.256912] (-) TimerEvent: {}
[153.358017] (-) TimerEvent: {}
[153.458985] (-) TimerEvent: {}
[153.559988] (-) TimerEvent: {}
[153.661018] (-) TimerEvent: {}
[153.762044] (-) TimerEvent: {}
[153.863096] (-) TimerEvent: {}
[153.964407] (-) TimerEvent: {}
[154.065432] (-) TimerEvent: {}
[154.166344] (-) TimerEvent: {}
[154.267498] (-) TimerEvent: {}
[154.368483] (-) TimerEvent: {}
[154.469624] (-) TimerEvent: {}
[154.570780] (-) TimerEvent: {}
[154.672155] (-) TimerEvent: {}
[154.773742] (-) TimerEvent: {}
[154.875519] (-) TimerEvent: {}
[154.976917] (-) TimerEvent: {}
[155.078071] (-) TimerEvent: {}
[155.179083] (-) TimerEvent: {}
[155.280034] (-) TimerEvent: {}
[155.380871] (-) TimerEvent: {}
[155.482249] (-) TimerEvent: {}
[155.583180] (-) TimerEvent: {}
[155.684208] (-) TimerEvent: {}
[155.785435] (-) TimerEvent: {}
[155.886499] (-) TimerEvent: {}
[155.987674] (-) TimerEvent: {}
[156.089146] (-) TimerEvent: {}
[156.190136] (-) TimerEvent: {}
[156.291168] (-) TimerEvent: {}
[156.392254] (-) TimerEvent: {}
[156.493293] (-) TimerEvent: {}
[156.594325] (-) TimerEvent: {}
[156.695733] (-) TimerEvent: {}
[156.796933] (-) TimerEvent: {}
[156.898670] (-) TimerEvent: {}
[157.000742] (-) TimerEvent: {}
[157.102883] (-) TimerEvent: {}
[157.205702] (-) TimerEvent: {}
[157.307477] (-) TimerEvent: {}
[157.408484] (-) TimerEvent: {}
[157.509520] (-) TimerEvent: {}
[157.610764] (-) TimerEvent: {}
[157.711966] (-) TimerEvent: {}
[157.813183] (-) TimerEvent: {}
[157.914086] (-) TimerEvent: {}
[158.015066] (-) TimerEvent: {}
[158.116076] (-) TimerEvent: {}
[158.217054] (-) TimerEvent: {}
[158.318001] (-) TimerEvent: {}
[158.418904] (-) TimerEvent: {}
[158.519915] (-) TimerEvent: {}
[158.621072] (-) TimerEvent: {}
[158.722347] (-) TimerEvent: {}
[158.823357] (-) TimerEvent: {}
[158.924441] (-) TimerEvent: {}
[159.025803] (-) TimerEvent: {}
[159.129079] (-) TimerEvent: {}
[159.230425] (-) TimerEvent: {}
[159.331730] (-) TimerEvent: {}
[159.433082] (-) TimerEvent: {}
[159.534378] (-) TimerEvent: {}
[159.635509] (-) TimerEvent: {}
[159.736554] (-) TimerEvent: {}
[159.838014] (-) TimerEvent: {}
[159.939282] (-) TimerEvent: {}
[160.040473] (-) TimerEvent: {}
[160.141603] (-) TimerEvent: {}
[160.242661] (-) TimerEvent: {}
[160.344069] (-) TimerEvent: {}
[160.445221] (-) TimerEvent: {}
[160.546469] (-) TimerEvent: {}
[160.647464] (-) TimerEvent: {}
[160.748682] (-) TimerEvent: {}
[160.850261] (-) TimerEvent: {}
[160.951315] (-) TimerEvent: {}
[161.052294] (-) TimerEvent: {}
[161.153390] (-) TimerEvent: {}
[161.254853] (-) TimerEvent: {}
[161.356283] (-) TimerEvent: {}
[161.457571] (-) TimerEvent: {}
[161.558704] (-) TimerEvent: {}
[161.659752] (-) TimerEvent: {}
[161.760984] (-) TimerEvent: {}
[161.862174] (-) TimerEvent: {}
[161.963282] (-) TimerEvent: {}
[162.065025] (-) TimerEvent: {}
[162.166509] (-) TimerEvent: {}
[162.268120] (-) TimerEvent: {}
[162.369713] (-) TimerEvent: {}
[162.471274] (-) TimerEvent: {}
[162.572835] (-) TimerEvent: {}
[162.674463] (-) TimerEvent: {}
[162.775671] (-) TimerEvent: {}
[162.876903] (-) TimerEvent: {}
[162.978115] (-) TimerEvent: {}
[163.079381] (-) TimerEvent: {}
[163.181265] (-) TimerEvent: {}
[163.282859] (-) TimerEvent: {}
[163.384493] (-) TimerEvent: {}
[163.486219] (-) TimerEvent: {}
[163.587537] (-) TimerEvent: {}
[163.688579] (-) TimerEvent: {}
[163.789610] (-) TimerEvent: {}
[163.890639] (-) TimerEvent: {}
[163.991660] (-) TimerEvent: {}
[164.092678] (-) TimerEvent: {}
[164.193718] (-) TimerEvent: {}
[164.294773] (-) TimerEvent: {}
[164.396109] (-) TimerEvent: {}
[164.497434] (-) TimerEvent: {}
[164.598834] (-) TimerEvent: {}
[164.700220] (-) TimerEvent: {}
[164.801632] (-) TimerEvent: {}
[164.903078] (-) TimerEvent: {}
[165.004403] (-) TimerEvent: {}
[165.106002] (-) TimerEvent: {}
[165.216505] (-) TimerEvent: {}
[165.317894] (-) TimerEvent: {}
[165.418991] (-) TimerEvent: {}
[165.520147] (-) TimerEvent: {}
[165.621317] (-) TimerEvent: {}
[165.723019] (-) TimerEvent: {}
[165.824650] (-) TimerEvent: {}
[165.925683] (-) TimerEvent: {}
[166.026705] (-) TimerEvent: {}
[166.127803] (-) TimerEvent: {}
[166.228743] (-) TimerEvent: {}
[166.329781] (-) TimerEvent: {}
[166.430833] (-) TimerEvent: {}
[166.532460] (-) TimerEvent: {}
[166.634529] (-) TimerEvent: {}
[166.735599] (-) TimerEvent: {}
[166.836626] (-) TimerEvent: {}
[166.937657] (-) TimerEvent: {}
[167.038671] (-) TimerEvent: {}
[167.139741] (-) TimerEvent: {}
[167.241373] (-) TimerEvent: {}
[167.344115] (-) TimerEvent: {}
[167.445727] (-) TimerEvent: {}
[167.547292] (-) TimerEvent: {}
[167.649163] (-) TimerEvent: {}
[167.750171] (-) TimerEvent: {}
[167.851358] (-) TimerEvent: {}
[167.952356] (-) TimerEvent: {}
[168.053306] (-) TimerEvent: {}
[168.154759] (-) TimerEvent: {}
[168.257382] (-) TimerEvent: {}
[168.359701] (-) TimerEvent: {}
[168.460992] (-) TimerEvent: {}
[168.562050] (-) TimerEvent: {}
[168.663348] (-) TimerEvent: {}
[168.764873] (-) TimerEvent: {}
[168.865965] (-) TimerEvent: {}
[168.967199] (-) TimerEvent: {}
[169.068753] (-) TimerEvent: {}
[169.170344] (-) TimerEvent: {}
[169.271531] (-) TimerEvent: {}
[169.372965] (-) TimerEvent: {}
[169.474302] (-) TimerEvent: {}
[169.575375] (-) TimerEvent: {}
[169.676532] (-) TimerEvent: {}
[169.777850] (-) TimerEvent: {}
[169.878934] (-) TimerEvent: {}
[169.980070] (-) TimerEvent: {}
[170.081626] (-) TimerEvent: {}
[170.183125] (-) TimerEvent: {}
[170.284749] (-) TimerEvent: {}
[170.386605] (-) TimerEvent: {}
[170.488484] (-) TimerEvent: {}
[170.589914] (-) TimerEvent: {}
[170.690908] (-) TimerEvent: {}
[170.793515] (-) TimerEvent: {}
[170.894475] (-) TimerEvent: {}
[171.001595] (-) TimerEvent: {}
[171.102614] (-) TimerEvent: {}
[171.203650] (-) TimerEvent: {}
[171.304732] (-) TimerEvent: {}
[171.405802] (-) TimerEvent: {}
[171.506705] (-) TimerEvent: {}
[171.607884] (-) TimerEvent: {}
[171.713058] (-) TimerEvent: {}
[171.814243] (-) TimerEvent: {}
[171.915181] (-) TimerEvent: {}
[172.016658] (-) TimerEvent: {}
[172.118209] (-) TimerEvent: {}
[172.219260] (-) TimerEvent: {}
[172.320284] (-) TimerEvent: {}
[172.421287] (-) TimerEvent: {}
[172.522344] (-) TimerEvent: {}
[172.623410] (-) TimerEvent: {}
[172.724678] (-) TimerEvent: {}
[172.825897] (-) TimerEvent: {}
[172.926910] (-) TimerEvent: {}
[173.028305] (-) TimerEvent: {}
[173.129322] (-) TimerEvent: {}
[173.230305] (-) TimerEvent: {}
[173.331453] (-) TimerEvent: {}
[173.432878] (-) TimerEvent: {}
[173.533936] (-) TimerEvent: {}
[173.634941] (-) TimerEvent: {}
[173.735950] (-) TimerEvent: {}
[173.836987] (-) TimerEvent: {}
[173.938453] (-) TimerEvent: {}
[174.039761] (-) TimerEvent: {}
[174.141197] (-) TimerEvent: {}
[174.242276] (-) TimerEvent: {}
[174.343342] (-) TimerEvent: {}
[174.444568] (-) TimerEvent: {}
[174.545743] (-) TimerEvent: {}
[174.646845] (-) TimerEvent: {}
[174.748626] (-) TimerEvent: {}
[174.850423] (-) TimerEvent: {}
[174.951529] (-) TimerEvent: {}
[175.054062] (-) TimerEvent: {}
[175.155499] (-) TimerEvent: {}
[175.256576] (-) TimerEvent: {}
[175.357623] (-) TimerEvent: {}
[175.458628] (-) TimerEvent: {}
[175.559723] (-) TimerEvent: {}
[175.660824] (-) TimerEvent: {}
[175.761900] (-) TimerEvent: {}
[175.863588] (-) TimerEvent: {}
[175.966810] (-) TimerEvent: {}
[176.068126] (-) TimerEvent: {}
[176.170126] (-) TimerEvent: {}
[176.271322] (-) TimerEvent: {}
[176.372626] (-) TimerEvent: {}
[176.473872] (-) TimerEvent: {}
[176.575227] (-) TimerEvent: {}
[176.676545] (-) TimerEvent: {}
[176.777961] (-) TimerEvent: {}
[176.879052] (-) TimerEvent: {}
[176.980346] (-) TimerEvent: {}
[177.081493] (-) TimerEvent: {}
[177.182586] (-) TimerEvent: {}
[177.284030] (-) TimerEvent: {}
[177.385886] (-) TimerEvent: {}
[177.487288] (-) TimerEvent: {}
[177.588506] (-) TimerEvent: {}
[177.689616] (-) TimerEvent: {}
[177.790587] (-) TimerEvent: {}
[177.891579] (-) TimerEvent: {}
[177.992705] (-) TimerEvent: {}
[178.093760] (-) TimerEvent: {}
[178.194791] (-) TimerEvent: {}
[178.296319] (-) TimerEvent: {}
[178.398027] (-) TimerEvent: {}
[178.499457] (-) TimerEvent: {}
[178.600780] (-) TimerEvent: {}
[178.702261] (-) TimerEvent: {}
[178.803635] (-) TimerEvent: {}
[178.905289] (-) TimerEvent: {}
[179.006718] (-) TimerEvent: {}
[179.108142] (-) TimerEvent: {}
[179.209708] (-) TimerEvent: {}
[179.311237] (-) TimerEvent: {}
[179.412895] (-) TimerEvent: {}
[179.514250] (-) TimerEvent: {}
[179.615554] (-) TimerEvent: {}
[179.716950] (-) TimerEvent: {}
[179.818421] (-) TimerEvent: {}
[179.919876] (-) TimerEvent: {}
[180.021282] (-) TimerEvent: {}
[180.122281] (-) TimerEvent: {}
[180.223302] (-) TimerEvent: {}
[180.324583] (-) TimerEvent: {}
[180.426522] (-) TimerEvent: {}
[180.528121] (-) TimerEvent: {}
[180.630103] (-) TimerEvent: {}
[180.731456] (-) TimerEvent: {}
[180.832890] (-) TimerEvent: {}
[180.943120] (-) TimerEvent: {}
[181.044292] (-) TimerEvent: {}
[181.145324] (-) TimerEvent: {}
[181.246404] (-) TimerEvent: {}
[181.347427] (-) TimerEvent: {}
[181.448612] (-) TimerEvent: {}
[181.549700] (-) TimerEvent: {}
[181.650696] (-) TimerEvent: {}
[181.751779] (-) TimerEvent: {}
[181.852930] (-) TimerEvent: {}
[181.954122] (-) TimerEvent: {}
[182.055167] (-) TimerEvent: {}
[182.156197] (-) TimerEvent: {}
[182.257209] (-) TimerEvent: {}
[182.358257] (-) TimerEvent: {}
[182.459271] (-) TimerEvent: {}
[182.560266] (-) TimerEvent: {}
[182.661237] (-) TimerEvent: {}
[182.762273] (-) TimerEvent: {}
[182.863404] (-) TimerEvent: {}
[182.964420] (-) TimerEvent: {}
[183.065472] (-) TimerEvent: {}
[183.166501] (-) TimerEvent: {}
[183.267641] (-) TimerEvent: {}
[183.369068] (-) TimerEvent: {}
[183.470043] (-) TimerEvent: {}
[183.571122] (-) TimerEvent: {}
[183.672187] (-) TimerEvent: {}
[183.773378] (-) TimerEvent: {}
[183.874670] (-) TimerEvent: {}
[183.975906] (-) TimerEvent: {}
[184.076940] (-) TimerEvent: {}
[184.179095] (-) TimerEvent: {}
[184.280170] (-) TimerEvent: {}
[184.381367] (-) TimerEvent: {}
[184.483480] (-) TimerEvent: {}
[184.584505] (-) TimerEvent: {}
[184.685654] (-) TimerEvent: {}
[184.786736] (-) TimerEvent: {}
[184.887744] (-) TimerEvent: {}
[184.988918] (-) TimerEvent: {}
[185.090229] (-) TimerEvent: {}
[185.191244] (-) TimerEvent: {}
[185.292569] (-) TimerEvent: {}
[185.394025] (-) TimerEvent: {}
[185.495123] (-) TimerEvent: {}
[185.596084] (-) TimerEvent: {}
[185.697366] (-) TimerEvent: {}
[185.798689] (-) TimerEvent: {}
[185.899695] (-) TimerEvent: {}
[186.000807] (-) TimerEvent: {}
[186.101965] (-) TimerEvent: {}
[186.203082] (-) TimerEvent: {}
[186.304092] (-) TimerEvent: {}
[186.405167] (-) TimerEvent: {}
[186.506628] (-) TimerEvent: {}
[186.607752] (-) TimerEvent: {}
[186.709016] (-) TimerEvent: {}
[186.810264] (-) TimerEvent: {}
[186.911399] (-) TimerEvent: {}
[187.012711] (-) TimerEvent: {}
[187.113916] (-) TimerEvent: {}
[187.215073] (-) TimerEvent: {}
[187.316114] (-) TimerEvent: {}
[187.417245] (-) TimerEvent: {}
[187.518526] (-) TimerEvent: {}
[187.622382] (-) TimerEvent: {}
[187.723806] (-) TimerEvent: {}
[187.824881] (-) TimerEvent: {}
[187.926039] (-) TimerEvent: {}
[188.027505] (-) TimerEvent: {}
[188.129040] (-) TimerEvent: {}
[188.230657] (-) TimerEvent: {}
[188.332062] (-) TimerEvent: {}
[188.433191] (-) TimerEvent: {}
[188.534188] (-) TimerEvent: {}
[188.635706] (-) TimerEvent: {}
[188.739373] (-) TimerEvent: {}
[188.841243] (-) TimerEvent: {}
[188.942421] (-) TimerEvent: {}
[189.043410] (-) TimerEvent: {}
[189.144429] (-) TimerEvent: {}
[189.245460] (-) TimerEvent: {}
[189.346838] (-) TimerEvent: {}
[189.452523] (-) TimerEvent: {}
[189.553714] (-) TimerEvent: {}
[189.654928] (-) TimerEvent: {}
[189.756143] (-) TimerEvent: {}
[189.858041] (-) TimerEvent: {}
[189.959020] (-) TimerEvent: {}
[190.060125] (-) TimerEvent: {}
[190.161201] (-) TimerEvent: {}
[190.262217] (-) TimerEvent: {}
[190.363255] (-) TimerEvent: {}
[190.464395] (-) TimerEvent: {}
[190.567892] (-) TimerEvent: {}
[190.669043] (-) TimerEvent: {}
[190.770120] (-) TimerEvent: {}
[190.871650] (-) TimerEvent: {}
[190.972875] (-) TimerEvent: {}
[191.074014] (-) TimerEvent: {}
[191.175183] (-) TimerEvent: {}
[191.276207] (-) TimerEvent: {}
[191.377282] (-) TimerEvent: {}
[191.478320] (-) TimerEvent: {}
[191.579582] (-) TimerEvent: {}
[191.680558] (-) TimerEvent: {}
[191.781585] (-) TimerEvent: {}
[191.883482] (-) TimerEvent: {}
[191.984663] (-) TimerEvent: {}
[192.086273] (-) TimerEvent: {}
[192.187346] (-) TimerEvent: {}
[192.288391] (-) TimerEvent: {}
[192.389510] (-) TimerEvent: {}
[192.490556] (-) TimerEvent: {}
[192.591585] (-) TimerEvent: {}
[192.692592] (-) TimerEvent: {}
[192.793784] (-) TimerEvent: {}
[192.895474] (-) TimerEvent: {}
[192.997793] (-) TimerEvent: {}
[193.100039] (-) TimerEvent: {}
[193.202419] (-) TimerEvent: {}
[193.303913] (-) TimerEvent: {}
[193.405820] (-) TimerEvent: {}
[193.507305] (-) TimerEvent: {}
[193.608310] (-) TimerEvent: {}
[193.709643] (-) TimerEvent: {}
[193.811111] (-) TimerEvent: {}
[193.912106] (-) TimerEvent: {}
[194.013106] (-) TimerEvent: {}
[194.114086] (-) TimerEvent: {}
[194.215021] (-) TimerEvent: {}
[194.315986] (-) TimerEvent: {}
[194.417165] (-) TimerEvent: {}
[194.518152] (-) TimerEvent: {}
[194.619115] (-) TimerEvent: {}
[194.720268] (-) TimerEvent: {}
[194.821691] (-) TimerEvent: {}
[194.922804] (-) TimerEvent: {}
[195.024081] (-) TimerEvent: {}
[195.125113] (-) TimerEvent: {}
[195.226366] (-) TimerEvent: {}
[195.327589] (-) TimerEvent: {}
[195.428744] (-) TimerEvent: {}
[195.529959] (-) TimerEvent: {}
[195.631221] (-) TimerEvent: {}
[195.732463] (-) TimerEvent: {}
[195.833955] (-) TimerEvent: {}
[195.935962] (-) TimerEvent: {}
[196.037071] (-) TimerEvent: {}
[196.138333] (-) TimerEvent: {}
[196.239544] (-) TimerEvent: {}
[196.341202] (-) TimerEvent: {}
[196.442201] (-) TimerEvent: {}
[196.543693] (-) TimerEvent: {}
[196.645198] (-) TimerEvent: {}
[196.746472] (-) TimerEvent: {}
[196.847786] (-) TimerEvent: {}
[196.948906] (-) TimerEvent: {}
[197.049967] (-) TimerEvent: {}
[197.151216] (-) TimerEvent: {}
[197.252231] (-) TimerEvent: {}
[197.353276] (-) TimerEvent: {}
[197.454379] (-) TimerEvent: {}
[197.555451] (-) TimerEvent: {}
[197.656521] (-) TimerEvent: {}
[197.758136] (-) TimerEvent: {}
[197.859873] (-) TimerEvent: {}
[197.961651] (-) TimerEvent: {}
[198.062699] (-) TimerEvent: {}
[198.163671] (-) TimerEvent: {}
[198.264644] (-) TimerEvent: {}
[198.366003] (-) TimerEvent: {}
[198.467567] (-) TimerEvent: {}
[198.569081] (-) TimerEvent: {}
[198.673126] (-) TimerEvent: {}
[198.774348] (-) TimerEvent: {}
[198.875402] (-) TimerEvent: {}
[198.976430] (-) TimerEvent: {}
[199.077440] (-) TimerEvent: {}
[199.178450] (-) TimerEvent: {}
[199.279389] (-) TimerEvent: {}
[199.380530] (-) TimerEvent: {}
[199.481850] (-) TimerEvent: {}
[199.583846] (-) TimerEvent: {}
[199.685241] (-) TimerEvent: {}
[199.786358] (-) TimerEvent: {}
[199.887487] (-) TimerEvent: {}
[199.988857] (-) TimerEvent: {}
[200.090047] (-) TimerEvent: {}
[200.191196] (-) TimerEvent: {}
[200.292287] (-) TimerEvent: {}
[200.393585] (-) TimerEvent: {}
[200.494823] (-) TimerEvent: {}
[200.595937] (-) TimerEvent: {}
[200.697510] (-) TimerEvent: {}
[200.799159] (-) TimerEvent: {}
[200.900698] (-) TimerEvent: {}
[201.002635] (-) TimerEvent: {}
[201.103662] (-) TimerEvent: {}
[201.204659] (-) TimerEvent: {}
[201.305859] (-) TimerEvent: {}
[201.406916] (-) TimerEvent: {}
[201.507845] (-) TimerEvent: {}
[201.608841] (-) TimerEvent: {}
[201.710063] (-) TimerEvent: {}
[201.811985] (-) TimerEvent: {}
[201.913104] (-) TimerEvent: {}
[202.014180] (-) TimerEvent: {}
[202.115374] (-) TimerEvent: {}
[202.216459] (-) TimerEvent: {}
[202.317488] (-) TimerEvent: {}
[202.418467] (-) TimerEvent: {}
[202.519462] (-) TimerEvent: {}
[202.620429] (-) TimerEvent: {}
[202.721270] (-) TimerEvent: {}
[202.822340] (-) TimerEvent: {}
[202.923772] (-) TimerEvent: {}
[203.024989] (-) TimerEvent: {}
[203.125934] (-) TimerEvent: {}
[203.226967] (-) TimerEvent: {}
[203.328194] (-) TimerEvent: {}
[203.429600] (-) TimerEvent: {}
[203.530648] (-) TimerEvent: {}
[203.631607] (-) TimerEvent: {}
[203.732570] (-) TimerEvent: {}
[203.833567] (-) TimerEvent: {}
[203.934708] (-) TimerEvent: {}
[204.035911] (-) TimerEvent: {}
[204.136931] (-) TimerEvent: {}
[204.238014] (-) TimerEvent: {}
[204.339090] (-) TimerEvent: {}
[204.440041] (-) TimerEvent: {}
[204.541178] (-) TimerEvent: {}
[204.642198] (-) TimerEvent: {}
[204.743610] (-) TimerEvent: {}
[204.845153] (-) TimerEvent: {}
[204.947040] (-) TimerEvent: {}
[205.048144] (-) TimerEvent: {}
[205.149851] (-) TimerEvent: {}
[205.251030] (-) TimerEvent: {}
[205.352435] (-) TimerEvent: {}
[205.454476] (-) TimerEvent: {}
[205.555961] (-) TimerEvent: {}
[205.657087] (-) TimerEvent: {}
[205.758359] (-) TimerEvent: {}
[205.859635] (-) TimerEvent: {}
[205.960741] (-) TimerEvent: {}
[206.061758] (-) TimerEvent: {}
[206.162883] (-) TimerEvent: {}
[206.264159] (-) TimerEvent: {}
[206.365487] (-) TimerEvent: {}
[206.466618] (-) TimerEvent: {}
[206.567722] (-) TimerEvent: {}
[206.668790] (-) TimerEvent: {}
[206.769789] (-) TimerEvent: {}
[206.870799] (-) TimerEvent: {}
[206.971852] (-) TimerEvent: {}
[207.072890] (-) TimerEvent: {}
[207.173939] (-) TimerEvent: {}
[207.274963] (-) TimerEvent: {}
[207.375933] (-) TimerEvent: {}
[207.477110] (-) TimerEvent: {}
[207.578120] (-) TimerEvent: {}
[207.679211] (-) TimerEvent: {}
[207.780230] (-) TimerEvent: {}
[207.883264] (-) TimerEvent: {}
[207.984205] (-) TimerEvent: {}
[208.085338] (-) TimerEvent: {}
[208.186719] (-) TimerEvent: {}
[208.288064] (-) TimerEvent: {}
[208.389095] (-) TimerEvent: {}
[208.490106] (-) TimerEvent: {}
[208.591408] (-) TimerEvent: {}
[208.693564] (-) TimerEvent: {}
[208.795439] (-) TimerEvent: {}
[208.897071] (-) TimerEvent: {}
[208.998865] (-) TimerEvent: {}
[209.100341] (-) TimerEvent: {}
[209.201701] (-) TimerEvent: {}
[209.302819] (-) TimerEvent: {}
[209.403832] (-) TimerEvent: {}
[209.505336] (-) TimerEvent: {}
[209.606657] (-) TimerEvent: {}
[209.708011] (-) TimerEvent: {}
[209.810092] (-) TimerEvent: {}
[209.911494] (-) TimerEvent: {}
[210.013208] (-) TimerEvent: {}
[210.114612] (-) TimerEvent: {}
[210.215616] (-) TimerEvent: {}
[210.316590] (-) TimerEvent: {}
[210.417572] (-) TimerEvent: {}
[210.518678] (-) TimerEvent: {}
[210.619724] (-) TimerEvent: {}
[210.720843] (-) TimerEvent: {}
[210.822659] (-) TimerEvent: {}
[210.924147] (-) TimerEvent: {}
[211.025539] (-) TimerEvent: {}
[211.126722] (-) TimerEvent: {}
[211.227750] (-) TimerEvent: {}
[211.328915] (-) TimerEvent: {}
[211.430044] (-) TimerEvent: {}
[211.531260] (-) TimerEvent: {}
[211.632686] (-) TimerEvent: {}
[211.734969] (-) TimerEvent: {}
[211.836212] (-) TimerEvent: {}
[211.937298] (-) TimerEvent: {}
[212.038324] (-) TimerEvent: {}
[212.139284] (-) TimerEvent: {}
[212.240508] (-) TimerEvent: {}
[212.341653] (-) TimerEvent: {}
[212.443206] (-) TimerEvent: {}
[212.544558] (-) TimerEvent: {}
[212.646135] (-) TimerEvent: {}
[212.747442] (-) TimerEvent: {}
[212.848614] (-) TimerEvent: {}
[212.949797] (-) TimerEvent: {}
[213.050980] (-) TimerEvent: {}
[213.152040] (-) TimerEvent: {}
[213.253245] (-) TimerEvent: {}
[213.354862] (-) TimerEvent: {}
[213.456249] (-) TimerEvent: {}
[213.557197] (-) TimerEvent: {}
[213.658260] (-) TimerEvent: {}
[213.759267] (-) TimerEvent: {}
[213.860313] (-) TimerEvent: {}
[213.965068] (-) TimerEvent: {}
[214.066111] (-) TimerEvent: {}
[214.167289] (-) TimerEvent: {}
[214.268486] (-) TimerEvent: {}
[214.369604] (-) TimerEvent: {}
[214.470965] (-) TimerEvent: {}
[214.572758] (-) TimerEvent: {}
[214.674165] (-) TimerEvent: {}
[214.775172] (-) TimerEvent: {}
[214.876431] (-) TimerEvent: {}
[214.979305] (-) TimerEvent: {}
[215.080483] (-) TimerEvent: {}
[215.182021] (-) TimerEvent: {}
[215.283410] (-) TimerEvent: {}
[215.385731] (-) TimerEvent: {}
[215.487180] (-) TimerEvent: {}
[215.588607] (-) TimerEvent: {}
[215.690157] (-) TimerEvent: {}
[215.791546] (-) TimerEvent: {}
[215.896852] (-) TimerEvent: {}
[215.998165] (-) TimerEvent: {}
[216.099748] (-) TimerEvent: {}
[216.201350] (-) TimerEvent: {}
[216.302395] (-) TimerEvent: {}
[216.403534] (-) TimerEvent: {}
[216.504597] (-) TimerEvent: {}
[216.605631] (-) TimerEvent: {}
[216.706662] (-) TimerEvent: {}
[216.807904] (-) TimerEvent: {}
[216.909394] (-) TimerEvent: {}
[217.010809] (-) TimerEvent: {}
[217.112525] (-) TimerEvent: {}
[217.214065] (-) TimerEvent: {}
[217.315530] (-) TimerEvent: {}
[217.417697] (-) TimerEvent: {}
[217.519024] (-) TimerEvent: {}
[217.620579] (-) TimerEvent: {}
[217.721968] (-) TimerEvent: {}
[217.823334] (-) TimerEvent: {}
[217.924667] (-) TimerEvent: {}
[218.026128] (-) TimerEvent: {}
[218.127608] (-) TimerEvent: {}
[218.228636] (-) TimerEvent: {}
[218.329648] (-) TimerEvent: {}
[218.430798] (-) TimerEvent: {}
[218.532019] (-) TimerEvent: {}
[218.633548] (-) TimerEvent: {}
[218.734955] (-) TimerEvent: {}
[218.835966] (-) TimerEvent: {}
[218.936854] (-) TimerEvent: {}
[219.038043] (-) TimerEvent: {}
[219.139275] (-) TimerEvent: {}
[219.240211] (-) TimerEvent: {}
[219.341250] (-) TimerEvent: {}
[219.442467] (-) TimerEvent: {}
[219.543649] (-) TimerEvent: {}
[219.644784] (-) TimerEvent: {}
[219.746052] (-) TimerEvent: {}
[219.847109] (-) TimerEvent: {}
[219.949046] (-) TimerEvent: {}
[220.050114] (-) TimerEvent: {}
[220.151118] (-) TimerEvent: {}
[220.252109] (-) TimerEvent: {}
[220.353096] (-) TimerEvent: {}
[220.454099] (-) TimerEvent: {}
[220.555438] (-) TimerEvent: {}
[220.656349] (-) TimerEvent: {}
[220.758766] (-) TimerEvent: {}
[220.860406] (-) TimerEvent: {}
[220.961882] (-) TimerEvent: {}
[221.063301] (-) TimerEvent: {}
[221.164560] (-) TimerEvent: {}
[221.265965] (-) TimerEvent: {}
[221.368016] (-) TimerEvent: {}
[221.469431] (-) TimerEvent: {}
[221.570789] (-) TimerEvent: {}
[221.672177] (-) TimerEvent: {}
[221.773272] (-) TimerEvent: {}
[221.874263] (-) TimerEvent: {}
[221.975280] (-) TimerEvent: {}
[222.076428] (-) TimerEvent: {}
[222.178546] (-) TimerEvent: {}
[222.281070] (-) TimerEvent: {}
[222.382520] (-) TimerEvent: {}
[222.483906] (-) TimerEvent: {}
[222.585314] (-) TimerEvent: {}
[222.686475] (-) TimerEvent: {}
[222.787555] (-) TimerEvent: {}
[222.888946] (-) TimerEvent: {}
[222.990253] (-) TimerEvent: {}
[223.091647] (-) TimerEvent: {}
[223.192873] (-) TimerEvent: {}
[223.294287] (-) TimerEvent: {}
[223.395945] (-) TimerEvent: {}
[223.497292] (-) TimerEvent: {}
[223.598519] (-) TimerEvent: {}
[223.699835] (-) TimerEvent: {}
[223.801185] (-) TimerEvent: {}
[223.902620] (-) TimerEvent: {}
[224.004035] (-) TimerEvent: {}
[224.105397] (-) TimerEvent: {}
[224.206796] (-) TimerEvent: {}
[224.308227] (-) TimerEvent: {}
[224.409521] (-) TimerEvent: {}
[224.510533] (-) TimerEvent: {}
[224.611505] (-) TimerEvent: {}
[224.712353] (-) TimerEvent: {}
[224.813452] (-) TimerEvent: {}
[224.914848] (-) TimerEvent: {}
[225.016232] (-) TimerEvent: {}
[225.117654] (-) TimerEvent: {}
[225.219031] (-) TimerEvent: {}
[225.328023] (-) TimerEvent: {}
[225.429711] (-) TimerEvent: {}
[225.531267] (-) TimerEvent: {}
[225.632855] (-) TimerEvent: {}
[225.734399] (-) TimerEvent: {}
[225.838417] (-) TimerEvent: {}
[225.939742] (-) TimerEvent: {}
[226.041072] (-) TimerEvent: {}
[226.142175] (-) TimerEvent: {}
[226.243281] (-) TimerEvent: {}
[226.344714] (-) TimerEvent: {}
[226.445757] (-) TimerEvent: {}
[226.546781] (-) TimerEvent: {}
[226.647787] (-) TimerEvent: {}
[226.748827] (-) TimerEvent: {}
[226.849845] (-) TimerEvent: {}
[226.950804] (-) TimerEvent: {}
[227.051774] (-) TimerEvent: {}
[227.152767] (-) TimerEvent: {}
[227.253751] (-) TimerEvent: {}
[227.354721] (-) TimerEvent: {}
[227.455693] (-) TimerEvent: {}
[227.556650] (-) TimerEvent: {}
[227.657638] (-) TimerEvent: {}
[227.758631] (-) TimerEvent: {}
[227.859562] (-) TimerEvent: {}
[227.960338] (-) TimerEvent: {}
[228.061242] (-) TimerEvent: {}
[228.162227] (-) TimerEvent: {}
[228.263071] (-) TimerEvent: {}
[228.364096] (-) TimerEvent: {}
[228.465096] (-) TimerEvent: {}
[228.566088] (-) TimerEvent: {}
[228.667107] (-) TimerEvent: {}
[228.768422] (-) TimerEvent: {}
[228.869449] (-) TimerEvent: {}
[228.970448] (-) TimerEvent: {}
[229.071495] (-) TimerEvent: {}
[229.172647] (-) TimerEvent: {}
[229.273731] (-) TimerEvent: {}
[229.375138] (-) TimerEvent: {}
[229.476266] (-) TimerEvent: {}
[229.577303] (-) TimerEvent: {}
[229.678476] (-) TimerEvent: {}
[229.779630] (-) TimerEvent: {}
[229.880808] (-) TimerEvent: {}
[229.981949] (-) TimerEvent: {}
[230.083140] (-) TimerEvent: {}
[230.184254] (-) TimerEvent: {}
[230.285333] (-) TimerEvent: {}
[230.386737] (-) TimerEvent: {}
[230.488118] (-) TimerEvent: {}
[230.589376] (-) TimerEvent: {}
[230.691014] (-) TimerEvent: {}
[230.792657] (-) TimerEvent: {}
[230.894184] (-) TimerEvent: {}
[231.009048] (-) TimerEvent: {}
[231.115679] (-) TimerEvent: {}
[231.216830] (-) TimerEvent: {}
[231.317843] (-) TimerEvent: {}
[231.418864] (-) TimerEvent: {}
[231.520197] (-) TimerEvent: {}
[231.621586] (-) TimerEvent: {}
[231.722987] (-) TimerEvent: {}
[231.824091] (-) TimerEvent: {}
[231.925135] (-) TimerEvent: {}
[232.026139] (-) TimerEvent: {}
[232.127145] (-) TimerEvent: {}
[232.228175] (-) TimerEvent: {}
[232.329188] (-) TimerEvent: {}
[232.430183] (-) TimerEvent: {}
[232.531189] (-) TimerEvent: {}
[232.632198] (-) TimerEvent: {}
[232.733426] (-) TimerEvent: {}
[232.834491] (-) TimerEvent: {}
[232.935593] (-) TimerEvent: {}
[233.036658] (-) TimerEvent: {}
[233.137700] (-) TimerEvent: {}
[233.238733] (-) TimerEvent: {}
[233.339771] (-) TimerEvent: {}
[233.440788] (-) TimerEvent: {}
[233.541832] (-) TimerEvent: {}
[233.644306] (-) TimerEvent: {}
[233.745716] (-) TimerEvent: {}
[233.847121] (-) TimerEvent: {}
[233.948309] (-) TimerEvent: {}
[234.049738] (-) TimerEvent: {}
[234.151110] (-) TimerEvent: {}
[234.252550] (-) TimerEvent: {}
[234.353957] (-) TimerEvent: {}
[234.463104] (-) TimerEvent: {}
[234.564523] (-) TimerEvent: {}
[234.665944] (-) TimerEvent: {}
[234.767341] (-) TimerEvent: {}
[234.868739] (-) TimerEvent: {}
[234.970088] (-) TimerEvent: {}
[235.071430] (-) TimerEvent: {}
[235.172472] (-) TimerEvent: {}
[235.273492] (-) TimerEvent: {}
[235.374452] (-) TimerEvent: {}
[235.475330] (-) TimerEvent: {}
[235.576366] (-) TimerEvent: {}
[235.677795] (-) TimerEvent: {}
[235.779170] (-) TimerEvent: {}
[235.880533] (-) TimerEvent: {}
[235.982285] (-) TimerEvent: {}
[236.083716] (-) TimerEvent: {}
[236.185130] (-) TimerEvent: {}
[236.286436] (-) TimerEvent: {}
[236.387711] (-) TimerEvent: {}
[236.488903] (-) TimerEvent: {}
[236.590190] (-) TimerEvent: {}
[236.691317] (-) TimerEvent: {}
[236.792845] (-) TimerEvent: {}
[236.894149] (-) TimerEvent: {}
[236.995296] (-) TimerEvent: {}
[237.096655] (-) TimerEvent: {}
[237.198171] (-) TimerEvent: {}
[237.299565] (-) TimerEvent: {}
[237.400927] (-) TimerEvent: {}
[237.502287] (-) TimerEvent: {}
[237.603706] (-) TimerEvent: {}
[237.705169] (-) TimerEvent: {}
[237.806712] (-) TimerEvent: {}
[237.908898] (-) TimerEvent: {}
[238.010182] (-) TimerEvent: {}
[238.111573] (-) TimerEvent: {}
[238.212961] (-) TimerEvent: {}
[238.317045] (-) TimerEvent: {}
[238.418409] (-) TimerEvent: {}
[238.519787] (-) TimerEvent: {}
[238.622022] (-) TimerEvent: {}
[238.723230] (-) TimerEvent: {}
[238.824279] (-) TimerEvent: {}
[238.925300] (-) TimerEvent: {}
[239.026354] (-) TimerEvent: {}
[239.127846] (-) TimerEvent: {}
[239.229142] (-) TimerEvent: {}
[239.330603] (-) TimerEvent: {}
[239.432088] (-) TimerEvent: {}
[239.533575] (-) TimerEvent: {}
[239.637101] (-) TimerEvent: {}
[239.738601] (-) TimerEvent: {}
[239.841544] (-) TimerEvent: {}
[239.942999] (-) TimerEvent: {}
[240.044452] (-) TimerEvent: {}
[240.106212] (rae_camera) StdoutLine: {'line': b'[ 40%] \x1b[32m\x1b[1mLinking CXX executable perception_ipc_rtabmap\x1b[0m\n'}
[240.144703] (-) TimerEvent: {}
[240.246029] (-) TimerEvent: {}
[240.346971] (-) TimerEvent: {}
[240.447975] (-) TimerEvent: {}
[240.549016] (-) TimerEvent: {}
[240.650013] (-) TimerEvent: {}
[240.754911] (-) TimerEvent: {}
[240.855949] (-) TimerEvent: {}
[240.956933] (-) TimerEvent: {}
[241.059828] (-) TimerEvent: {}
[241.161542] (-) TimerEvent: {}
[241.262568] (-) TimerEvent: {}
[241.363603] (-) TimerEvent: {}
[241.464624] (-) TimerEvent: {}
[241.565626] (-) TimerEvent: {}
[241.666632] (-) TimerEvent: {}
[241.768015] (-) TimerEvent: {}
[241.869430] (-) TimerEvent: {}
[241.970825] (-) TimerEvent: {}
[242.072203] (-) TimerEvent: {}
[242.174698] (-) TimerEvent: {}
[242.276066] (-) TimerEvent: {}
[242.377463] (-) TimerEvent: {}
[242.478807] (-) TimerEvent: {}
[242.579862] (-) TimerEvent: {}
[242.681034] (-) TimerEvent: {}
[242.782381] (-) TimerEvent: {}
[242.883743] (-) TimerEvent: {}
[242.985141] (-) TimerEvent: {}
[243.086460] (-) TimerEvent: {}
[243.187480] (-) TimerEvent: {}
[243.288604] (-) TimerEvent: {}
[243.389970] (-) TimerEvent: {}
[243.492156] (-) TimerEvent: {}
[243.593801] (-) TimerEvent: {}
[243.699775] (-) TimerEvent: {}
[243.801108] (-) TimerEvent: {}
[243.902555] (-) TimerEvent: {}
[244.003940] (-) TimerEvent: {}
[244.105349] (-) TimerEvent: {}
[244.206745] (-) TimerEvent: {}
[244.308058] (-) TimerEvent: {}
[244.409411] (-) TimerEvent: {}
[244.510708] (-) TimerEvent: {}
[244.611917] (-) TimerEvent: {}
[244.713297] (-) TimerEvent: {}
[244.814691] (-) TimerEvent: {}
[244.916092] (-) TimerEvent: {}
[245.017422] (-) TimerEvent: {}
[245.118560] (-) TimerEvent: {}
[245.219952] (-) TimerEvent: {}
[245.321350] (-) TimerEvent: {}
[245.422704] (-) TimerEvent: {}
[245.524074] (-) TimerEvent: {}
[245.625451] (-) TimerEvent: {}
[245.726863] (-) TimerEvent: {}
[245.788380] (rae_camera) StdoutLine: {'line': b'[ 40%] Built target perception_ipc_rtabmap\n'}
[245.827103] (-) TimerEvent: {}
[245.929893] (-) TimerEvent: {}
[246.030896] (-) TimerEvent: {}
[246.090900] (rae_camera) StdoutLine: {'line': b'[ 50%] \x1b[32mBuilding CXX object CMakeFiles/stereo_pair.dir/src/stereo_pair.cpp.o\x1b[0m\n'}
[246.131157] (-) TimerEvent: {}
[246.232216] (-) TimerEvent: {}
[246.333331] (-) TimerEvent: {}
[246.434789] (-) TimerEvent: {}
[246.536192] (-) TimerEvent: {}
[246.637654] (-) TimerEvent: {}
[246.738796] (-) TimerEvent: {}
[246.839796] (-) TimerEvent: {}
[246.941235] (-) TimerEvent: {}
[247.042234] (-) TimerEvent: {}
[247.143291] (-) TimerEvent: {}
[247.244392] (-) TimerEvent: {}
[247.345430] (-) TimerEvent: {}
[247.446436] (-) TimerEvent: {}
[247.547383] (-) TimerEvent: {}
[247.648203] (-) TimerEvent: {}
[247.749540] (-) TimerEvent: {}
[247.850711] (-) TimerEvent: {}
[247.952060] (-) TimerEvent: {}
[248.053471] (-) TimerEvent: {}
[248.154590] (-) TimerEvent: {}
[248.255737] (-) TimerEvent: {}
[248.357110] (-) TimerEvent: {}
[248.458354] (-) TimerEvent: {}
[248.559718] (-) TimerEvent: {}
[248.660728] (-) TimerEvent: {}
[248.761741] (-) TimerEvent: {}
[248.862751] (-) TimerEvent: {}
[248.963736] (-) TimerEvent: {}
[249.064712] (-) TimerEvent: {}
[249.165698] (-) TimerEvent: {}
[249.266693] (-) TimerEvent: {}
[249.367984] (-) TimerEvent: {}
[249.469196] (-) TimerEvent: {}
[249.570208] (-) TimerEvent: {}
[249.671242] (-) TimerEvent: {}
[249.772718] (-) TimerEvent: {}
[249.874147] (-) TimerEvent: {}
[249.975934] (-) TimerEvent: {}
[250.076998] (-) TimerEvent: {}
[250.178070] (-) TimerEvent: {}
[250.279064] (-) TimerEvent: {}
[250.380062] (-) TimerEvent: {}
[250.481779] (-) TimerEvent: {}
[250.583183] (-) TimerEvent: {}
[250.684568] (-) TimerEvent: {}
[250.785603] (-) TimerEvent: {}
[250.886640] (-) TimerEvent: {}
[250.987706] (-) TimerEvent: {}
[251.088763] (-) TimerEvent: {}
[251.189799] (-) TimerEvent: {}
[251.290764] (-) TimerEvent: {}
[251.391595] (-) TimerEvent: {}
[251.492885] (-) TimerEvent: {}
[251.594359] (-) TimerEvent: {}
[251.695771] (-) TimerEvent: {}
[251.796933] (-) TimerEvent: {}
[251.898047] (-) TimerEvent: {}
[251.999164] (-) TimerEvent: {}
[252.104658] (-) TimerEvent: {}
[252.206177] (-) TimerEvent: {}
[252.307172] (-) TimerEvent: {}
[252.408010] (-) TimerEvent: {}
[252.509381] (-) TimerEvent: {}
[252.610247] (-) TimerEvent: {}
[252.711688] (-) TimerEvent: {}
[252.813054] (-) TimerEvent: {}
[252.916904] (-) TimerEvent: {}
[253.017893] (-) TimerEvent: {}
[253.118884] (-) TimerEvent: {}
[253.219879] (-) TimerEvent: {}
[253.321276] (-) TimerEvent: {}
[253.422641] (-) TimerEvent: {}
[253.524001] (-) TimerEvent: {}
[253.625222] (-) TimerEvent: {}
[253.726619] (-) TimerEvent: {}
[253.827986] (-) TimerEvent: {}
[253.929345] (-) TimerEvent: {}
[254.030376] (-) TimerEvent: {}
[254.131416] (-) TimerEvent: {}
[254.232923] (-) TimerEvent: {}
[254.334321] (-) TimerEvent: {}
[254.435787] (-) TimerEvent: {}
[254.537202] (-) TimerEvent: {}
[254.638589] (-) TimerEvent: {}
[254.739606] (-) TimerEvent: {}
[254.840640] (-) TimerEvent: {}
[254.941743] (-) TimerEvent: {}
[255.042739] (-) TimerEvent: {}
[255.143773] (-) TimerEvent: {}
[255.244809] (-) TimerEvent: {}
[255.345865] (-) TimerEvent: {}
[255.446928] (-) TimerEvent: {}
[255.548043] (-) TimerEvent: {}
[255.649490] (-) TimerEvent: {}
[255.750897] (-) TimerEvent: {}
[255.852293] (-) TimerEvent: {}
[255.953724] (-) TimerEvent: {}
[256.055086] (-) TimerEvent: {}
[256.156545] (-) TimerEvent: {}
[256.258086] (-) TimerEvent: {}
[256.359483] (-) TimerEvent: {}
[256.460814] (-) TimerEvent: {}
[256.564546] (-) TimerEvent: {}
[256.666092] (-) TimerEvent: {}
[256.767209] (-) TimerEvent: {}
[256.868225] (-) TimerEvent: {}
[256.969627] (-) TimerEvent: {}
[257.070956] (-) TimerEvent: {}
[257.172331] (-) TimerEvent: {}
[257.273781] (-) TimerEvent: {}
[257.375161] (-) TimerEvent: {}
[257.476564] (-) TimerEvent: {}
[257.577994] (-) TimerEvent: {}
[257.679400] (-) TimerEvent: {}
[257.784619] (-) TimerEvent: {}
[257.885975] (-) TimerEvent: {}
[257.987335] (-) TimerEvent: {}
[258.088655] (-) TimerEvent: {}
[258.193910] (-) TimerEvent: {}
[258.295284] (-) TimerEvent: {}
[258.396386] (-) TimerEvent: {}
[258.497775] (-) TimerEvent: {}
[258.598897] (-) TimerEvent: {}
[258.699929] (-) TimerEvent: {}
[258.800957] (-) TimerEvent: {}
[258.902022] (-) TimerEvent: {}
[259.003401] (-) TimerEvent: {}
[259.104715] (-) TimerEvent: {}
[259.206100] (-) TimerEvent: {}
[259.307391] (-) TimerEvent: {}
[259.408818] (-) TimerEvent: {}
[259.510569] (-) TimerEvent: {}
[259.611915] (-) TimerEvent: {}
[259.713243] (-) TimerEvent: {}
[259.814588] (-) TimerEvent: {}
[259.915661] (-) TimerEvent: {}
[260.016868] (-) TimerEvent: {}
[260.118249] (-) TimerEvent: {}
[260.219616] (-) TimerEvent: {}
[260.320975] (-) TimerEvent: {}
[260.422337] (-) TimerEvent: {}
[260.523733] (-) TimerEvent: {}
[260.625139] (-) TimerEvent: {}
[260.726531] (-) TimerEvent: {}
[260.828046] (-) TimerEvent: {}
[260.929606] (-) TimerEvent: {}
[261.030940] (-) TimerEvent: {}
[261.132328] (-) TimerEvent: {}
[261.233717] (-) TimerEvent: {}
[261.335087] (-) TimerEvent: {}
[261.436468] (-) TimerEvent: {}
[261.537875] (-) TimerEvent: {}
[261.639218] (-) TimerEvent: {}
[261.740580] (-) TimerEvent: {}
[261.842308] (-) TimerEvent: {}
[261.949113] (-) TimerEvent: {}
[262.050613] (-) TimerEvent: {}
[262.151974] (-) TimerEvent: {}
[262.253378] (-) TimerEvent: {}
[262.354662] (-) TimerEvent: {}
[262.455963] (-) TimerEvent: {}
[262.559020] (-) TimerEvent: {}
[262.661050] (-) TimerEvent: {}
[262.762550] (-) TimerEvent: {}
[262.864072] (-) TimerEvent: {}
[262.965552] (-) TimerEvent: {}
[263.066971] (-) TimerEvent: {}
[263.168373] (-) TimerEvent: {}
[263.269876] (-) TimerEvent: {}
[263.371320] (-) TimerEvent: {}
[263.475009] (-) TimerEvent: {}
[263.576411] (-) TimerEvent: {}
[263.677817] (-) TimerEvent: {}
[263.779333] (-) TimerEvent: {}
[263.880799] (-) TimerEvent: {}
[263.982179] (-) TimerEvent: {}
[264.083185] (-) TimerEvent: {}
[264.185985] (-) TimerEvent: {}
[264.287070] (-) TimerEvent: {}
[264.388533] (-) TimerEvent: {}
[264.489990] (-) TimerEvent: {}
[264.592169] (-) TimerEvent: {}
[264.693756] (-) TimerEvent: {}
[264.794978] (-) TimerEvent: {}
[264.896555] (-) TimerEvent: {}
[264.998010] (-) TimerEvent: {}
[265.099413] (-) TimerEvent: {}
[265.200955] (-) TimerEvent: {}
[265.302383] (-) TimerEvent: {}
[265.403443] (-) TimerEvent: {}
[265.504420] (-) TimerEvent: {}
[265.606253] (-) TimerEvent: {}
[265.710193] (-) TimerEvent: {}
[265.811801] (-) TimerEvent: {}
[265.913074] (-) TimerEvent: {}
[266.014695] (-) TimerEvent: {}
[266.116415] (-) TimerEvent: {}
[266.218066] (-) TimerEvent: {}
[266.319130] (-) TimerEvent: {}
[266.420460] (-) TimerEvent: {}
[266.521685] (-) TimerEvent: {}
[266.622755] (-) TimerEvent: {}
[266.724004] (-) TimerEvent: {}
[266.825368] (-) TimerEvent: {}
[266.927099] (-) TimerEvent: {}
[267.028617] (-) TimerEvent: {}
[267.130230] (-) TimerEvent: {}
[267.231899] (-) TimerEvent: {}
[267.333611] (-) TimerEvent: {}
[267.435264] (-) TimerEvent: {}
[267.536357] (-) TimerEvent: {}
[267.637757] (-) TimerEvent: {}
[267.739096] (-) TimerEvent: {}
[267.840548] (-) TimerEvent: {}
[267.942085] (-) TimerEvent: {}
[268.043560] (-) TimerEvent: {}
[268.145020] (-) TimerEvent: {}
[268.246247] (-) TimerEvent: {}
[268.347754] (-) TimerEvent: {}
[268.449175] (-) TimerEvent: {}
[268.550642] (-) TimerEvent: {}
[268.651731] (-) TimerEvent: {}
[268.752949] (-) TimerEvent: {}
[268.854433] (-) TimerEvent: {}
[268.955873] (-) TimerEvent: {}
[269.057387] (-) TimerEvent: {}
[269.158792] (-) TimerEvent: {}
[269.260262] (-) TimerEvent: {}
[269.361643] (-) TimerEvent: {}
[269.462981] (-) TimerEvent: {}
[269.564500] (-) TimerEvent: {}
[269.666103] (-) TimerEvent: {}
[269.767621] (-) TimerEvent: {}
[269.868990] (-) TimerEvent: {}
[269.970432] (-) TimerEvent: {}
[270.072081] (-) TimerEvent: {}
[270.173449] (-) TimerEvent: {}
[270.274870] (-) TimerEvent: {}
[270.375879] (-) TimerEvent: {}
[270.477415] (-) TimerEvent: {}
[270.578733] (-) TimerEvent: {}
[270.680512] (-) TimerEvent: {}
[270.782030] (-) TimerEvent: {}
[270.885091] (-) TimerEvent: {}
[270.986509] (-) TimerEvent: {}
[271.096583] (-) TimerEvent: {}
[271.199286] (-) TimerEvent: {}
[271.300310] (-) TimerEvent: {}
[271.401464] (-) TimerEvent: {}
[271.502466] (-) TimerEvent: {}
[271.603897] (-) TimerEvent: {}
[271.705356] (-) TimerEvent: {}
[271.812611] (-) TimerEvent: {}
[271.914143] (-) TimerEvent: {}
[272.015645] (-) TimerEvent: {}
[272.116844] (-) TimerEvent: {}
[272.218055] (-) TimerEvent: {}
[272.319503] (-) TimerEvent: {}
[272.423993] (-) TimerEvent: {}
[272.527055] (-) TimerEvent: {}
[272.628409] (-) TimerEvent: {}
[272.729756] (-) TimerEvent: {}
[272.831207] (-) TimerEvent: {}
[272.932513] (-) TimerEvent: {}
[273.033926] (-) TimerEvent: {}
[273.135377] (-) TimerEvent: {}
[273.236805] (-) TimerEvent: {}
[273.338188] (-) TimerEvent: {}
[273.439701] (-) TimerEvent: {}
[273.541088] (-) TimerEvent: {}
[273.642442] (-) TimerEvent: {}
[273.745789] (-) TimerEvent: {}
[273.847193] (-) TimerEvent: {}
[273.948560] (-) TimerEvent: {}
[274.050055] (-) TimerEvent: {}
[274.151588] (-) TimerEvent: {}
[274.252999] (-) TimerEvent: {}
[274.354474] (-) TimerEvent: {}
[274.455956] (-) TimerEvent: {}
[274.557721] (-) TimerEvent: {}
[274.659090] (-) TimerEvent: {}
[274.760905] (-) TimerEvent: {}
[274.862249] (-) TimerEvent: {}
[274.963706] (-) TimerEvent: {}
[275.065033] (-) TimerEvent: {}
[275.166971] (-) TimerEvent: {}
[275.268341] (-) TimerEvent: {}
[275.369800] (-) TimerEvent: {}
[275.471173] (-) TimerEvent: {}
[275.572553] (-) TimerEvent: {}
[275.673997] (-) TimerEvent: {}
[275.775136] (-) TimerEvent: {}
[275.876463] (-) TimerEvent: {}
[275.977828] (-) TimerEvent: {}
[276.079233] (-) TimerEvent: {}
[276.180402] (-) TimerEvent: {}
[276.281833] (-) TimerEvent: {}
[276.383909] (-) TimerEvent: {}
[276.484917] (-) TimerEvent: {}
[276.585910] (-) TimerEvent: {}
[276.686762] (-) TimerEvent: {}
[276.787710] (-) TimerEvent: {}
[276.889087] (-) TimerEvent: {}
[276.990491] (-) TimerEvent: {}
[277.091868] (-) TimerEvent: {}
[277.193200] (-) TimerEvent: {}
[277.294331] (-) TimerEvent: {}
[277.395333] (-) TimerEvent: {}
[277.496684] (-) TimerEvent: {}
[277.598053] (-) TimerEvent: {}
[277.699535] (-) TimerEvent: {}
[277.800901] (-) TimerEvent: {}
[277.902216] (-) TimerEvent: {}
[278.003716] (-) TimerEvent: {}
[278.105286] (-) TimerEvent: {}
[278.206609] (-) TimerEvent: {}
[278.308070] (-) TimerEvent: {}
[278.409621] (-) TimerEvent: {}
[278.511006] (-) TimerEvent: {}
[278.612111] (-) TimerEvent: {}
[278.713518] (-) TimerEvent: {}
[278.814616] (-) TimerEvent: {}
[278.915684] (-) TimerEvent: {}
[279.016688] (-) TimerEvent: {}
[279.117788] (-) TimerEvent: {}
[279.219201] (-) TimerEvent: {}
[279.320611] (-) TimerEvent: {}
[279.421953] (-) TimerEvent: {}
[279.523336] (-) TimerEvent: {}
[279.624349] (-) TimerEvent: {}
[279.725270] (-) TimerEvent: {}
[279.826498] (-) TimerEvent: {}
[279.927512] (-) TimerEvent: {}
[280.028511] (-) TimerEvent: {}
[280.130024] (-) TimerEvent: {}
[280.231528] (-) TimerEvent: {}
[280.333096] (-) TimerEvent: {}
[280.434116] (-) TimerEvent: {}
[280.535238] (-) TimerEvent: {}
[280.636653] (-) TimerEvent: {}
[280.738065] (-) TimerEvent: {}
[280.839154] (-) TimerEvent: {}
[280.940248] (-) TimerEvent: {}
[281.041241] (-) TimerEvent: {}
[281.142266] (-) TimerEvent: {}
[281.243273] (-) TimerEvent: {}
[281.344267] (-) TimerEvent: {}
[281.445314] (-) TimerEvent: {}
[281.546435] (-) TimerEvent: {}
[281.647405] (-) TimerEvent: {}
[281.748232] (-) TimerEvent: {}
[281.849096] (-) TimerEvent: {}
[281.949978] (-) TimerEvent: {}
[282.050992] (-) TimerEvent: {}
[282.152038] (-) TimerEvent: {}
[282.253103] (-) TimerEvent: {}
[282.354554] (-) TimerEvent: {}
[282.455942] (-) TimerEvent: {}
[282.556949] (-) TimerEvent: {}
[282.657944] (-) TimerEvent: {}
[282.759410] (-) TimerEvent: {}
[282.861340] (-) TimerEvent: {}
[282.962764] (-) TimerEvent: {}
[283.064129] (-) TimerEvent: {}
[283.165518] (-) TimerEvent: {}
[283.266857] (-) TimerEvent: {}
[283.368198] (-) TimerEvent: {}
[283.469588] (-) TimerEvent: {}
[283.570704] (-) TimerEvent: {}
[283.671812] (-) TimerEvent: {}
[283.773295] (-) TimerEvent: {}
[283.875243] (-) TimerEvent: {}
[283.976668] (-) TimerEvent: {}
[284.081884] (-) TimerEvent: {}
[284.183159] (-) TimerEvent: {}
[284.289077] (-) TimerEvent: {}
[284.390506] (-) TimerEvent: {}
[284.491866] (-) TimerEvent: {}
[284.600034] (-) TimerEvent: {}
[284.701486] (-) TimerEvent: {}
[284.802904] (-) TimerEvent: {}
[284.904336] (-) TimerEvent: {}
[285.005773] (-) TimerEvent: {}
[285.106811] (-) TimerEvent: {}
[285.207839] (-) TimerEvent: {}
[285.308836] (-) TimerEvent: {}
[285.410207] (-) TimerEvent: {}
[285.511635] (-) TimerEvent: {}
[285.613030] (-) TimerEvent: {}
[285.714396] (-) TimerEvent: {}
[285.815822] (-) TimerEvent: {}
[285.917069] (-) TimerEvent: {}
[286.018477] (-) TimerEvent: {}
[286.119898] (-) TimerEvent: {}
[286.221056] (-) TimerEvent: {}
[286.322562] (-) TimerEvent: {}
[286.423953] (-) TimerEvent: {}
[286.525233] (-) TimerEvent: {}
[286.626402] (-) TimerEvent: {}
[286.727808] (-) TimerEvent: {}
[286.829102] (-) TimerEvent: {}
[286.930116] (-) TimerEvent: {}
[287.031160] (-) TimerEvent: {}
[287.132008] (-) TimerEvent: {}
[287.233050] (-) TimerEvent: {}
[287.334075] (-) TimerEvent: {}
[287.435085] (-) TimerEvent: {}
[287.538104] (-) TimerEvent: {}
[287.639479] (-) TimerEvent: {}
[287.740870] (-) TimerEvent: {}
[287.845000] (-) TimerEvent: {}
[287.946429] (-) TimerEvent: {}
[288.047757] (-) TimerEvent: {}
[288.149036] (-) TimerEvent: {}
[288.250426] (-) TimerEvent: {}
[288.351802] (-) TimerEvent: {}
[288.453136] (-) TimerEvent: {}
[288.554569] (-) TimerEvent: {}
[288.655862] (-) TimerEvent: {}
[288.757235] (-) TimerEvent: {}
[288.858660] (-) TimerEvent: {}
[288.959698] (-) TimerEvent: {}
[289.060723] (-) TimerEvent: {}
[289.161783] (-) TimerEvent: {}
[289.262935] (-) TimerEvent: {}
[289.363888] (-) TimerEvent: {}
[289.464722] (-) TimerEvent: {}
[289.566102] (-) TimerEvent: {}
[289.667177] (-) TimerEvent: {}
[289.768481] (-) TimerEvent: {}
[289.869941] (-) TimerEvent: {}
[289.971367] (-) TimerEvent: {}
[290.073182] (-) TimerEvent: {}
[290.174581] (-) TimerEvent: {}
[290.276030] (-) TimerEvent: {}
[290.377491] (-) TimerEvent: {}
[290.478901] (-) TimerEvent: {}
[290.580335] (-) TimerEvent: {}
[290.681832] (-) TimerEvent: {}
[290.783191] (-) TimerEvent: {}
[290.884512] (-) TimerEvent: {}
[290.985560] (-) TimerEvent: {}
[291.086554] (-) TimerEvent: {}
[291.187806] (-) TimerEvent: {}
[291.288947] (-) TimerEvent: {}
[291.390111] (-) TimerEvent: {}
[291.491543] (-) TimerEvent: {}
[291.592929] (-) TimerEvent: {}
[291.694307] (-) TimerEvent: {}
[291.795383] (-) TimerEvent: {}
[291.896478] (-) TimerEvent: {}
[291.997869] (-) TimerEvent: {}
[292.099188] (-) TimerEvent: {}
[292.200615] (-) TimerEvent: {}
[292.302046] (-) TimerEvent: {}
[292.409037] (-) TimerEvent: {}
[292.513200] (-) TimerEvent: {}
[292.614208] (-) TimerEvent: {}
[292.715523] (-) TimerEvent: {}
[292.816905] (-) TimerEvent: {}
[292.918296] (-) TimerEvent: {}
[293.019667] (-) TimerEvent: {}
[293.121032] (-) TimerEvent: {}
[293.222357] (-) TimerEvent: {}
[293.323730] (-) TimerEvent: {}
[293.425117] (-) TimerEvent: {}
[293.526419] (-) TimerEvent: {}
[293.627340] (-) TimerEvent: {}
[293.728311] (-) TimerEvent: {}
[293.829300] (-) TimerEvent: {}
[293.930247] (-) TimerEvent: {}
[294.031190] (-) TimerEvent: {}
[294.132153] (-) TimerEvent: {}
[294.233110] (-) TimerEvent: {}
[294.334090] (-) TimerEvent: {}
[294.435463] (-) TimerEvent: {}
[294.536897] (-) TimerEvent: {}
[294.638294] (-) TimerEvent: {}
[294.739736] (-) TimerEvent: {}
[294.841138] (-) TimerEvent: {}
[294.949269] (-) TimerEvent: {}
[295.054380] (-) TimerEvent: {}
[295.155708] (-) TimerEvent: {}
[295.256914] (-) TimerEvent: {}
[295.359469] (-) TimerEvent: {}
[295.465257] (-) TimerEvent: {}
[295.566302] (-) TimerEvent: {}
[295.667345] (-) TimerEvent: {}
[295.768404] (-) TimerEvent: {}
[295.869483] (-) TimerEvent: {}
[295.970514] (-) TimerEvent: {}
[296.071549] (-) TimerEvent: {}
[296.172579] (-) TimerEvent: {}
[296.273615] (-) TimerEvent: {}
[296.374663] (-) TimerEvent: {}
[296.475716] (-) TimerEvent: {}
[296.576748] (-) TimerEvent: {}
[296.677849] (-) TimerEvent: {}
[296.779027] (-) TimerEvent: {}
[296.880127] (-) TimerEvent: {}
[296.981554] (-) TimerEvent: {}
[297.083809] (-) TimerEvent: {}
[297.184776] (-) TimerEvent: {}
[297.286110] (-) TimerEvent: {}
[297.387279] (-) TimerEvent: {}
[297.488632] (-) TimerEvent: {}
[297.589939] (-) TimerEvent: {}
[297.691362] (-) TimerEvent: {}
[297.792782] (-) TimerEvent: {}
[297.894176] (-) TimerEvent: {}
[297.995613] (-) TimerEvent: {}
[298.097050] (-) TimerEvent: {}
[298.198566] (-) TimerEvent: {}
[298.299935] (-) TimerEvent: {}
[298.401327] (-) TimerEvent: {}
[298.502744] (-) TimerEvent: {}
[298.603980] (-) TimerEvent: {}
[298.705099] (-) TimerEvent: {}
[298.806101] (-) TimerEvent: {}
[298.907128] (-) TimerEvent: {}
[299.008578] (-) TimerEvent: {}
[299.110059] (-) TimerEvent: {}
[299.211465] (-) TimerEvent: {}
[299.312824] (-) TimerEvent: {}
[299.414254] (-) TimerEvent: {}
[299.515672] (-) TimerEvent: {}
[299.617093] (-) TimerEvent: {}
[299.718494] (-) TimerEvent: {}
[299.819543] (-) TimerEvent: {}
[299.920593] (-) TimerEvent: {}
[300.021635] (-) TimerEvent: {}
[300.122701] (-) TimerEvent: {}
[300.224144] (-) TimerEvent: {}
[300.326757] (-) TimerEvent: {}
[300.428004] (-) TimerEvent: {}
[300.529262] (-) TimerEvent: {}
[300.630281] (-) TimerEvent: {}
[300.731638] (-) TimerEvent: {}
[300.833019] (-) TimerEvent: {}
[300.934347] (-) TimerEvent: {}
[301.035688] (-) TimerEvent: {}
[301.137099] (-) TimerEvent: {}
[301.238221] (-) TimerEvent: {}
[301.339229] (-) TimerEvent: {}
[301.440257] (-) TimerEvent: {}
[301.541298] (-) TimerEvent: {}
[301.645656] (-) TimerEvent: {}
[301.747027] (-) TimerEvent: {}
[301.848456] (-) TimerEvent: {}
[301.950059] (-) TimerEvent: {}
[302.051703] (-) TimerEvent: {}
[302.153360] (-) TimerEvent: {}
[302.254939] (-) TimerEvent: {}
[302.368419] (-) TimerEvent: {}
[302.470045] (-) TimerEvent: {}
[302.571625] (-) TimerEvent: {}
[302.673132] (-) TimerEvent: {}
[302.774636] (-) TimerEvent: {}
[302.877158] (-) TimerEvent: {}
[302.985131] (-) TimerEvent: {}
[303.086746] (-) TimerEvent: {}
[303.188309] (-) TimerEvent: {}
[303.289498] (-) TimerEvent: {}
[303.390764] (-) TimerEvent: {}
[303.492319] (-) TimerEvent: {}
[303.593698] (-) TimerEvent: {}
[303.694990] (-) TimerEvent: {}
[303.796137] (-) TimerEvent: {}
[303.897489] (-) TimerEvent: {}
[303.998855] (-) TimerEvent: {}
[304.100225] (-) TimerEvent: {}
[304.201641] (-) TimerEvent: {}
[304.302996] (-) TimerEvent: {}
[304.404407] (-) TimerEvent: {}
[304.505826] (-) TimerEvent: {}
[304.607250] (-) TimerEvent: {}
[304.709219] (-) TimerEvent: {}
[304.810625] (-) TimerEvent: {}
[304.912013] (-) TimerEvent: {}
[305.013579] (-) TimerEvent: {}
[305.114894] (-) TimerEvent: {}
[305.216185] (-) TimerEvent: {}
[305.317247] (-) TimerEvent: {}
[305.418260] (-) TimerEvent: {}
[305.519275] (-) TimerEvent: {}
[305.620264] (-) TimerEvent: {}
[305.721633] (-) TimerEvent: {}
[305.822978] (-) TimerEvent: {}
[305.924319] (-) TimerEvent: {}
[306.025620] (-) TimerEvent: {}
[306.126917] (-) TimerEvent: {}
[306.227996] (-) TimerEvent: {}
[306.329407] (-) TimerEvent: {}
[306.430715] (-) TimerEvent: {}
[306.532077] (-) TimerEvent: {}
[306.633412] (-) TimerEvent: {}
[306.734918] (-) TimerEvent: {}
[306.835997] (-) TimerEvent: {}
[306.937394] (-) TimerEvent: {}
[307.038687] (-) TimerEvent: {}
[307.139966] (-) TimerEvent: {}
[307.241329] (-) TimerEvent: {}
[307.342646] (-) TimerEvent: {}
[307.443779] (-) TimerEvent: {}
[307.545178] (-) TimerEvent: {}
[307.646510] (-) TimerEvent: {}
[307.747800] (-) TimerEvent: {}
[307.849085] (-) TimerEvent: {}
[307.950394] (-) TimerEvent: {}
[308.051777] (-) TimerEvent: {}
[308.153130] (-) TimerEvent: {}
[308.254482] (-) TimerEvent: {}
[308.355782] (-) TimerEvent: {}
[308.457136] (-) TimerEvent: {}
[308.558528] (-) TimerEvent: {}
[308.659632] (-) TimerEvent: {}
[308.761031] (-) TimerEvent: {}
[308.863976] (-) TimerEvent: {}
[308.965234] (-) TimerEvent: {}
[309.066594] (-) TimerEvent: {}
[309.167991] (-) TimerEvent: {}
[309.269439] (-) TimerEvent: {}
[309.370831] (-) TimerEvent: {}
[309.472286] (-) TimerEvent: {}
[309.575644] (-) TimerEvent: {}
[309.677041] (-) TimerEvent: {}
[309.778449] (-) TimerEvent: {}
[309.879909] (-) TimerEvent: {}
[309.981294] (-) TimerEvent: {}
[310.082683] (-) TimerEvent: {}
[310.183990] (-) TimerEvent: {}
[310.285387] (-) TimerEvent: {}
[310.386779] (-) TimerEvent: {}
[310.487769] (-) TimerEvent: {}
[310.588781] (-) TimerEvent: {}
[310.689767] (-) TimerEvent: {}
[310.790771] (-) TimerEvent: {}
[310.891786] (-) TimerEvent: {}
[310.992811] (-) TimerEvent: {}
[311.093921] (-) TimerEvent: {}
[311.194871] (-) TimerEvent: {}
[311.295715] (-) TimerEvent: {}
[311.399657] (-) TimerEvent: {}
[311.505933] (-) TimerEvent: {}
[311.606930] (-) TimerEvent: {}
[311.714318] (-) TimerEvent: {}
[311.815314] (-) TimerEvent: {}
[311.916729] (-) TimerEvent: {}
[312.018153] (-) TimerEvent: {}
[312.119395] (-) TimerEvent: {}
[312.220521] (-) TimerEvent: {}
[312.321836] (-) TimerEvent: {}
[312.423198] (-) TimerEvent: {}
[312.524504] (-) TimerEvent: {}
[312.625808] (-) TimerEvent: {}
[312.727111] (-) TimerEvent: {}
[312.828430] (-) TimerEvent: {}
[312.929735] (-) TimerEvent: {}
[313.031101] (-) TimerEvent: {}
[313.132508] (-) TimerEvent: {}
[313.233904] (-) TimerEvent: {}
[313.335210] (-) TimerEvent: {}
[313.436228] (-) TimerEvent: {}
[313.537298] (-) TimerEvent: {}
[313.638332] (-) TimerEvent: {}
[313.739790] (-) TimerEvent: {}
[313.840802] (-) TimerEvent: {}
[313.941812] (-) TimerEvent: {}
[314.042795] (-) TimerEvent: {}
[314.143782] (-) TimerEvent: {}
[314.244778] (-) TimerEvent: {}
[314.346303] (-) TimerEvent: {}
[314.447801] (-) TimerEvent: {}
[314.549316] (-) TimerEvent: {}
[314.650805] (-) TimerEvent: {}
[314.752288] (-) TimerEvent: {}
[314.853789] (-) TimerEvent: {}
[314.955102] (-) TimerEvent: {}
[315.056522] (-) TimerEvent: {}
[315.157955] (-) TimerEvent: {}
[315.259007] (-) TimerEvent: {}
[315.360044] (-) TimerEvent: {}
[315.461197] (-) TimerEvent: {}
[315.564723] (-) TimerEvent: {}
[315.665860] (-) TimerEvent: {}
[315.767091] (-) TimerEvent: {}
[315.868229] (-) TimerEvent: {}
[315.969682] (-) TimerEvent: {}
[316.070950] (-) TimerEvent: {}
[316.173800] (-) TimerEvent: {}
[316.275043] (-) TimerEvent: {}
[316.315273] (rae_camera) StdoutLine: {'line': b'[ 60%] \x1b[32m\x1b[1mLinking CXX executable stereo_pair\x1b[0m\n'}
[316.375304] (-) TimerEvent: {}
[316.476328] (-) TimerEvent: {}
[316.577341] (-) TimerEvent: {}
[316.678374] (-) TimerEvent: {}
[316.779262] (-) TimerEvent: {}
[316.880264] (-) TimerEvent: {}
[316.981563] (-) TimerEvent: {}
[317.082902] (-) TimerEvent: {}
[317.183937] (-) TimerEvent: {}
[317.285219] (-) TimerEvent: {}
[317.386491] (-) TimerEvent: {}
[317.487761] (-) TimerEvent: {}
[317.589034] (-) TimerEvent: {}
[317.690057] (-) TimerEvent: {}
[317.795267] (-) TimerEvent: {}
[317.896294] (-) TimerEvent: {}
[317.997616] (-) TimerEvent: {}
[318.099833] (-) TimerEvent: {}
[318.201122] (-) TimerEvent: {}
[318.302387] (-) TimerEvent: {}
[318.403636] (-) TimerEvent: {}
[318.504931] (-) TimerEvent: {}
[318.606091] (-) TimerEvent: {}
[318.671281] (rae_camera) StdoutLine: {'line': b'[ 60%] Built target stereo_pair\n'}
[318.706360] (-) TimerEvent: {}
[318.807702] (-) TimerEvent: {}
[318.909074] (-) TimerEvent: {}
[318.974956] (rae_camera) StdoutLine: {'line': b'[ 70%] \x1b[32mBuilding CXX object CMakeFiles/yolo.dir/src/yolo.cpp.o\x1b[0m\n'}
[319.009313] (-) TimerEvent: {}
[319.110663] (-) TimerEvent: {}
[319.211764] (-) TimerEvent: {}
[319.312832] (-) TimerEvent: {}
[319.413841] (-) TimerEvent: {}
[319.514872] (-) TimerEvent: {}
[319.616744] (-) TimerEvent: {}
[319.718075] (-) TimerEvent: {}
[319.819383] (-) TimerEvent: {}
[319.920615] (-) TimerEvent: {}
[320.021994] (-) TimerEvent: {}
[320.123122] (-) TimerEvent: {}
[320.224454] (-) TimerEvent: {}
[320.325744] (-) TimerEvent: {}
[320.426743] (-) TimerEvent: {}
[320.527760] (-) TimerEvent: {}
[320.628717] (-) TimerEvent: {}
[320.729644] (-) TimerEvent: {}
[320.830560] (-) TimerEvent: {}
[320.931564] (-) TimerEvent: {}
[321.032587] (-) TimerEvent: {}
[321.133624] (-) TimerEvent: {}
[321.234695] (-) TimerEvent: {}
[321.338921] (-) TimerEvent: {}
[321.440682] (-) TimerEvent: {}
[321.542075] (-) TimerEvent: {}
[321.643407] (-) TimerEvent: {}
[321.748470] (-) TimerEvent: {}
[321.849470] (-) TimerEvent: {}
[321.950844] (-) TimerEvent: {}
[322.052279] (-) TimerEvent: {}
[322.153732] (-) TimerEvent: {}
[322.255147] (-) TimerEvent: {}
[322.356531] (-) TimerEvent: {}
[322.457907] (-) TimerEvent: {}
[322.559299] (-) TimerEvent: {}
[322.660686] (-) TimerEvent: {}
[322.762026] (-) TimerEvent: {}
[322.863344] (-) TimerEvent: {}
[322.964728] (-) TimerEvent: {}
[323.066174] (-) TimerEvent: {}
[323.167189] (-) TimerEvent: {}
[323.268227] (-) TimerEvent: {}
[323.369255] (-) TimerEvent: {}
[323.470247] (-) TimerEvent: {}
[323.571137] (-) TimerEvent: {}
[323.672357] (-) TimerEvent: {}
[323.773787] (-) TimerEvent: {}
[323.875194] (-) TimerEvent: {}
[323.976227] (-) TimerEvent: {}
[324.077630] (-) TimerEvent: {}
[324.179053] (-) TimerEvent: {}
[324.280558] (-) TimerEvent: {}
[324.381967] (-) TimerEvent: {}
[324.483222] (-) TimerEvent: {}
[324.584637] (-) TimerEvent: {}
[324.686051] (-) TimerEvent: {}
[324.787465] (-) TimerEvent: {}
[324.888849] (-) TimerEvent: {}
[324.990239] (-) TimerEvent: {}
[325.091569] (-) TimerEvent: {}
[325.192802] (-) TimerEvent: {}
[325.294197] (-) TimerEvent: {}
[325.395589] (-) TimerEvent: {}
[325.497090] (-) TimerEvent: {}
[325.598479] (-) TimerEvent: {}
[325.699868] (-) TimerEvent: {}
[325.801190] (-) TimerEvent: {}
[325.902232] (-) TimerEvent: {}
[326.003201] (-) TimerEvent: {}
[326.104001] (-) TimerEvent: {}
[326.204893] (-) TimerEvent: {}
[326.306033] (-) TimerEvent: {}
[326.407203] (-) TimerEvent: {}
[326.508201] (-) TimerEvent: {}
[326.609230] (-) TimerEvent: {}
[326.710258] (-) TimerEvent: {}
[326.811285] (-) TimerEvent: {}
[326.912308] (-) TimerEvent: {}
[327.013766] (-) TimerEvent: {}
[327.115187] (-) TimerEvent: {}
[327.216627] (-) TimerEvent: {}
[327.318118] (-) TimerEvent: {}
[327.419567] (-) TimerEvent: {}
[327.521038] (-) TimerEvent: {}
[327.622443] (-) TimerEvent: {}
[327.723849] (-) TimerEvent: {}
[327.825179] (-) TimerEvent: {}
[327.926524] (-) TimerEvent: {}
[328.027827] (-) TimerEvent: {}
[328.129114] (-) TimerEvent: {}
[328.230444] (-) TimerEvent: {}
[328.331831] (-) TimerEvent: {}
[328.433186] (-) TimerEvent: {}
[328.534543] (-) TimerEvent: {}
[328.635956] (-) TimerEvent: {}
[328.737386] (-) TimerEvent: {}
[328.838739] (-) TimerEvent: {}
[328.943073] (-) TimerEvent: {}
[329.044417] (-) TimerEvent: {}
[329.145591] (-) TimerEvent: {}
[329.246673] (-) TimerEvent: {}
[329.347809] (-) TimerEvent: {}
[329.449271] (-) TimerEvent: {}
[329.550632] (-) TimerEvent: {}
[329.651968] (-) TimerEvent: {}
[329.753222] (-) TimerEvent: {}
[329.854244] (-) TimerEvent: {}
[329.955639] (-) TimerEvent: {}
[330.056986] (-) TimerEvent: {}
[330.158413] (-) TimerEvent: {}
[330.259814] (-) TimerEvent: {}
[330.361094] (-) TimerEvent: {}
[330.462077] (-) TimerEvent: {}
[330.563387] (-) TimerEvent: {}
[330.665045] (-) TimerEvent: {}
[330.766451] (-) TimerEvent: {}
[330.867765] (-) TimerEvent: {}
[330.968913] (-) TimerEvent: {}
[331.070182] (-) TimerEvent: {}
[331.171270] (-) TimerEvent: {}
[331.272631] (-) TimerEvent: {}
[331.373994] (-) TimerEvent: {}
[331.475839] (-) TimerEvent: {}
[331.576868] (-) TimerEvent: {}
[331.677882] (-) TimerEvent: {}
[331.778884] (-) TimerEvent: {}
[331.879891] (-) TimerEvent: {}
[331.981305] (-) TimerEvent: {}
[332.082625] (-) TimerEvent: {}
[332.183763] (-) TimerEvent: {}
[332.285168] (-) TimerEvent: {}
[332.386569] (-) TimerEvent: {}
[332.487915] (-) TimerEvent: {}
[332.589239] (-) TimerEvent: {}
[332.690294] (-) TimerEvent: {}
[332.791369] (-) TimerEvent: {}
[332.892527] (-) TimerEvent: {}
[332.997101] (-) TimerEvent: {}
[333.099572] (-) TimerEvent: {}
[333.200932] (-) TimerEvent: {}
[333.302281] (-) TimerEvent: {}
[333.403676] (-) TimerEvent: {}
[333.505039] (-) TimerEvent: {}
[333.606144] (-) TimerEvent: {}
[333.707162] (-) TimerEvent: {}
[333.808198] (-) TimerEvent: {}
[333.909181] (-) TimerEvent: {}
[334.010114] (-) TimerEvent: {}
[334.111478] (-) TimerEvent: {}
[334.212667] (-) TimerEvent: {}
[334.320708] (-) TimerEvent: {}
[334.426946] (-) TimerEvent: {}
[334.528324] (-) TimerEvent: {}
[334.629664] (-) TimerEvent: {}
[334.732966] (-) TimerEvent: {}
[334.833970] (-) TimerEvent: {}
[334.934976] (-) TimerEvent: {}
[335.036364] (-) TimerEvent: {}
[335.137802] (-) TimerEvent: {}
[335.239135] (-) TimerEvent: {}
[335.340388] (-) TimerEvent: {}
[335.441779] (-) TimerEvent: {}
[335.543163] (-) TimerEvent: {}
[335.644467] (-) TimerEvent: {}
[335.745469] (-) TimerEvent: {}
[335.846470] (-) TimerEvent: {}
[335.947467] (-) TimerEvent: {}
[336.048587] (-) TimerEvent: {}
[336.149677] (-) TimerEvent: {}
[336.250910] (-) TimerEvent: {}
[336.351971] (-) TimerEvent: {}
[336.454351] (-) TimerEvent: {}
[336.555352] (-) TimerEvent: {}
[336.656368] (-) TimerEvent: {}
[336.757385] (-) TimerEvent: {}
[336.862327] (-) TimerEvent: {}
[336.964072] (-) TimerEvent: {}
[337.065039] (-) TimerEvent: {}
[337.166051] (-) TimerEvent: {}
[337.273315] (-) TimerEvent: {}
[337.374299] (-) TimerEvent: {}
[337.475319] (-) TimerEvent: {}
[337.576344] (-) TimerEvent: {}
[337.677388] (-) TimerEvent: {}
[337.778436] (-) TimerEvent: {}
[337.879494] (-) TimerEvent: {}
[337.980523] (-) TimerEvent: {}
[338.081549] (-) TimerEvent: {}
[338.182776] (-) TimerEvent: {}
[338.288235] (-) TimerEvent: {}
[338.389626] (-) TimerEvent: {}
[338.496499] (-) TimerEvent: {}
[338.602609] (-) TimerEvent: {}
[338.703613] (-) TimerEvent: {}
[338.804618] (-) TimerEvent: {}
[338.905645] (-) TimerEvent: {}
[339.006685] (-) TimerEvent: {}
[339.109819] (-) TimerEvent: {}
[339.210806] (-) TimerEvent: {}
[339.311791] (-) TimerEvent: {}
[339.412782] (-) TimerEvent: {}
[339.513771] (-) TimerEvent: {}
[339.614775] (-) TimerEvent: {}
[339.715793] (-) TimerEvent: {}
[339.817194] (-) TimerEvent: {}
[339.918176] (-) TimerEvent: {}
[340.019469] (-) TimerEvent: {}
[340.120858] (-) TimerEvent: {}
[340.222273] (-) TimerEvent: {}
[340.323667] (-) TimerEvent: {}
[340.425042] (-) TimerEvent: {}
[340.526084] (-) TimerEvent: {}
[340.627137] (-) TimerEvent: {}
[340.728497] (-) TimerEvent: {}
[340.829900] (-) TimerEvent: {}
[340.930917] (-) TimerEvent: {}
[341.031936] (-) TimerEvent: {}
[341.132950] (-) TimerEvent: {}
[341.234329] (-) TimerEvent: {}
[341.335713] (-) TimerEvent: {}
[341.437103] (-) TimerEvent: {}
[341.538504] (-) TimerEvent: {}
[341.640288] (-) TimerEvent: {}
[341.741392] (-) TimerEvent: {}
[341.842410] (-) TimerEvent: {}
[341.943422] (-) TimerEvent: {}
[342.044449] (-) TimerEvent: {}
[342.145477] (-) TimerEvent: {}
[342.246857] (-) TimerEvent: {}
[342.348159] (-) TimerEvent: {}
[342.449485] (-) TimerEvent: {}
[342.550866] (-) TimerEvent: {}
[342.652232] (-) TimerEvent: {}
[342.753687] (-) TimerEvent: {}
[342.855067] (-) TimerEvent: {}
[342.956473] (-) TimerEvent: {}
[343.057996] (-) TimerEvent: {}
[343.159331] (-) TimerEvent: {}
[343.260880] (-) TimerEvent: {}
[343.362227] (-) TimerEvent: {}
[343.463686] (-) TimerEvent: {}
[343.565152] (-) TimerEvent: {}
[343.666357] (-) TimerEvent: {}
[343.767806] (-) TimerEvent: {}
[343.869231] (-) TimerEvent: {}
[343.970628] (-) TimerEvent: {}
[344.072005] (-) TimerEvent: {}
[344.173435] (-) TimerEvent: {}
[344.274842] (-) TimerEvent: {}
[344.376270] (-) TimerEvent: {}
[344.477696] (-) TimerEvent: {}
[344.579116] (-) TimerEvent: {}
[344.680512] (-) TimerEvent: {}
[344.781524] (-) TimerEvent: {}
[344.882521] (-) TimerEvent: {}
[344.983512] (-) TimerEvent: {}
[345.084816] (-) TimerEvent: {}
[345.186215] (-) TimerEvent: {}
[345.287630] (-) TimerEvent: {}
[345.389059] (-) TimerEvent: {}
[345.490379] (-) TimerEvent: {}
[345.591679] (-) TimerEvent: {}
[345.693100] (-) TimerEvent: {}
[345.794535] (-) TimerEvent: {}
[345.895952] (-) TimerEvent: {}
[345.996977] (-) TimerEvent: {}
[346.098155] (-) TimerEvent: {}
[346.199484] (-) TimerEvent: {}
[346.300855] (-) TimerEvent: {}
[346.402256] (-) TimerEvent: {}
[346.503643] (-) TimerEvent: {}
[346.605043] (-) TimerEvent: {}
[346.706330] (-) TimerEvent: {}
[346.807739] (-) TimerEvent: {}
[346.909026] (-) TimerEvent: {}
[347.010314] (-) TimerEvent: {}
[347.111532] (-) TimerEvent: {}
[347.212908] (-) TimerEvent: {}
[347.314312] (-) TimerEvent: {}
[347.415640] (-) TimerEvent: {}
[347.516836] (-) TimerEvent: {}
[347.618318] (-) TimerEvent: {}
[347.719608] (-) TimerEvent: {}
[347.820947] (-) TimerEvent: {}
[347.922329] (-) TimerEvent: {}
[348.024048] (-) TimerEvent: {}
[348.125938] (-) TimerEvent: {}
[348.227263] (-) TimerEvent: {}
[348.328908] (-) TimerEvent: {}
[348.430282] (-) TimerEvent: {}
[348.531735] (-) TimerEvent: {}
[348.633088] (-) TimerEvent: {}
[348.734254] (-) TimerEvent: {}
[348.835629] (-) TimerEvent: {}
[348.937003] (-) TimerEvent: {}
[349.038306] (-) TimerEvent: {}
[349.144269] (-) TimerEvent: {}
[349.245673] (-) TimerEvent: {}
[349.347043] (-) TimerEvent: {}
[349.448367] (-) TimerEvent: {}
[349.549766] (-) TimerEvent: {}
[349.651093] (-) TimerEvent: {}
[349.752406] (-) TimerEvent: {}
[349.853825] (-) TimerEvent: {}
[349.955168] (-) TimerEvent: {}
[350.056985] (-) TimerEvent: {}
[350.158377] (-) TimerEvent: {}
[350.263044] (-) TimerEvent: {}
[350.364404] (-) TimerEvent: {}
[350.465784] (-) TimerEvent: {}
[350.567253] (-) TimerEvent: {}
[350.668661] (-) TimerEvent: {}
[350.770155] (-) TimerEvent: {}
[350.871523] (-) TimerEvent: {}
[350.972839] (-) TimerEvent: {}
[351.074234] (-) TimerEvent: {}
[351.175229] (-) TimerEvent: {}
[351.276238] (-) TimerEvent: {}
[351.377175] (-) TimerEvent: {}
[351.478526] (-) TimerEvent: {}
[351.579925] (-) TimerEvent: {}
[351.681337] (-) TimerEvent: {}
[351.782477] (-) TimerEvent: {}
[351.883494] (-) TimerEvent: {}
[351.984567] (-) TimerEvent: {}
[352.086013] (-) TimerEvent: {}
[352.187443] (-) TimerEvent: {}
[352.288834] (-) TimerEvent: {}
[352.390169] (-) TimerEvent: {}
[352.491755] (-) TimerEvent: {}
[352.593111] (-) TimerEvent: {}
[352.694418] (-) TimerEvent: {}
[352.795607] (-) TimerEvent: {}
[352.897017] (-) TimerEvent: {}
[352.998373] (-) TimerEvent: {}
[353.099672] (-) TimerEvent: {}
[353.201109] (-) TimerEvent: {}
[353.302502] (-) TimerEvent: {}
[353.403513] (-) TimerEvent: {}
[353.504538] (-) TimerEvent: {}
[353.605562] (-) TimerEvent: {}
[353.706625] (-) TimerEvent: {}
[353.807871] (-) TimerEvent: {}
[353.909341] (-) TimerEvent: {}
[354.010715] (-) TimerEvent: {}
[354.112105] (-) TimerEvent: {}
[354.213495] (-) TimerEvent: {}
[354.314880] (-) TimerEvent: {}
[354.416280] (-) TimerEvent: {}
[354.469886] (rae_camera) StderrLine: {'line': b'\x1b[01m\x1b[K/ws/src/rae-ros/rae_camera/src/yolo.cpp:\x1b[m\x1b[K In function \xe2\x80\x98\x1b[01m\x1b[Kint main(int, char**)\x1b[m\x1b[K\xe2\x80\x99:\n'}
[354.471369] (rae_camera) StderrLine: {'line': b'\x1b[01m\x1b[K/ws/src/rae-ros/rae_camera/src/yolo.cpp:68:54:\x1b[m\x1b[K \x1b[01;35m\x1b[Kwarning: \x1b[m\x1b[K\xe2\x80\x98\x1b[01m\x1b[Kdai::CameraBoardSocket::LEFT\x1b[m\x1b[K\xe2\x80\x99 is deprecated [\x1b[01;35m\x1b[K-Wdeprecated-declarations\x1b[m\x1b[K]\n'}
[354.471756] (rae_camera) StderrLine: {'line': b'   68 |   monoLeft->setBoardSocket(dai::CameraBoardSocket::\x1b[01;35m\x1b[KLEFT\x1b[m\x1b[K);\n'}
[354.472115] (rae_camera) StderrLine: {'line': b'      |                                                    \x1b[01;35m\x1b[K^~~~\x1b[m\x1b[K\n'}
[354.472466] (rae_camera) StderrLine: {'line': b'\n'}
[354.472821] (rae_camera) StderrLine: {'line': b'In file included from \x1b[01m\x1b[K/usr/local/include/depthai/device/CalibrationHandler.hpp:5\x1b[m\x1b[K,\n'}
[354.473171] (rae_camera) StderrLine: {'line': b'                 from \x1b[01m\x1b[K/usr/local/include/depthai/depthai.hpp:9\x1b[m\x1b[K,\n'}
[354.473519] (rae_camera) StderrLine: {'line': b'                 from \x1b[01m\x1b[K/ws/src/rae-ros/rae_camera/src/yolo.cpp:5\x1b[m\x1b[K:\n'}
[354.473863] (rae_camera) StderrLine: {'line': b'\x1b[01m\x1b[K/usr/local/include/depthai-shared/common/CameraBoardSocket.hpp:25:5:\x1b[m\x1b[K \x1b[01;36m\x1b[Knote: \x1b[m\x1b[Kdeclared here\n'}
[354.474215] (rae_camera) StderrLine: {'line': b'   25 |     \x1b[01;36m\x1b[KLEFT\x1b[m\x1b[K [[deprecated]] = CAM_B,\n'}
[354.474564] (rae_camera) StderrLine: {'line': b'      |     \x1b[01;36m\x1b[K^~~~\x1b[m\x1b[K\n'}
[354.474907] (rae_camera) StderrLine: {'line': b'\x1b[01m\x1b[K/ws/src/rae-ros/rae_camera/src/yolo.cpp:68:54:\x1b[m\x1b[K \x1b[01;35m\x1b[Kwarning: \x1b[m\x1b[K\xe2\x80\x98\x1b[01m\x1b[Kdai::CameraBoardSocket::LEFT\x1b[m\x1b[K\xe2\x80\x99 is deprecated [\x1b[01;35m\x1b[K-Wdeprecated-declarations\x1b[m\x1b[K]\n'}
[354.475258] (rae_camera) StderrLine: {'line': b'   68 |   monoLeft->setBoardSocket(dai::CameraBoardSocket::\x1b[01;35m\x1b[KLEFT\x1b[m\x1b[K);\n'}
[354.475603] (rae_camera) StderrLine: {'line': b'      |                                                    \x1b[01;35m\x1b[K^~~~\x1b[m\x1b[K\n'}
[354.475949] (rae_camera) StderrLine: {'line': b'\n'}
[354.476291] (rae_camera) StderrLine: {'line': b'In file included from \x1b[01m\x1b[K/usr/local/include/depthai/device/CalibrationHandler.hpp:5\x1b[m\x1b[K,\n'}
[354.476632] (rae_camera) StderrLine: {'line': b'                 from \x1b[01m\x1b[K/usr/local/include/depthai/depthai.hpp:9\x1b[m\x1b[K,\n'}
[354.476986] (rae_camera) StderrLine: {'line': b'                 from \x1b[01m\x1b[K/ws/src/rae-ros/rae_camera/src/yolo.cpp:5\x1b[m\x1b[K:\n'}
[354.477333] (rae_camera) StderrLine: {'line': b'\x1b[01m\x1b[K/usr/local/include/depthai-shared/common/CameraBoardSocket.hpp:25:5:\x1b[m\x1b[K \x1b[01;36m\x1b[Knote: \x1b[m\x1b[Kdeclared here\n'}
[354.477675] (rae_camera) StderrLine: {'line': b'   25 |     \x1b[01;36m\x1b[KLEFT\x1b[m\x1b[K [[deprecated]] = CAM_B,\n'}
[354.478019] (rae_camera) StderrLine: {'line': b'      |     \x1b[01;36m\x1b[K^~~~\x1b[m\x1b[K\n'}
[354.478360] (rae_camera) StderrLine: {'line': b'\x1b[01m\x1b[K/ws/src/rae-ros/rae_camera/src/yolo.cpp:70:55:\x1b[m\x1b[K \x1b[01;35m\x1b[Kwarning: \x1b[m\x1b[K\xe2\x80\x98\x1b[01m\x1b[Kdai::CameraBoardSocket::RIGHT\x1b[m\x1b[K\xe2\x80\x99 is deprecated [\x1b[01;35m\x1b[K-Wdeprecated-declarations\x1b[m\x1b[K]\n'}
[354.478709] (rae_camera) StderrLine: {'line': b'   70 | monoRight->setBoardSocket(dai::CameraBoardSocket::\x1b[01;35m\x1b[KRIGHT\x1b[m\x1b[K);\n'}
[354.479071] (rae_camera) StderrLine: {'line': b'      |                                                   \x1b[01;35m\x1b[K^~~~~\x1b[m\x1b[K\n'}
[354.479425] (rae_camera) StderrLine: {'line': b'\n'}
[354.479768] (rae_camera) StderrLine: {'line': b'In file included from \x1b[01m\x1b[K/usr/local/include/depthai/device/CalibrationHandler.hpp:5\x1b[m\x1b[K,\n'}
[354.480113] (rae_camera) StderrLine: {'line': b'                 from \x1b[01m\x1b[K/usr/local/include/depthai/depthai.hpp:9\x1b[m\x1b[K,\n'}
[354.480457] (rae_camera) StderrLine: {'line': b'                 from \x1b[01m\x1b[K/ws/src/rae-ros/rae_camera/src/yolo.cpp:5\x1b[m\x1b[K:\n'}
[354.480818] (rae_camera) StderrLine: {'line': b'\x1b[01m\x1b[K/usr/local/include/depthai-shared/common/CameraBoardSocket.hpp:26:5:\x1b[m\x1b[K \x1b[01;36m\x1b[Knote: \x1b[m\x1b[Kdeclared here\n'}
[354.481180] (rae_camera) StderrLine: {'line': b'   26 |     \x1b[01;36m\x1b[KRIGHT\x1b[m\x1b[K [[deprecated]] = CAM_C,\n'}
[354.481525] (rae_camera) StderrLine: {'line': b'      |     \x1b[01;36m\x1b[K^~~~~\x1b[m\x1b[K\n'}
[354.481868] (rae_camera) StderrLine: {'line': b'\x1b[01m\x1b[K/ws/src/rae-ros/rae_camera/src/yolo.cpp:70:55:\x1b[m\x1b[K \x1b[01;35m\x1b[Kwarning: \x1b[m\x1b[K\xe2\x80\x98\x1b[01m\x1b[Kdai::CameraBoardSocket::RIGHT\x1b[m\x1b[K\xe2\x80\x99 is deprecated [\x1b[01;35m\x1b[K-Wdeprecated-declarations\x1b[m\x1b[K]\n'}
[354.482218] (rae_camera) StderrLine: {'line': b'   70 | monoRight->setBoardSocket(dai::CameraBoardSocket::\x1b[01;35m\x1b[KRIGHT\x1b[m\x1b[K);\n'}
[354.482562] (rae_camera) StderrLine: {'line': b'      |                                                   \x1b[01;35m\x1b[K^~~~~\x1b[m\x1b[K\n'}
[354.482907] (rae_camera) StderrLine: {'line': b'\n'}
[354.483247] (rae_camera) StderrLine: {'line': b'In file included from \x1b[01m\x1b[K/usr/local/include/depthai/device/CalibrationHandler.hpp:5\x1b[m\x1b[K,\n'}
[354.483593] (rae_camera) StderrLine: {'line': b'                 from \x1b[01m\x1b[K/usr/local/include/depthai/depthai.hpp:9\x1b[m\x1b[K,\n'}
[354.483941] (rae_camera) StderrLine: {'line': b'                 from \x1b[01m\x1b[K/ws/src/rae-ros/rae_camera/src/yolo.cpp:5\x1b[m\x1b[K:\n'}
[354.484286] (rae_camera) StderrLine: {'line': b'\x1b[01m\x1b[K/usr/local/include/depthai-shared/common/CameraBoardSocket.hpp:26:5:\x1b[m\x1b[K \x1b[01;36m\x1b[Knote: \x1b[m\x1b[Kdeclared here\n'}
[354.484630] (rae_camera) StderrLine: {'line': b'   26 |     \x1b[01;36m\x1b[KRIGHT\x1b[m\x1b[K [[deprecated]] = CAM_C,\n'}
[354.484999] (rae_camera) StderrLine: {'line': b'      |     \x1b[01;36m\x1b[K^~~~~\x1b[m\x1b[K\n'}
[354.516536] (-) TimerEvent: {}
[354.617616] (-) TimerEvent: {}
[354.719069] (-) TimerEvent: {}
[354.820400] (-) TimerEvent: {}
[354.921737] (-) TimerEvent: {}
[355.023206] (-) TimerEvent: {}
[355.124625] (-) TimerEvent: {}
[355.226106] (-) TimerEvent: {}
[355.327511] (-) TimerEvent: {}
[355.428399] (-) TimerEvent: {}
[355.529720] (-) TimerEvent: {}
[355.631086] (-) TimerEvent: {}
[355.732226] (-) TimerEvent: {}
[355.833612] (-) TimerEvent: {}
[355.935081] (-) TimerEvent: {}
[356.036075] (-) TimerEvent: {}
[356.137034] (-) TimerEvent: {}
[356.238043] (-) TimerEvent: {}
[356.339041] (-) TimerEvent: {}
[356.440091] (-) TimerEvent: {}
[356.541105] (-) TimerEvent: {}
[356.642097] (-) TimerEvent: {}
[356.743109] (-) TimerEvent: {}
[356.844105] (-) TimerEvent: {}
[356.945111] (-) TimerEvent: {}
[357.046568] (-) TimerEvent: {}
[357.147938] (-) TimerEvent: {}
[357.249341] (-) TimerEvent: {}
[357.350712] (-) TimerEvent: {}
[357.451724] (-) TimerEvent: {}
[357.553037] (-) TimerEvent: {}
[357.654414] (-) TimerEvent: {}
[357.755795] (-) TimerEvent: {}
[357.857199] (-) TimerEvent: {}
[357.961471] (-) TimerEvent: {}
[358.062775] (-) TimerEvent: {}
[358.165650] (-) TimerEvent: {}
[358.267066] (-) TimerEvent: {}
[358.373866] (-) TimerEvent: {}
[358.475282] (-) TimerEvent: {}
[358.576488] (-) TimerEvent: {}
[358.677520] (-) TimerEvent: {}
[358.778506] (-) TimerEvent: {}
[358.879481] (-) TimerEvent: {}
[358.980455] (-) TimerEvent: {}
[359.081499] (-) TimerEvent: {}
[359.182910] (-) TimerEvent: {}
[359.284278] (-) TimerEvent: {}
[359.385613] (-) TimerEvent: {}
[359.486635] (-) TimerEvent: {}
[359.587660] (-) TimerEvent: {}
[359.688693] (-) TimerEvent: {}
[359.789700] (-) TimerEvent: {}
[359.890697] (-) TimerEvent: {}
[359.991676] (-) TimerEvent: {}
[360.092649] (-) TimerEvent: {}
[360.193625] (-) TimerEvent: {}
[360.294654] (-) TimerEvent: {}
[360.395639] (-) TimerEvent: {}
[360.496914] (-) TimerEvent: {}
[360.598273] (-) TimerEvent: {}
[360.699643] (-) TimerEvent: {}
[360.801036] (-) TimerEvent: {}
[360.903409] (-) TimerEvent: {}
[361.004786] (-) TimerEvent: {}
[361.106083] (-) TimerEvent: {}
[361.207015] (-) TimerEvent: {}
[361.307969] (-) TimerEvent: {}
[361.408808] (-) TimerEvent: {}
[361.511510] (-) TimerEvent: {}
[361.612651] (-) TimerEvent: {}
[361.713712] (-) TimerEvent: {}
[361.814719] (-) TimerEvent: {}
[361.915715] (-) TimerEvent: {}
[362.016693] (-) TimerEvent: {}
[362.117756] (-) TimerEvent: {}
[362.222674] (-) TimerEvent: {}
[362.323662] (-) TimerEvent: {}
[362.424635] (-) TimerEvent: {}
[362.525650] (-) TimerEvent: {}
[362.628673] (-) TimerEvent: {}
[362.729983] (-) TimerEvent: {}
[362.831135] (-) TimerEvent: {}
[362.936684] (-) TimerEvent: {}
[363.037852] (-) TimerEvent: {}
[363.138993] (-) TimerEvent: {}
[363.240212] (-) TimerEvent: {}
[363.341437] (-) TimerEvent: {}
[363.443033] (-) TimerEvent: {}
[363.543992] (-) TimerEvent: {}
[363.645019] (-) TimerEvent: {}
[363.746188] (-) TimerEvent: {}
[363.847366] (-) TimerEvent: {}
[363.952055] (-) TimerEvent: {}
[364.053332] (-) TimerEvent: {}
[364.154491] (-) TimerEvent: {}
[364.256111] (-) TimerEvent: {}
[364.358020] (-) TimerEvent: {}
[364.459593] (-) TimerEvent: {}
[364.561199] (-) TimerEvent: {}
[364.662818] (-) TimerEvent: {}
[364.764248] (-) TimerEvent: {}
[364.865673] (-) TimerEvent: {}
[364.967078] (-) TimerEvent: {}
[365.068483] (-) TimerEvent: {}
[365.169994] (-) TimerEvent: {}
[365.271416] (-) TimerEvent: {}
[365.376876] (-) TimerEvent: {}
[365.478319] (-) TimerEvent: {}
[365.579336] (-) TimerEvent: {}
[365.680637] (-) TimerEvent: {}
[365.782039] (-) TimerEvent: {}
[365.889848] (-) TimerEvent: {}
[365.994016] (-) TimerEvent: {}
[366.095466] (-) TimerEvent: {}
[366.196562] (-) TimerEvent: {}
[366.297585] (-) TimerEvent: {}
[366.398593] (-) TimerEvent: {}
[366.499584] (-) TimerEvent: {}
[366.600532] (-) TimerEvent: {}
[366.703587] (-) TimerEvent: {}
[366.804592] (-) TimerEvent: {}
[366.905652] (-) TimerEvent: {}
[367.006656] (-) TimerEvent: {}
[367.107662] (-) TimerEvent: {}
[367.208676] (-) TimerEvent: {}
[367.309718] (-) TimerEvent: {}
[367.410697] (-) TimerEvent: {}
[367.511487] (-) TimerEvent: {}
[367.612331] (-) TimerEvent: {}
[367.713310] (-) TimerEvent: {}
[367.815030] (-) TimerEvent: {}
[367.916411] (-) TimerEvent: {}
[368.017726] (-) TimerEvent: {}
[368.118930] (-) TimerEvent: {}
[368.220281] (-) TimerEvent: {}
[368.321685] (-) TimerEvent: {}
[368.423043] (-) TimerEvent: {}
[368.524542] (-) TimerEvent: {}
[368.625864] (-) TimerEvent: {}
[368.727209] (-) TimerEvent: {}
[368.828596] (-) TimerEvent: {}
[368.930380] (-) TimerEvent: {}
[369.032026] (-) TimerEvent: {}
[369.133671] (-) TimerEvent: {}
[369.235225] (-) TimerEvent: {}
[369.336773] (-) TimerEvent: {}
[369.438162] (-) TimerEvent: {}
[369.539186] (-) TimerEvent: {}
[369.640183] (-) TimerEvent: {}
[369.741193] (-) TimerEvent: {}
[369.842200] (-) TimerEvent: {}
[369.943193] (-) TimerEvent: {}
[370.044206] (-) TimerEvent: {}
[370.145228] (-) TimerEvent: {}
[370.246229] (-) TimerEvent: {}
[370.347214] (-) TimerEvent: {}
[370.448211] (-) TimerEvent: {}
[370.549249] (-) TimerEvent: {}
[370.650262] (-) TimerEvent: {}
[370.751251] (-) TimerEvent: {}
[370.852285] (-) TimerEvent: {}
[370.953347] (-) TimerEvent: {}
[371.054378] (-) TimerEvent: {}
[371.155426] (-) TimerEvent: {}
[371.256423] (-) TimerEvent: {}
[371.357425] (-) TimerEvent: {}
[371.458434] (-) TimerEvent: {}
[371.559755] (-) TimerEvent: {}
[371.661142] (-) TimerEvent: {}
[371.762512] (-) TimerEvent: {}
[371.863809] (-) TimerEvent: {}
[371.965135] (-) TimerEvent: {}
[372.066441] (-) TimerEvent: {}
[372.167758] (-) TimerEvent: {}
[372.269166] (-) TimerEvent: {}
[372.370583] (-) TimerEvent: {}
[372.471943] (-) TimerEvent: {}
[372.573254] (-) TimerEvent: {}
[372.674668] (-) TimerEvent: {}
[372.775867] (-) TimerEvent: {}
[372.877300] (-) TimerEvent: {}
[372.979065] (-) TimerEvent: {}
[373.080480] (-) TimerEvent: {}
[373.181826] (-) TimerEvent: {}
[373.283133] (-) TimerEvent: {}
[373.384541] (-) TimerEvent: {}
[373.485932] (-) TimerEvent: {}
[373.586932] (-) TimerEvent: {}
[373.687926] (-) TimerEvent: {}
[373.788952] (-) TimerEvent: {}
[373.889934] (-) TimerEvent: {}
[373.990919] (-) TimerEvent: {}
[374.091912] (-) TimerEvent: {}
[374.192903] (-) TimerEvent: {}
[374.294281] (-) TimerEvent: {}
[374.395619] (-) TimerEvent: {}
[374.496930] (-) TimerEvent: {}
[374.598331] (-) TimerEvent: {}
[374.699667] (-) TimerEvent: {}
[374.801008] (-) TimerEvent: {}
[374.902410] (-) TimerEvent: {}
[375.003801] (-) TimerEvent: {}
[375.105236] (-) TimerEvent: {}
[375.206560] (-) TimerEvent: {}
[375.308581] (-) TimerEvent: {}
[375.409909] (-) TimerEvent: {}
[375.511283] (-) TimerEvent: {}
[375.612294] (-) TimerEvent: {}
[375.718960] (-) TimerEvent: {}
[375.820282] (-) TimerEvent: {}
[375.921304] (-) TimerEvent: {}
[376.022310] (-) TimerEvent: {}
[376.123694] (-) TimerEvent: {}
[376.224892] (-) TimerEvent: {}
[376.326233] (-) TimerEvent: {}
[376.427606] (-) TimerEvent: {}
[376.529035] (-) TimerEvent: {}
[376.630411] (-) TimerEvent: {}
[376.731802] (-) TimerEvent: {}
[376.832914] (-) TimerEvent: {}
[376.934042] (-) TimerEvent: {}
[377.035066] (-) TimerEvent: {}
[377.136479] (-) TimerEvent: {}
[377.237856] (-) TimerEvent: {}
[377.339125] (-) TimerEvent: {}
[377.440527] (-) TimerEvent: {}
[377.541960] (-) TimerEvent: {}
[377.643361] (-) TimerEvent: {}
[377.744935] (-) TimerEvent: {}
[377.846238] (-) TimerEvent: {}
[377.947385] (-) TimerEvent: {}
[378.053739] (-) TimerEvent: {}
[378.155099] (-) TimerEvent: {}
[378.256275] (-) TimerEvent: {}
[378.357863] (-) TimerEvent: {}
[378.459229] (-) TimerEvent: {}
[378.560557] (-) TimerEvent: {}
[378.661928] (-) TimerEvent: {}
[378.763770] (-) TimerEvent: {}
[378.866830] (-) TimerEvent: {}
[378.968202] (-) TimerEvent: {}
[379.069588] (-) TimerEvent: {}
[379.170914] (-) TimerEvent: {}
[379.272327] (-) TimerEvent: {}
[379.373710] (-) TimerEvent: {}
[379.475080] (-) TimerEvent: {}
[379.576451] (-) TimerEvent: {}
[379.677849] (-) TimerEvent: {}
[379.779220] (-) TimerEvent: {}
[379.880541] (-) TimerEvent: {}
[379.981867] (-) TimerEvent: {}
[380.083265] (-) TimerEvent: {}
[380.184677] (-) TimerEvent: {}
[380.285987] (-) TimerEvent: {}
[380.387321] (-) TimerEvent: {}
[380.488317] (-) TimerEvent: {}
[380.589316] (-) TimerEvent: {}
[380.690297] (-) TimerEvent: {}
[380.791269] (-) TimerEvent: {}
[380.892230] (-) TimerEvent: {}
[380.993213] (-) TimerEvent: {}
[381.094185] (-) TimerEvent: {}
[381.195182] (-) TimerEvent: {}
[381.296191] (-) TimerEvent: {}
[381.397209] (-) TimerEvent: {}
[381.498215] (-) TimerEvent: {}
[381.599229] (-) TimerEvent: {}
[381.700244] (-) TimerEvent: {}
[381.801260] (-) TimerEvent: {}
[381.902240] (-) TimerEvent: {}
[382.003249] (-) TimerEvent: {}
[382.104270] (-) TimerEvent: {}
[382.205729] (-) TimerEvent: {}
[382.307138] (-) TimerEvent: {}
[382.408441] (-) TimerEvent: {}
[382.509588] (-) TimerEvent: {}
[382.610707] (-) TimerEvent: {}
[382.712039] (-) TimerEvent: {}
[382.813362] (-) TimerEvent: {}
[382.914673] (-) TimerEvent: {}
[383.016020] (-) TimerEvent: {}
[383.117249] (-) TimerEvent: {}
[383.218231] (-) TimerEvent: {}
[383.319429] (-) TimerEvent: {}
[383.420763] (-) TimerEvent: {}
[383.522178] (-) TimerEvent: {}
[383.623370] (-) TimerEvent: {}
[383.724442] (-) TimerEvent: {}
[383.825687] (-) TimerEvent: {}
[383.926973] (-) TimerEvent: {}
[384.028358] (-) TimerEvent: {}
[384.129589] (-) TimerEvent: {}
[384.230667] (-) TimerEvent: {}
[384.331964] (-) TimerEvent: {}
[384.433348] (-) TimerEvent: {}
[384.534648] (-) TimerEvent: {}
[384.636554] (-) TimerEvent: {}
[384.737904] (-) TimerEvent: {}
[384.839209] (-) TimerEvent: {}
[384.940598] (-) TimerEvent: {}
[385.041966] (-) TimerEvent: {}
[385.143224] (-) TimerEvent: {}
[385.244544] (-) TimerEvent: {}
[385.345863] (-) TimerEvent: {}
[385.447173] (-) TimerEvent: {}
[385.548462] (-) TimerEvent: {}
[385.649726] (-) TimerEvent: {}
[385.751088] (-) TimerEvent: {}
[385.852498] (-) TimerEvent: {}
[385.953890] (-) TimerEvent: {}
[386.055293] (-) TimerEvent: {}
[386.156395] (-) TimerEvent: {}
[386.257428] (-) TimerEvent: {}
[386.358433] (-) TimerEvent: {}
[386.459758] (-) TimerEvent: {}
[386.560812] (-) TimerEvent: {}
[386.661987] (-) TimerEvent: {}
[386.763108] (-) TimerEvent: {}
[386.864112] (-) TimerEvent: {}
[386.965052] (-) TimerEvent: {}
[387.066200] (-) TimerEvent: {}
[387.170060] (-) TimerEvent: {}
[387.271090] (-) TimerEvent: {}
[387.372115] (-) TimerEvent: {}
[387.473152] (-) TimerEvent: {}
[387.574206] (-) TimerEvent: {}
[387.675286] (-) TimerEvent: {}
[387.776183] (-) TimerEvent: {}
[387.877154] (-) TimerEvent: {}
[387.978100] (-) TimerEvent: {}
[388.079099] (-) TimerEvent: {}
[388.180121] (-) TimerEvent: {}
[388.281209] (-) TimerEvent: {}
[388.382220] (-) TimerEvent: {}
[388.483221] (-) TimerEvent: {}
[388.584363] (-) TimerEvent: {}
[388.685763] (-) TimerEvent: {}
[388.786820] (-) TimerEvent: {}
[388.887978] (-) TimerEvent: {}
[388.989292] (-) TimerEvent: {}
[389.090326] (-) TimerEvent: {}
[389.191727] (-) TimerEvent: {}
[389.293197] (-) TimerEvent: {}
[389.394121] (-) TimerEvent: {}
[389.495202] (-) TimerEvent: {}
[389.597319] (-) TimerEvent: {}
[389.699221] (-) TimerEvent: {}
[389.800234] (-) TimerEvent: {}
[389.901222] (-) TimerEvent: {}
[390.002218] (-) TimerEvent: {}
[390.103257] (-) TimerEvent: {}
[390.204317] (-) TimerEvent: {}
[390.305366] (-) TimerEvent: {}
[390.406468] (-) TimerEvent: {}
[390.507457] (-) TimerEvent: {}
[390.608462] (-) TimerEvent: {}
[390.709420] (-) TimerEvent: {}
[390.810251] (-) TimerEvent: {}
[390.911379] (-) TimerEvent: {}
[391.012482] (-) TimerEvent: {}
[391.113365] (-) TimerEvent: {}
[391.214419] (-) TimerEvent: {}
[391.315943] (-) TimerEvent: {}
[391.418975] (-) TimerEvent: {}
[391.520044] (-) TimerEvent: {}
[391.622383] (-) TimerEvent: {}
[391.723807] (-) TimerEvent: {}
[391.825299] (-) TimerEvent: {}
[391.926772] (-) TimerEvent: {}
[392.028266] (-) TimerEvent: {}
[392.129294] (-) TimerEvent: {}
[392.230302] (-) TimerEvent: {}
[392.331273] (-) TimerEvent: {}
[392.432135] (-) TimerEvent: {}
[392.533552] (-) TimerEvent: {}
[392.634937] (-) TimerEvent: {}
[392.740363] (-) TimerEvent: {}
[392.841738] (-) TimerEvent: {}
[392.943122] (-) TimerEvent: {}
[393.044139] (-) TimerEvent: {}
[393.145298] (-) TimerEvent: {}
[393.246346] (-) TimerEvent: {}
[393.347363] (-) TimerEvent: {}
[393.448366] (-) TimerEvent: {}
[393.549420] (-) TimerEvent: {}
[393.650459] (-) TimerEvent: {}
[393.751512] (-) TimerEvent: {}
[393.852493] (-) TimerEvent: {}
[393.953895] (-) TimerEvent: {}
[394.055278] (-) TimerEvent: {}
[394.156427] (-) TimerEvent: {}
[394.257747] (-) TimerEvent: {}
[394.358922] (-) TimerEvent: {}
[394.460224] (-) TimerEvent: {}
[394.568983] (-) TimerEvent: {}
[394.670184] (-) TimerEvent: {}
[394.771629] (-) TimerEvent: {}
[394.873012] (-) TimerEvent: {}
[394.974173] (-) TimerEvent: {}
[395.075448] (-) TimerEvent: {}
[395.176594] (-) TimerEvent: {}
[395.278028] (-) TimerEvent: {}
[395.379106] (-) TimerEvent: {}
[395.480448] (-) TimerEvent: {}
[395.581862] (-) TimerEvent: {}
[395.683234] (-) TimerEvent: {}
[395.784280] (-) TimerEvent: {}
[395.885341] (-) TimerEvent: {}
[395.986373] (-) TimerEvent: {}
[396.087825] (-) TimerEvent: {}
[396.188957] (-) TimerEvent: {}
[396.290912] (-) TimerEvent: {}
[396.392116] (-) TimerEvent: {}
[396.493125] (-) TimerEvent: {}
[396.594141] (-) TimerEvent: {}
[396.695220] (-) TimerEvent: {}
[396.799150] (-) TimerEvent: {}
[396.900181] (-) TimerEvent: {}
[397.001225] (-) TimerEvent: {}
[397.102221] (-) TimerEvent: {}
[397.203219] (-) TimerEvent: {}
[397.304641] (-) TimerEvent: {}
[397.412710] (-) TimerEvent: {}
[397.513952] (-) TimerEvent: {}
[397.620610] (-) TimerEvent: {}
[397.721690] (-) TimerEvent: {}
[397.822731] (-) TimerEvent: {}
[397.923822] (-) TimerEvent: {}
[397.935337] (rae_camera) StdoutLine: {'line': b'[ 80%] \x1b[32m\x1b[1mLinking CXX executable yolo\x1b[0m\n'}
[398.024092] (-) TimerEvent: {}
[398.125546] (-) TimerEvent: {}
[398.226888] (-) TimerEvent: {}
[398.328258] (-) TimerEvent: {}
[398.431523] (-) TimerEvent: {}
[398.532948] (-) TimerEvent: {}
[398.634080] (-) TimerEvent: {}
[398.735107] (-) TimerEvent: {}
[398.836126] (-) TimerEvent: {}
[398.937098] (-) TimerEvent: {}
[399.043854] (-) TimerEvent: {}
[399.144971] (-) TimerEvent: {}
[399.250897] (-) TimerEvent: {}
[399.351926] (-) TimerEvent: {}
[399.452899] (-) TimerEvent: {}
[399.554355] (-) TimerEvent: {}
[399.655550] (-) TimerEvent: {}
[399.756946] (-) TimerEvent: {}
[399.858268] (-) TimerEvent: {}
[399.959524] (-) TimerEvent: {}
[400.060958] (-) TimerEvent: {}
[400.162338] (-) TimerEvent: {}
[400.263848] (-) TimerEvent: {}
[400.365306] (-) TimerEvent: {}
[400.467812] (-) TimerEvent: {}
[400.569232] (-) TimerEvent: {}
[400.670635] (-) TimerEvent: {}
[400.772043] (-) TimerEvent: {}
[400.778036] (rae_camera) StdoutLine: {'line': b'[ 80%] Built target yolo\n'}
[400.872294] (-) TimerEvent: {}
[400.973713] (-) TimerEvent: {}
[401.075089] (-) TimerEvent: {}
[401.100011] (rae_camera) StdoutLine: {'line': b'[ 90%] \x1b[32mBuilding CXX object CMakeFiles/stereo_depth.dir/src/stereo_depth.cpp.o\x1b[0m\n'}
[401.175371] (-) TimerEvent: {}
[401.277112] (-) TimerEvent: {}
[401.380670] (-) TimerEvent: {}
[401.481753] (-) TimerEvent: {}
[401.582836] (-) TimerEvent: {}
[401.683853] (-) TimerEvent: {}
[401.784840] (-) TimerEvent: {}
[401.886169] (-) TimerEvent: {}
[401.987359] (-) TimerEvent: {}
[402.088802] (-) TimerEvent: {}
[402.190110] (-) TimerEvent: {}
[402.291216] (-) TimerEvent: {}
[402.392056] (-) TimerEvent: {}
[402.492976] (-) TimerEvent: {}
[402.594204] (-) TimerEvent: {}
[402.695571] (-) TimerEvent: {}
[402.796938] (-) TimerEvent: {}
[402.898301] (-) TimerEvent: {}
[402.999651] (-) TimerEvent: {}
[403.100994] (-) TimerEvent: {}
[403.202394] (-) TimerEvent: {}
[403.303720] (-) TimerEvent: {}
[403.405081] (-) TimerEvent: {}
[403.506385] (-) TimerEvent: {}
[403.607728] (-) TimerEvent: {}
[403.709080] (-) TimerEvent: {}
[403.809850] (-) TimerEvent: {}
[403.910676] (-) TimerEvent: {}
[404.012028] (-) TimerEvent: {}
[404.113451] (-) TimerEvent: {}
[404.214797] (-) TimerEvent: {}
[404.316023] (-) TimerEvent: {}
[404.417220] (-) TimerEvent: {}
[404.518242] (-) TimerEvent: {}
[404.619260] (-) TimerEvent: {}
[404.720288] (-) TimerEvent: {}
[404.821750] (-) TimerEvent: {}
[404.923136] (-) TimerEvent: {}
[405.024519] (-) TimerEvent: {}
[405.125948] (-) TimerEvent: {}
[405.227355] (-) TimerEvent: {}
[405.328732] (-) TimerEvent: {}
[405.430101] (-) TimerEvent: {}
[405.531466] (-) TimerEvent: {}
[405.632882] (-) TimerEvent: {}
[405.738368] (-) TimerEvent: {}
[405.839390] (-) TimerEvent: {}
[405.940420] (-) TimerEvent: {}
[406.041492] (-) TimerEvent: {}
[406.142514] (-) TimerEvent: {}
[406.243621] (-) TimerEvent: {}
[406.345679] (-) TimerEvent: {}
[406.447298] (-) TimerEvent: {}
[406.548220] (-) TimerEvent: {}
[406.652679] (-) TimerEvent: {}
[406.753826] (-) TimerEvent: {}
[406.855464] (-) TimerEvent: {}
[406.956765] (-) TimerEvent: {}
[407.058133] (-) TimerEvent: {}
[407.159474] (-) TimerEvent: {}
[407.260804] (-) TimerEvent: {}
[407.362163] (-) TimerEvent: {}
[407.462985] (-) TimerEvent: {}
[407.563803] (-) TimerEvent: {}
[407.664807] (-) TimerEvent: {}
[407.765842] (-) TimerEvent: {}
[407.866859] (-) TimerEvent: {}
[407.967861] (-) TimerEvent: {}
[408.069368] (-) TimerEvent: {}
[408.170777] (-) TimerEvent: {}
[408.272120] (-) TimerEvent: {}
[408.373362] (-) TimerEvent: {}
[408.474354] (-) TimerEvent: {}
[408.575379] (-) TimerEvent: {}
[408.679000] (-) TimerEvent: {}
[408.780970] (-) TimerEvent: {}
[408.881959] (-) TimerEvent: {}
[408.982957] (-) TimerEvent: {}
[409.083983] (-) TimerEvent: {}
[409.185080] (-) TimerEvent: {}
[409.286095] (-) TimerEvent: {}
[409.387258] (-) TimerEvent: {}
[409.488347] (-) TimerEvent: {}
[409.589415] (-) TimerEvent: {}
[409.690467] (-) TimerEvent: {}
[409.792055] (-) TimerEvent: {}
[409.893457] (-) TimerEvent: {}
[409.994832] (-) TimerEvent: {}
[410.096212] (-) TimerEvent: {}
[410.197616] (-) TimerEvent: {}
[410.299077] (-) TimerEvent: {}
[410.400471] (-) TimerEvent: {}
[410.501826] (-) TimerEvent: {}
[410.602891] (-) TimerEvent: {}
[410.704052] (-) TimerEvent: {}
[410.805248] (-) TimerEvent: {}
[410.906382] (-) TimerEvent: {}
[411.007727] (-) TimerEvent: {}
[411.108859] (-) TimerEvent: {}
[411.210210] (-) TimerEvent: {}
[411.311214] (-) TimerEvent: {}
[411.417443] (-) TimerEvent: {}
[411.518429] (-) TimerEvent: {}
[411.619410] (-) TimerEvent: {}
[411.722948] (-) TimerEvent: {}
[411.823949] (-) TimerEvent: {}
[411.924976] (-) TimerEvent: {}
[412.025934] (-) TimerEvent: {}
[412.126743] (-) TimerEvent: {}
[412.227624] (-) TimerEvent: {}
[412.328985] (-) TimerEvent: {}
[412.430466] (-) TimerEvent: {}
[412.531874] (-) TimerEvent: {}
[412.633164] (-) TimerEvent: {}
[412.734135] (-) TimerEvent: {}
[412.837017] (-) TimerEvent: {}
[412.938031] (-) TimerEvent: {}
[413.039038] (-) TimerEvent: {}
[413.140028] (-) TimerEvent: {}
[413.241012] (-) TimerEvent: {}
[413.349036] (-) TimerEvent: {}
[413.450407] (-) TimerEvent: {}
[413.554850] (-) TimerEvent: {}
[413.656256] (-) TimerEvent: {}
[413.757550] (-) TimerEvent: {}
[413.862232] (-) TimerEvent: {}
[413.965046] (-) TimerEvent: {}
[414.066446] (-) TimerEvent: {}
[414.167796] (-) TimerEvent: {}
[414.269199] (-) TimerEvent: {}
[414.370609] (-) TimerEvent: {}
[414.471949] (-) TimerEvent: {}
[414.573265] (-) TimerEvent: {}
[414.674648] (-) TimerEvent: {}
[414.783751] (-) TimerEvent: {}
[414.885135] (-) TimerEvent: {}
[414.986497] (-) TimerEvent: {}
[415.087730] (-) TimerEvent: {}
[415.189092] (-) TimerEvent: {}
[415.290160] (-) TimerEvent: {}
[415.391408] (-) TimerEvent: {}
[415.492812] (-) TimerEvent: {}
[415.599796] (-) TimerEvent: {}
[415.700830] (-) TimerEvent: {}
[415.801843] (-) TimerEvent: {}
[415.902845] (-) TimerEvent: {}
[416.003851] (-) TimerEvent: {}
[416.104921] (-) TimerEvent: {}
[416.205939] (-) TimerEvent: {}
[416.306942] (-) TimerEvent: {}
[416.407934] (-) TimerEvent: {}
[416.508952] (-) TimerEvent: {}
[416.609991] (-) TimerEvent: {}
[416.711276] (-) TimerEvent: {}
[416.812376] (-) TimerEvent: {}
[416.913719] (-) TimerEvent: {}
[417.014728] (-) TimerEvent: {}
[417.115717] (-) TimerEvent: {}
[417.216722] (-) TimerEvent: {}
[417.317796] (-) TimerEvent: {}
[417.418809] (-) TimerEvent: {}
[417.519831] (-) TimerEvent: {}
[417.620847] (-) TimerEvent: {}
[417.721859] (-) TimerEvent: {}
[417.822949] (-) TimerEvent: {}
[417.923945] (-) TimerEvent: {}
[418.024918] (-) TimerEvent: {}
[418.125930] (-) TimerEvent: {}
[418.226908] (-) TimerEvent: {}
[418.327904] (-) TimerEvent: {}
[418.428933] (-) TimerEvent: {}
[418.530343] (-) TimerEvent: {}
[418.631736] (-) TimerEvent: {}
[418.733130] (-) TimerEvent: {}
[418.834590] (-) TimerEvent: {}
[418.935992] (-) TimerEvent: {}
[419.037530] (-) TimerEvent: {}
[419.138986] (-) TimerEvent: {}
[419.240372] (-) TimerEvent: {}
[419.343075] (-) TimerEvent: {}
[419.451695] (-) TimerEvent: {}
[419.553141] (-) TimerEvent: {}
[419.654584] (-) TimerEvent: {}
[419.755987] (-) TimerEvent: {}
[419.857421] (-) TimerEvent: {}
[419.958786] (-) TimerEvent: {}
[420.060162] (-) TimerEvent: {}
[420.161606] (-) TimerEvent: {}
[420.270190] (-) TimerEvent: {}
[420.372098] (-) TimerEvent: {}
[420.473559] (-) TimerEvent: {}
[420.574800] (-) TimerEvent: {}
[420.676181] (-) TimerEvent: {}
[420.781361] (-) TimerEvent: {}
[420.882768] (-) TimerEvent: {}
[420.984081] (-) TimerEvent: {}
[421.085228] (-) TimerEvent: {}
[421.186454] (-) TimerEvent: {}
[421.287950] (-) TimerEvent: {}
[421.389286] (-) TimerEvent: {}
[421.490416] (-) TimerEvent: {}
[421.591841] (-) TimerEvent: {}
[421.693299] (-) TimerEvent: {}
[421.794680] (-) TimerEvent: {}
[421.896093] (-) TimerEvent: {}
[421.997505] (-) TimerEvent: {}
[422.098877] (-) TimerEvent: {}
[422.200254] (-) TimerEvent: {}
[422.301602] (-) TimerEvent: {}
[422.402936] (-) TimerEvent: {}
[422.504238] (-) TimerEvent: {}
[422.605489] (-) TimerEvent: {}
[422.706566] (-) TimerEvent: {}
[422.807950] (-) TimerEvent: {}
[422.909343] (-) TimerEvent: {}
[423.010643] (-) TimerEvent: {}
[423.112016] (-) TimerEvent: {}
[423.213485] (-) TimerEvent: {}
[423.314878] (-) TimerEvent: {}
[423.416276] (-) TimerEvent: {}
[423.521033] (-) TimerEvent: {}
[423.622335] (-) TimerEvent: {}
[423.723749] (-) TimerEvent: {}
[423.825092] (-) TimerEvent: {}
[423.926559] (-) TimerEvent: {}
[424.028029] (-) TimerEvent: {}
[424.129457] (-) TimerEvent: {}
[424.230906] (-) TimerEvent: {}
[424.332324] (-) TimerEvent: {}
[424.433977] (-) TimerEvent: {}
[424.535369] (-) TimerEvent: {}
[424.638267] (-) TimerEvent: {}
[424.739571] (-) TimerEvent: {}
[424.841842] (-) TimerEvent: {}
[424.943182] (-) TimerEvent: {}
[425.044463] (-) TimerEvent: {}
[425.145794] (-) TimerEvent: {}
[425.247389] (-) TimerEvent: {}
[425.348819] (-) TimerEvent: {}
[425.453728] (-) TimerEvent: {}
[425.555193] (-) TimerEvent: {}
[425.656553] (-) TimerEvent: {}
[425.757986] (-) TimerEvent: {}
[425.859352] (-) TimerEvent: {}
[425.960647] (-) TimerEvent: {}
[426.065070] (-) TimerEvent: {}
[426.166465] (-) TimerEvent: {}
[426.267869] (-) TimerEvent: {}
[426.369178] (-) TimerEvent: {}
[426.470372] (-) TimerEvent: {}
[426.571742] (-) TimerEvent: {}
[426.672951] (-) TimerEvent: {}
[426.774332] (-) TimerEvent: {}
[426.875713] (-) TimerEvent: {}
[426.977048] (-) TimerEvent: {}
[427.078203] (-) TimerEvent: {}
[427.179634] (-) TimerEvent: {}
[427.281257] (-) TimerEvent: {}
[427.382714] (-) TimerEvent: {}
[427.483795] (-) TimerEvent: {}
[427.584958] (-) TimerEvent: {}
[427.687153] (-) TimerEvent: {}
[427.788548] (-) TimerEvent: {}
[427.889969] (-) TimerEvent: {}
[427.991008] (-) TimerEvent: {}
[428.092430] (-) TimerEvent: {}
[428.193441] (-) TimerEvent: {}
[428.294436] (-) TimerEvent: {}
[428.395442] (-) TimerEvent: {}
[428.496408] (-) TimerEvent: {}
[428.597817] (-) TimerEvent: {}
[428.699176] (-) TimerEvent: {}
[428.800547] (-) TimerEvent: {}
[428.901927] (-) TimerEvent: {}
[429.003329] (-) TimerEvent: {}
[429.104786] (-) TimerEvent: {}
[429.206149] (-) TimerEvent: {}
[429.307565] (-) TimerEvent: {}
[429.408903] (-) TimerEvent: {}
[429.510217] (-) TimerEvent: {}
[429.611539] (-) TimerEvent: {}
[429.712863] (-) TimerEvent: {}
[429.814297] (-) TimerEvent: {}
[429.915718] (-) TimerEvent: {}
[430.016735] (-) TimerEvent: {}
[430.118954] (-) TimerEvent: {}
[430.220004] (-) TimerEvent: {}
[430.321031] (-) TimerEvent: {}
[430.422074] (-) TimerEvent: {}
[430.523540] (-) TimerEvent: {}
[430.624884] (-) TimerEvent: {}
[430.726324] (-) TimerEvent: {}
[430.827727] (-) TimerEvent: {}
[430.929132] (-) TimerEvent: {}
[431.030643] (-) TimerEvent: {}
[431.131652] (-) TimerEvent: {}
[431.232532] (-) TimerEvent: {}
[431.333541] (-) TimerEvent: {}
[431.434561] (-) TimerEvent: {}
[431.535573] (-) TimerEvent: {}
[431.636546] (-) TimerEvent: {}
[431.737503] (-) TimerEvent: {}
[431.838361] (-) TimerEvent: {}
[431.942298] (-) TimerEvent: {}
[432.043361] (-) TimerEvent: {}
[432.144395] (-) TimerEvent: {}
[432.245813] (-) TimerEvent: {}
[432.347204] (-) TimerEvent: {}
[432.448615] (-) TimerEvent: {}
[432.553063] (-) TimerEvent: {}
[432.654543] (-) TimerEvent: {}
[432.755921] (-) TimerEvent: {}
[432.857351] (-) TimerEvent: {}
[432.964955] (-) TimerEvent: {}
[433.071842] (-) TimerEvent: {}
[433.172882] (-) TimerEvent: {}
[433.273893] (-) TimerEvent: {}
[433.374897] (-) TimerEvent: {}
[433.475899] (-) TimerEvent: {}
[433.576960] (-) TimerEvent: {}
[433.680652] (-) TimerEvent: {}
[433.782143] (-) TimerEvent: {}
[433.883537] (-) TimerEvent: {}
[433.984970] (-) TimerEvent: {}
[434.086444] (-) TimerEvent: {}
[434.187827] (-) TimerEvent: {}
[434.289231] (-) TimerEvent: {}
[434.390588] (-) TimerEvent: {}
[434.491925] (-) TimerEvent: {}
[434.593246] (-) TimerEvent: {}
[434.694483] (-) TimerEvent: {}
[434.795395] (-) TimerEvent: {}
[434.896424] (-) TimerEvent: {}
[434.997458] (-) TimerEvent: {}
[435.098844] (-) TimerEvent: {}
[435.200825] (-) TimerEvent: {}
[435.301855] (-) TimerEvent: {}
[435.402886] (-) TimerEvent: {}
[435.503885] (-) TimerEvent: {}
[435.605286] (-) TimerEvent: {}
[435.706638] (-) TimerEvent: {}
[435.807959] (-) TimerEvent: {}
[435.909354] (-) TimerEvent: {}
[436.010728] (-) TimerEvent: {}
[436.119047] (-) TimerEvent: {}
[436.223680] (-) TimerEvent: {}
[436.324710] (-) TimerEvent: {}
[436.425765] (-) TimerEvent: {}
[436.526754] (-) TimerEvent: {}
[436.627888] (-) TimerEvent: {}
[436.729180] (-) TimerEvent: {}
[436.772633] (rae_camera) StderrLine: {'line': b'\x1b[01m\x1b[K/ws/src/rae-ros/rae_camera/src/stereo_depth.cpp:\x1b[m\x1b[K In function \xe2\x80\x98\x1b[01m\x1b[Kint main()\x1b[m\x1b[K\xe2\x80\x99:\n'}
[436.773594] (rae_camera) StderrLine: {'line': b'\x1b[01m\x1b[K/ws/src/rae-ros/rae_camera/src/stereo_depth.cpp:36:59:\x1b[m\x1b[K \x1b[01;35m\x1b[Kwarning: \x1b[m\x1b[K\xe2\x80\x98\x1b[01m\x1b[Kdai::CameraBoardSocket::LEFT\x1b[m\x1b[K\xe2\x80\x99 is deprecated [\x1b[01;35m\x1b[K-Wdeprecated-declarations\x1b[m\x1b[K]\n'}
[436.774138] (rae_camera) StderrLine: {'line': b'   36 | oLeftFront->setBoardSocket(dai::CameraBoardSocket::\x1b[01;35m\x1b[KLEFT\x1b[m\x1b[K);\n'}
[436.774690] (rae_camera) StderrLine: {'line': b'      |                                                    \x1b[01;35m\x1b[K^~~~\x1b[m\x1b[K\n'}
[436.775137] (rae_camera) StderrLine: {'line': b'\n'}
[436.776644] (rae_camera) StderrLine: {'line': b'In file included from \x1b[01m\x1b[K/usr/local/include/depthai/device/CalibrationHandler.hpp:5\x1b[m\x1b[K,\n'}
[436.777166] (rae_camera) StderrLine: {'line': b'                 from \x1b[01m\x1b[K/usr/local/include/depthai/depthai.hpp:9\x1b[m\x1b[K,\n'}
[436.777716] (rae_camera) StderrLine: {'line': b'                 from \x1b[01m\x1b[K/ws/src/rae-ros/rae_camera/src/stereo_depth.cpp:4\x1b[m\x1b[K:\n'}
[436.778181] (rae_camera) StderrLine: {'line': b'\x1b[01m\x1b[K/usr/local/include/depthai-shared/common/CameraBoardSocket.hpp:25:5:\x1b[m\x1b[K \x1b[01;36m\x1b[Knote: \x1b[m\x1b[Kdeclared here\n'}
[436.778710] (rae_camera) StderrLine: {'line': b'   25 |     \x1b[01;36m\x1b[KLEFT\x1b[m\x1b[K [[deprecated]] = CAM_B,\n'}
[436.779146] (rae_camera) StderrLine: {'line': b'      |     \x1b[01;36m\x1b[K^~~~\x1b[m\x1b[K\n'}
[436.779739] (rae_camera) StderrLine: {'line': b'\x1b[01m\x1b[K/ws/src/rae-ros/rae_camera/src/stereo_depth.cpp:36:59:\x1b[m\x1b[K \x1b[01;35m\x1b[Kwarning: \x1b[m\x1b[K\xe2\x80\x98\x1b[01m\x1b[Kdai::CameraBoardSocket::LEFT\x1b[m\x1b[K\xe2\x80\x99 is deprecated [\x1b[01;35m\x1b[K-Wdeprecated-declarations\x1b[m\x1b[K]\n'}
[436.780207] (rae_camera) StderrLine: {'line': b'   36 | oLeftFront->setBoardSocket(dai::CameraBoardSocket::\x1b[01;35m\x1b[KLEFT\x1b[m\x1b[K);\n'}
[436.780645] (rae_camera) StderrLine: {'line': b'      |                                                    \x1b[01;35m\x1b[K^~~~\x1b[m\x1b[K\n'}
[436.781097] (rae_camera) StderrLine: {'line': b'\n'}
[436.781678] (rae_camera) StderrLine: {'line': b'In file included from \x1b[01m\x1b[K/usr/local/include/depthai/device/CalibrationHandler.hpp:5\x1b[m\x1b[K,\n'}
[436.782238] (rae_camera) StderrLine: {'line': b'                 from \x1b[01m\x1b[K/usr/local/include/depthai/depthai.hpp:9\x1b[m\x1b[K,\n'}
[436.782730] (rae_camera) StderrLine: {'line': b'                 from \x1b[01m\x1b[K/ws/src/rae-ros/rae_camera/src/stereo_depth.cpp:4\x1b[m\x1b[K:\n'}
[436.783180] (rae_camera) StderrLine: {'line': b'\x1b[01m\x1b[K/usr/local/include/depthai-shared/common/CameraBoardSocket.hpp:25:5:\x1b[m\x1b[K \x1b[01;36m\x1b[Knote: \x1b[m\x1b[Kdeclared here\n'}
[436.783656] (rae_camera) StderrLine: {'line': b'   25 |     \x1b[01;36m\x1b[KLEFT\x1b[m\x1b[K [[deprecated]] = CAM_B,\n'}
[436.784203] (rae_camera) StderrLine: {'line': b'      |     \x1b[01;36m\x1b[K^~~~\x1b[m\x1b[K\n'}
[436.785382] (rae_camera) StderrLine: {'line': b'\x1b[01m\x1b[K/ws/src/rae-ros/rae_camera/src/stereo_depth.cpp:38:60:\x1b[m\x1b[K \x1b[01;35m\x1b[Kwarning: \x1b[m\x1b[K\xe2\x80\x98\x1b[01m\x1b[Kdai::CameraBoardSocket::RIGHT\x1b[m\x1b[K\xe2\x80\x99 is deprecated [\x1b[01;35m\x1b[K-Wdeprecated-declarations\x1b[m\x1b[K]\n'}
[436.785908] (rae_camera) StderrLine: {'line': b'   38 | ightFront->setBoardSocket(dai::CameraBoardSocket::\x1b[01;35m\x1b[KRIGHT\x1b[m\x1b[K);\n'}
[436.786381] (rae_camera) StderrLine: {'line': b'      |                                                   \x1b[01;35m\x1b[K^~~~~\x1b[m\x1b[K\n'}
[436.786810] (rae_camera) StderrLine: {'line': b'\n'}
[436.787461] (rae_camera) StderrLine: {'line': b'In file included from \x1b[01m\x1b[K/usr/local/include/depthai/device/CalibrationHandler.hpp:5\x1b[m\x1b[K,\n'}
[436.787947] (rae_camera) StderrLine: {'line': b'                 from \x1b[01m\x1b[K/usr/local/include/depthai/depthai.hpp:9\x1b[m\x1b[K,\n'}
[436.788454] (rae_camera) StderrLine: {'line': b'                 from \x1b[01m\x1b[K/ws/src/rae-ros/rae_camera/src/stereo_depth.cpp:4\x1b[m\x1b[K:\n'}
[436.789194] (rae_camera) StderrLine: {'line': b'\x1b[01m\x1b[K/usr/local/include/depthai-shared/common/CameraBoardSocket.hpp:26:5:\x1b[m\x1b[K \x1b[01;36m\x1b[Knote: \x1b[m\x1b[Kdeclared here\n'}
[436.789633] (rae_camera) StderrLine: {'line': b'   26 |     \x1b[01;36m\x1b[KRIGHT\x1b[m\x1b[K [[deprecated]] = CAM_C,\n'}
[436.790004] (rae_camera) StderrLine: {'line': b'      |     \x1b[01;36m\x1b[K^~~~~\x1b[m\x1b[K\n'}
[436.790338] (rae_camera) StderrLine: {'line': b'\x1b[01m\x1b[K/ws/src/rae-ros/rae_camera/src/stereo_depth.cpp:38:60:\x1b[m\x1b[K \x1b[01;35m\x1b[Kwarning: \x1b[m\x1b[K\xe2\x80\x98\x1b[01m\x1b[Kdai::CameraBoardSocket::RIGHT\x1b[m\x1b[K\xe2\x80\x99 is deprecated [\x1b[01;35m\x1b[K-Wdeprecated-declarations\x1b[m\x1b[K]\n'}
[436.790679] (rae_camera) StderrLine: {'line': b'   38 | ightFront->setBoardSocket(dai::CameraBoardSocket::\x1b[01;35m\x1b[KRIGHT\x1b[m\x1b[K);\n'}
[436.791017] (rae_camera) StderrLine: {'line': b'      |                                                   \x1b[01;35m\x1b[K^~~~~\x1b[m\x1b[K\n'}
[436.791424] (rae_camera) StderrLine: {'line': b'\n'}
[436.791782] (rae_camera) StderrLine: {'line': b'In file included from \x1b[01m\x1b[K/usr/local/include/depthai/device/CalibrationHandler.hpp:5\x1b[m\x1b[K,\n'}
[436.792124] (rae_camera) StderrLine: {'line': b'                 from \x1b[01m\x1b[K/usr/local/include/depthai/depthai.hpp:9\x1b[m\x1b[K,\n'}
[436.792454] (rae_camera) StderrLine: {'line': b'                 from \x1b[01m\x1b[K/ws/src/rae-ros/rae_camera/src/stereo_depth.cpp:4\x1b[m\x1b[K:\n'}
[436.792887] (rae_camera) StderrLine: {'line': b'\x1b[01m\x1b[K/usr/local/include/depthai-shared/common/CameraBoardSocket.hpp:26:5:\x1b[m\x1b[K \x1b[01;36m\x1b[Knote: \x1b[m\x1b[Kdeclared here\n'}
[436.793241] (rae_camera) StderrLine: {'line': b'   26 |     \x1b[01;36m\x1b[KRIGHT\x1b[m\x1b[K [[deprecated]] = CAM_C,\n'}
[436.793577] (rae_camera) StderrLine: {'line': b'      |     \x1b[01;36m\x1b[K^~~~~\x1b[m\x1b[K\n'}
[436.829419] (-) TimerEvent: {}
[436.930874] (-) TimerEvent: {}
[437.032408] (-) TimerEvent: {}
[437.133967] (-) TimerEvent: {}
[437.235379] (-) TimerEvent: {}
[437.338133] (-) TimerEvent: {}
[437.439582] (-) TimerEvent: {}
[437.541065] (-) TimerEvent: {}
[437.642498] (-) TimerEvent: {}
[437.744003] (-) TimerEvent: {}
[437.845385] (-) TimerEvent: {}
[437.946511] (-) TimerEvent: {}
[438.047584] (-) TimerEvent: {}
[438.148610] (-) TimerEvent: {}
[438.249654] (-) TimerEvent: {}
[438.350729] (-) TimerEvent: {}
[438.451795] (-) TimerEvent: {}
[438.552926] (-) TimerEvent: {}
[438.654202] (-) TimerEvent: {}
[438.755335] (-) TimerEvent: {}
[438.856389] (-) TimerEvent: {}
[438.957554] (-) TimerEvent: {}
[439.058556] (-) TimerEvent: {}
[439.159685] (-) TimerEvent: {}
[439.260806] (-) TimerEvent: {}
[439.361964] (-) TimerEvent: {}
[439.463007] (-) TimerEvent: {}
[439.564011] (-) TimerEvent: {}
[439.665064] (-) TimerEvent: {}
[439.766097] (-) TimerEvent: {}
[439.867619] (-) TimerEvent: {}
[439.969048] (-) TimerEvent: {}
[440.070497] (-) TimerEvent: {}
[440.171520] (-) TimerEvent: {}
[440.272589] (-) TimerEvent: {}
[440.373627] (-) TimerEvent: {}
[440.474702] (-) TimerEvent: {}
[440.576482] (-) TimerEvent: {}
[440.677934] (-) TimerEvent: {}
[440.779764] (-) TimerEvent: {}
[440.881139] (-) TimerEvent: {}
[440.982515] (-) TimerEvent: {}
[441.083919] (-) TimerEvent: {}
[441.185008] (-) TimerEvent: {}
[441.286123] (-) TimerEvent: {}
[441.387117] (-) TimerEvent: {}
[441.488171] (-) TimerEvent: {}
[441.589157] (-) TimerEvent: {}
[441.690198] (-) TimerEvent: {}
[441.791201] (-) TimerEvent: {}
[441.892120] (-) TimerEvent: {}
[441.993670] (-) TimerEvent: {}
[442.095226] (-) TimerEvent: {}
[442.196690] (-) TimerEvent: {}
[442.298091] (-) TimerEvent: {}
[442.405190] (-) TimerEvent: {}
[442.513642] (-) TimerEvent: {}
[442.614721] (-) TimerEvent: {}
[442.715783] (-) TimerEvent: {}
[442.816813] (-) TimerEvent: {}
[442.917826] (-) TimerEvent: {}
[443.018832] (-) TimerEvent: {}
[443.119928] (-) TimerEvent: {}
[443.220936] (-) TimerEvent: {}
[443.321981] (-) TimerEvent: {}
[443.422977] (-) TimerEvent: {}
[443.523958] (-) TimerEvent: {}
[443.624940] (-) TimerEvent: {}
[443.725926] (-) TimerEvent: {}
[443.826904] (-) TimerEvent: {}
[443.927886] (-) TimerEvent: {}
[444.028909] (-) TimerEvent: {}
[444.129902] (-) TimerEvent: {}
[444.230895] (-) TimerEvent: {}
[444.331893] (-) TimerEvent: {}
[444.432909] (-) TimerEvent: {}
[444.534297] (-) TimerEvent: {}
[444.635703] (-) TimerEvent: {}
[444.737151] (-) TimerEvent: {}
[444.838012] (-) TimerEvent: {}
[444.939019] (-) TimerEvent: {}
[445.040025] (-) TimerEvent: {}
[445.141467] (-) TimerEvent: {}
[445.242838] (-) TimerEvent: {}
[445.344363] (-) TimerEvent: {}
[445.445766] (-) TimerEvent: {}
[445.547050] (-) TimerEvent: {}
[445.648358] (-) TimerEvent: {}
[445.749651] (-) TimerEvent: {}
[445.850995] (-) TimerEvent: {}
[445.952305] (-) TimerEvent: {}
[446.053605] (-) TimerEvent: {}
[446.154734] (-) TimerEvent: {}
[446.255758] (-) TimerEvent: {}
[446.357158] (-) TimerEvent: {}
[446.458630] (-) TimerEvent: {}
[446.560018] (-) TimerEvent: {}
[446.661204] (-) TimerEvent: {}
[446.762225] (-) TimerEvent: {}
[446.867904] (-) TimerEvent: {}
[446.968844] (-) TimerEvent: {}
[447.069738] (-) TimerEvent: {}
[447.171151] (-) TimerEvent: {}
[447.272574] (-) TimerEvent: {}
[447.373644] (-) TimerEvent: {}
[447.474656] (-) TimerEvent: {}
[447.575640] (-) TimerEvent: {}
[447.676668] (-) TimerEvent: {}
[447.777929] (-) TimerEvent: {}
[447.879136] (-) TimerEvent: {}
[447.980208] (-) TimerEvent: {}
[448.081505] (-) TimerEvent: {}
[448.183466] (-) TimerEvent: {}
[448.284478] (-) TimerEvent: {}
[448.385523] (-) TimerEvent: {}
[448.486563] (-) TimerEvent: {}
[448.587558] (-) TimerEvent: {}
[448.688533] (-) TimerEvent: {}
[448.789524] (-) TimerEvent: {}
[448.890546] (-) TimerEvent: {}
[448.991656] (-) TimerEvent: {}
[449.092821] (-) TimerEvent: {}
[449.193965] (-) TimerEvent: {}
[449.295078] (-) TimerEvent: {}
[449.396209] (-) TimerEvent: {}
[449.497399] (-) TimerEvent: {}
[449.598662] (-) TimerEvent: {}
[449.699972] (-) TimerEvent: {}
[449.801271] (-) TimerEvent: {}
[449.902548] (-) TimerEvent: {}
[450.003869] (-) TimerEvent: {}
[450.105287] (-) TimerEvent: {}
[450.206340] (-) TimerEvent: {}
[450.307296] (-) TimerEvent: {}
[450.408210] (-) TimerEvent: {}
[450.509232] (-) TimerEvent: {}
[450.610204] (-) TimerEvent: {}
[450.711300] (-) TimerEvent: {}
[450.812350] (-) TimerEvent: {}
[450.913345] (-) TimerEvent: {}
[451.014357] (-) TimerEvent: {}
[451.115349] (-) TimerEvent: {}
[451.216350] (-) TimerEvent: {}
[451.319234] (-) TimerEvent: {}
[451.420246] (-) TimerEvent: {}
[451.521553] (-) TimerEvent: {}
[451.622801] (-) TimerEvent: {}
[451.724021] (-) TimerEvent: {}
[451.825298] (-) TimerEvent: {}
[451.932072] (-) TimerEvent: {}
[452.033152] (-) TimerEvent: {}
[452.134456] (-) TimerEvent: {}
[452.235756] (-) TimerEvent: {}
[452.338638] (-) TimerEvent: {}
[452.439919] (-) TimerEvent: {}
[452.541252] (-) TimerEvent: {}
[452.642554] (-) TimerEvent: {}
[452.743838] (-) TimerEvent: {}
[452.845169] (-) TimerEvent: {}
[452.946498] (-) TimerEvent: {}
[453.047628] (-) TimerEvent: {}
[453.148721] (-) TimerEvent: {}
[453.249766] (-) TimerEvent: {}
[453.350759] (-) TimerEvent: {}
[453.451769] (-) TimerEvent: {}
[453.552796] (-) TimerEvent: {}
[453.653787] (-) TimerEvent: {}
[453.754781] (-) TimerEvent: {}
[453.855774] (-) TimerEvent: {}
[453.957031] (-) TimerEvent: {}
[454.058282] (-) TimerEvent: {}
[454.159362] (-) TimerEvent: {}
[454.260688] (-) TimerEvent: {}
[454.362098] (-) TimerEvent: {}
[454.463340] (-) TimerEvent: {}
[454.564685] (-) TimerEvent: {}
[454.666086] (-) TimerEvent: {}
[454.767396] (-) TimerEvent: {}
[454.873046] (-) TimerEvent: {}
[454.974079] (-) TimerEvent: {}
[455.075097] (-) TimerEvent: {}
[455.176132] (-) TimerEvent: {}
[455.277152] (-) TimerEvent: {}
[455.378442] (-) TimerEvent: {}
[455.479677] (-) TimerEvent: {}
[455.580927] (-) TimerEvent: {}
[455.682217] (-) TimerEvent: {}
[455.783458] (-) TimerEvent: {}
[455.884694] (-) TimerEvent: {}
[455.986383] (-) TimerEvent: {}
[456.087603] (-) TimerEvent: {}
[456.188689] (-) TimerEvent: {}
[456.289702] (-) TimerEvent: {}
[456.390700] (-) TimerEvent: {}
[456.492014] (-) TimerEvent: {}
[456.593301] (-) TimerEvent: {}
[456.694559] (-) TimerEvent: {}
[456.795889] (-) TimerEvent: {}
[456.897040] (-) TimerEvent: {}
[456.998228] (-) TimerEvent: {}
[457.099407] (-) TimerEvent: {}
[457.200856] (-) TimerEvent: {}
[457.303271] (-) TimerEvent: {}
[457.404300] (-) TimerEvent: {}
[457.505598] (-) TimerEvent: {}
[457.606904] (-) TimerEvent: {}
[457.708204] (-) TimerEvent: {}
[457.809586] (-) TimerEvent: {}
[457.910898] (-) TimerEvent: {}
[458.012157] (-) TimerEvent: {}
[458.113171] (-) TimerEvent: {}
[458.214481] (-) TimerEvent: {}
[458.315500] (-) TimerEvent: {}
[458.421004] (-) TimerEvent: {}
[458.522044] (-) TimerEvent: {}
[458.630074] (-) TimerEvent: {}
[458.731926] (-) TimerEvent: {}
[458.832921] (-) TimerEvent: {}
[458.933931] (-) TimerEvent: {}
[459.034918] (-) TimerEvent: {}
[459.141525] (-) TimerEvent: {}
[459.245023] (-) TimerEvent: {}
[459.346040] (-) TimerEvent: {}
[459.447079] (-) TimerEvent: {}
[459.548074] (-) TimerEvent: {}
[459.649104] (-) TimerEvent: {}
[459.750111] (-) TimerEvent: {}
[459.851116] (-) TimerEvent: {}
[459.952157] (-) TimerEvent: {}
[460.053184] (-) TimerEvent: {}
[460.154159] (-) TimerEvent: {}
[460.255149] (-) TimerEvent: {}
[460.356134] (-) TimerEvent: {}
[460.457298] (-) TimerEvent: {}
[460.558328] (-) TimerEvent: {}
[460.659470] (-) TimerEvent: {}
[460.760508] (-) TimerEvent: {}
[460.861591] (-) TimerEvent: {}
[460.962578] (-) TimerEvent: {}
[461.063582] (-) TimerEvent: {}
[461.164584] (-) TimerEvent: {}
[461.266659] (-) TimerEvent: {}
[461.367650] (-) TimerEvent: {}
[461.468675] (-) TimerEvent: {}
[461.569946] (-) TimerEvent: {}
[461.671254] (-) TimerEvent: {}
[461.772259] (-) TimerEvent: {}
[461.873264] (-) TimerEvent: {}
[461.974303] (-) TimerEvent: {}
[462.075314] (-) TimerEvent: {}
[462.176380] (-) TimerEvent: {}
[462.277372] (-) TimerEvent: {}
[462.378753] (-) TimerEvent: {}
[462.480092] (-) TimerEvent: {}
[462.581464] (-) TimerEvent: {}
[462.682873] (-) TimerEvent: {}
[462.784249] (-) TimerEvent: {}
[462.885670] (-) TimerEvent: {}
[462.987032] (-) TimerEvent: {}
[463.089043] (-) TimerEvent: {}
[463.190460] (-) TimerEvent: {}
[463.291804] (-) TimerEvent: {}
[463.393173] (-) TimerEvent: {}
[463.494536] (-) TimerEvent: {}
[463.595962] (-) TimerEvent: {}
[463.697355] (-) TimerEvent: {}
[463.798367] (-) TimerEvent: {}
[463.899398] (-) TimerEvent: {}
[464.000436] (-) TimerEvent: {}
[464.101447] (-) TimerEvent: {}
[464.202468] (-) TimerEvent: {}
[464.303467] (-) TimerEvent: {}
[464.404583] (-) TimerEvent: {}
[464.505751] (-) TimerEvent: {}
[464.607098] (-) TimerEvent: {}
[464.708452] (-) TimerEvent: {}
[464.809868] (-) TimerEvent: {}
[464.911276] (-) TimerEvent: {}
[465.012673] (-) TimerEvent: {}
[465.114026] (-) TimerEvent: {}
[465.215413] (-) TimerEvent: {}
[465.316689] (-) TimerEvent: {}
[465.418074] (-) TimerEvent: {}
[465.519391] (-) TimerEvent: {}
[465.620779] (-) TimerEvent: {}
[465.722154] (-) TimerEvent: {}
[465.823560] (-) TimerEvent: {}
[465.924938] (-) TimerEvent: {}
[466.026306] (-) TimerEvent: {}
[466.127649] (-) TimerEvent: {}
[466.228759] (-) TimerEvent: {}
[466.329750] (-) TimerEvent: {}
[466.431142] (-) TimerEvent: {}
[466.532491] (-) TimerEvent: {}
[466.633872] (-) TimerEvent: {}
[466.735185] (-) TimerEvent: {}
[466.836535] (-) TimerEvent: {}
[466.937916] (-) TimerEvent: {}
[467.039284] (-) TimerEvent: {}
[467.140637] (-) TimerEvent: {}
[467.241956] (-) TimerEvent: {}
[467.343364] (-) TimerEvent: {}
[467.444863] (-) TimerEvent: {}
[467.546286] (-) TimerEvent: {}
[467.647670] (-) TimerEvent: {}
[467.749032] (-) TimerEvent: {}
[467.850401] (-) TimerEvent: {}
[467.951747] (-) TimerEvent: {}
[468.053029] (-) TimerEvent: {}
[468.154336] (-) TimerEvent: {}
[468.255706] (-) TimerEvent: {}
[468.356715] (-) TimerEvent: {}
[468.458169] (-) TimerEvent: {}
[468.559540] (-) TimerEvent: {}
[468.660739] (-) TimerEvent: {}
[468.761834] (-) TimerEvent: {}
[468.862915] (-) TimerEvent: {}
[468.963899] (-) TimerEvent: {}
[469.065230] (-) TimerEvent: {}
[469.166506] (-) TimerEvent: {}
[469.267874] (-) TimerEvent: {}
[469.369266] (-) TimerEvent: {}
[469.470558] (-) TimerEvent: {}
[469.571955] (-) TimerEvent: {}
[469.673305] (-) TimerEvent: {}
[469.774736] (-) TimerEvent: {}
[469.876126] (-) TimerEvent: {}
[469.977144] (-) TimerEvent: {}
[470.078069] (-) TimerEvent: {}
[470.178897] (-) TimerEvent: {}
[470.280308] (-) TimerEvent: {}
[470.381387] (-) TimerEvent: {}
[470.482492] (-) TimerEvent: {}
[470.583573] (-) TimerEvent: {}
[470.684672] (-) TimerEvent: {}
[470.792474] (-) TimerEvent: {}
[470.893807] (-) TimerEvent: {}
[470.994995] (-) TimerEvent: {}
[471.096347] (-) TimerEvent: {}
[471.197782] (-) TimerEvent: {}
[471.299137] (-) TimerEvent: {}
[471.400449] (-) TimerEvent: {}
[471.501808] (-) TimerEvent: {}
[471.603122] (-) TimerEvent: {}
[471.704501] (-) TimerEvent: {}
[471.805773] (-) TimerEvent: {}
[471.912360] (-) TimerEvent: {}
[472.013721] (-) TimerEvent: {}
[472.115047] (-) TimerEvent: {}
[472.216396] (-) TimerEvent: {}
[472.317747] (-) TimerEvent: {}
[472.419115] (-) TimerEvent: {}
[472.520455] (-) TimerEvent: {}
[472.621611] (-) TimerEvent: {}
[472.722603] (-) TimerEvent: {}
[472.823593] (-) TimerEvent: {}
[472.924585] (-) TimerEvent: {}
[473.025584] (-) TimerEvent: {}
[473.126569] (-) TimerEvent: {}
[473.227558] (-) TimerEvent: {}
[473.328555] (-) TimerEvent: {}
[473.429551] (-) TimerEvent: {}
[473.529723] (rae_camera) StdoutLine: {'line': b'[100%] \x1b[32m\x1b[1mLinking CXX executable stereo_depth\x1b[0m\n'}
[473.530413] (-) TimerEvent: {}
[473.631227] (-) TimerEvent: {}
[473.732390] (-) TimerEvent: {}
[473.833851] (-) TimerEvent: {}
[473.935346] (-) TimerEvent: {}
[474.036413] (-) TimerEvent: {}
[474.137455] (-) TimerEvent: {}
[474.238890] (-) TimerEvent: {}
[474.340411] (-) TimerEvent: {}
[474.441411] (-) TimerEvent: {}
[474.542397] (-) TimerEvent: {}
[474.643398] (-) TimerEvent: {}
[474.744840] (-) TimerEvent: {}
[474.846278] (-) TimerEvent: {}
[474.947633] (-) TimerEvent: {}
[475.048983] (-) TimerEvent: {}
[475.150330] (-) TimerEvent: {}
[475.252883] (-) TimerEvent: {}
[475.354341] (-) TimerEvent: {}
[475.455702] (-) TimerEvent: {}
[475.557038] (-) TimerEvent: {}
[475.662028] (-) TimerEvent: {}
[475.764239] (-) TimerEvent: {}
[475.865286] (-) TimerEvent: {}
[475.914221] (rae_camera) StdoutLine: {'line': b'[100%] Built target stereo_depth\n'}
[475.965473] (-) TimerEvent: {}
[476.028976] (rae_camera) CommandEnded: {'returncode': 0}
[476.065682] (-) TimerEvent: {}
[476.166629] (-) TimerEvent: {}
[476.267727] (-) TimerEvent: {}
[476.368848] (-) TimerEvent: {}
[476.469811] (-) TimerEvent: {}
[476.570606] (-) TimerEvent: {}
[476.671861] (-) TimerEvent: {}
[476.772845] (-) TimerEvent: {}
[476.873758] (-) TimerEvent: {}
[476.934443] (rae_camera) JobProgress: {'identifier': 'rae_camera', 'progress': 'install'}
[476.973994] (-) TimerEvent: {}
[477.033077] (rae_camera) Command: {'cmd': ['/usr/bin/cmake', '--install', '/ws/build/rae_camera'], 'cwd': '/ws/build/rae_camera', 'env': OrderedDict([('CMAKE_PREFIX_PATH', '/ws/install/rae_hw:/ws/install/rae_msgs:/ws/install/rae_description:/ws/install/rae_camera:/ws/install/rae_bringup:/underlay_ws/install/nav_layer_from_points:/underlay_ws/install/laserscan_kinect:/underlay_ws/install/ira_laser_tools:/underlay_ws/install/gst_bridge:/underlay_ws/install/depthai-ros:/underlay_ws/install/depthai_ros_driver:/underlay_ws/install/depthai_filters:/underlay_ws/install/depthai_examples:/underlay_ws/install/depthai_bridge:/underlay_ws/install/depthai_ros_msgs:/underlay_ws/install/depthai_descriptions:/underlay_ws/install/depth_sensor_pose:/underlay_ws/install/cliff_detector:/underlay_ws/install/audio_msgs:/underlay_ws/install/gst_pipeline:/opt/ros/humble'), ('COLCON', '1'), ('PYTHONPATH', '/ws/install/rae_msgs/local/lib/python3.10/dist-packages:/ws/install/rae_bringup/local/lib/python3.10/dist-packages:/underlay_ws/build/gst_pipeline:/underlay_ws/install/gst_pipeline/lib/python3.10/site-packages:/underlay_ws/install/depthai_ros_driver/local/lib/python3.10/dist-packages:/underlay_ws/install/depthai_ros_msgs/local/lib/python3.10/dist-packages:/underlay_ws/install/audio_msgs/local/lib/python3.10/dist-packages:/opt/ros/humble/lib/python3.10/site-packages:/opt/ros/humble/local/lib/python3.10/dist-packages'), ('LC_ALL', 'C.UTF-8'), ('PWD', '/ws/build/rae_camera'), ('DEBIAN_FRONTEND', 'noninteractive'), ('AMENT_PREFIX_PATH', '/ws/install/rae_hw:/ws/install/rae_msgs:/ws/install/rae_description:/ws/install/rae_camera:/ws/install/rae_bringup:/underlay_ws/install/nav_layer_from_points:/underlay_ws/install/laserscan_kinect:/underlay_ws/install/ira_laser_tools:/underlay_ws/install/gst_pipeline:/underlay_ws/install/gst_bridge:/underlay_ws/install/depthai-ros:/underlay_ws/install/depthai_ros_driver:/underlay_ws/install/depthai_filters:/underlay_ws/install/depthai_examples:/underlay_ws/install/depthai_bridge:/underlay_ws/install/depthai_ros_msgs:/underlay_ws/install/depthai_descriptions:/underlay_ws/install/depth_sensor_pose:/underlay_ws/install/cliff_detector:/underlay_ws/install/audio_msgs:/opt/ros/humble'), ('ROS_DOMAIN_ID', '0'), ('LS_COLORS', 'rs=0:di=01;34:ln=01;36:mh=00:pi=40;33:so=01;35:do=01;35:bd=40;33;01:cd=40;33;01:or=40;31;01:mi=00:su=37;41:sg=30;43:ca=30;41:tw=30;42:ow=34;42:st=37;44:ex=01;32:*.tar=01;31:*.tgz=01;31:*.arc=01;31:*.arj=01;31:*.taz=01;31:*.lha=01;31:*.lz4=01;31:*.lzh=01;31:*.lzma=01;31:*.tlz=01;31:*.txz=01;31:*.tzo=01;31:*.t7z=01;31:*.zip=01;31:*.z=01;31:*.dz=01;31:*.gz=01;31:*.lrz=01;31:*.lz=01;31:*.lzo=01;31:*.xz=01;31:*.zst=01;31:*.tzst=01;31:*.bz2=01;31:*.bz=01;31:*.tbz=01;31:*.tbz2=01;31:*.tz=01;31:*.deb=01;31:*.rpm=01;31:*.jar=01;31:*.war=01;31:*.ear=01;31:*.sar=01;31:*.rar=01;31:*.alz=01;31:*.ace=01;31:*.zoo=01;31:*.cpio=01;31:*.7z=01;31:*.rz=01;31:*.cab=01;31:*.wim=01;31:*.swm=01;31:*.dwm=01;31:*.esd=01;31:*.jpg=01;35:*.jpeg=01;35:*.mjpg=01;35:*.mjpeg=01;35:*.gif=01;35:*.bmp=01;35:*.pbm=01;35:*.pgm=01;35:*.ppm=01;35:*.tga=01;35:*.xbm=01;35:*.xpm=01;35:*.tif=01;35:*.tiff=01;35:*.png=01;35:*.svg=01;35:*.svgz=01;35:*.mng=01;35:*.pcx=01;35:*.mov=01;35:*.mpg=01;35:*.mpeg=01;35:*.m2v=01;35:*.mkv=01;35:*.webm=01;35:*.webp=01;35:*.ogm=01;35:*.mp4=01;35:*.m4v=01;35:*.mp4v=01;35:*.vob=01;35:*.qt=01;35:*.nuv=01;35:*.wmv=01;35:*.asf=01;35:*.rm=01;35:*.rmvb=01;35:*.flc=01;35:*.avi=01;35:*.fli=01;35:*.flv=01;35:*.gl=01;35:*.dl=01;35:*.xcf=01;35:*.xwd=01;35:*.yuv=01;35:*.cgm=01;35:*.emf=01;35:*.ogv=01;35:*.ogx=01;35:*.aac=00;36:*.au=00;36:*.flac=00;36:*.m4a=00;36:*.mid=00;36:*.midi=00;36:*.mka=00;36:*.mp3=00;36:*.mpc=00;36:*.ogg=00;36:*.ra=00;36:*.wav=00;36:*.oga=00;36:*.opus=00;36:*.spx=00;36:*.xspf=00;36:'), ('RMW_IMPLEMENTATION', 'rmw_fastrtps_cpp'), ('LANG', 'C.UTF-8'), ('DISPLAY', ':0'), ('PATH', '/opt/ros/humble/bin:/usr/local/sbin:/usr/local/bin:/usr/sbin:/usr/bin:/sbin:/bin'), ('ROS_LOCALHOST_ONLY', '0'), ('TERM', 'xterm'), ('ROS_VERSION', '2'), ('_', '/usr/bin/colcon'), ('ROS_DISTRO', 'humble'), ('COLCON_PREFIX_PATH', '/ws/install:/underlay_ws/install'), ('UNDERLAY_WS', '/underlay_ws'), ('ROS_PYTHON_VERSION', '3'), ('OLDPWD', '/ws/install'), ('HOME', '/root'), ('LD_LIBRARY_PATH', '/ws/install/rae_hw/lib:/ws/install/rae_msgs/lib:/underlay_ws/install/nav_layer_from_points/lib:/underlay_ws/install/laserscan_kinect/lib:/underlay_ws/install/ira_laser_tools/lib:/underlay_ws/install/gst_bridge/lib:/underlay_ws/install/depthai_ros_driver/lib:/underlay_ws/install/depthai_filters/lib:/underlay_ws/install/depthai_bridge/lib:/underlay_ws/install/depthai_ros_msgs/lib:/underlay_ws/install/depth_sensor_pose/lib:/underlay_ws/install/cliff_detector/lib:/underlay_ws/install/audio_msgs/lib:/opt/ros/humble/opt/rviz_ogre_vendor/lib:/opt/ros/humble/lib/aarch64-linux-gnu:/opt/ros/humble/lib'), ('SHLVL', '1'), ('HOSTNAME', 'MH-pc'), ('WS', '/ws')]), 'shell': False}
[477.074296] (-) TimerEvent: {}
[477.137141] (rae_camera) StdoutLine: {'line': b'-- Install configuration: ""\n'}
[477.141810] (rae_camera) StdoutLine: {'line': b'-- Installing: /ws/install/rae_camera/lib/rae_camera/camera\n'}
[477.160630] (rae_camera) StdoutLine: {'line': b'-- Set runtime path of "/ws/install/rae_camera/lib/rae_camera/camera" to "/underlay_ws/install/depthai_bridge/lib:/opt/ros/humble/lib/aarch64-linux-gnu:/opt/ros/humble/lib:/underlay_ws/install/depthai_ros_msgs/lib:/usr/local/lib"\n'}
[477.161895] (rae_camera) StdoutLine: {'line': b'-- Installing: /ws/install/rae_camera/lib/rae_camera/stereo_depth\n'}
[477.171708] (rae_camera) StdoutLine: {'line': b'-- Set runtime path of "/ws/install/rae_camera/lib/rae_camera/stereo_depth" to "/underlay_ws/install/depthai_bridge/lib:/opt/ros/humble/lib/aarch64-linux-gnu:/opt/ros/humble/lib:/underlay_ws/install/depthai_ros_msgs/lib:/usr/local/lib"\n'}
[477.172417] (rae_camera) StdoutLine: {'line': b'-- Installing: /ws/install/rae_camera/lib/rae_camera/stereo_pair\n'}
[477.174327] (-) TimerEvent: {}
[477.180529] (rae_camera) StdoutLine: {'line': b'-- Set runtime path of "/ws/install/rae_camera/lib/rae_camera/stereo_pair" to "/underlay_ws/install/depthai_bridge/lib:/opt/ros/humble/lib/aarch64-linux-gnu:/opt/ros/humble/lib:/underlay_ws/install/depthai_ros_msgs/lib:/usr/local/lib"\n'}
[477.181053] (rae_camera) StdoutLine: {'line': b'-- Installing: /ws/install/rae_camera/lib/rae_camera/yolo\n'}
[477.193014] (rae_camera) StdoutLine: {'line': b'-- Set runtime path of "/ws/install/rae_camera/lib/rae_camera/yolo" to "/underlay_ws/install/depthai_bridge/lib:/opt/ros/humble/lib/aarch64-linux-gnu:/opt/ros/humble/lib:/underlay_ws/install/depthai_ros_msgs/lib:/usr/local/lib"\n'}
[477.193661] (rae_camera) StdoutLine: {'line': b'-- Installing: /ws/install/rae_camera/lib/rae_camera/perception_ipc_rtabmap\n'}
[477.198236] (rae_camera) StdoutLine: {'line': b'-- Set runtime path of "/ws/install/rae_camera/lib/rae_camera/perception_ipc_rtabmap" to "/opt/ros/humble/lib/aarch64-linux-gnu:/opt/ros/humble/lib:/underlay_ws/install/depthai_ros_driver/lib:/underlay_ws/install/ira_laser_tools/lib:/underlay_ws/install/laserscan_kinect/lib:/underlay_ws/install/depthai_bridge/lib:/underlay_ws/install/depthai_ros_msgs/lib:/usr/local/lib"\n'}
[477.198723] (rae_camera) StdoutLine: {'line': b'-- Installing: /ws/install/rae_camera/share/rae_camera/launch\n'}
[477.199417] (rae_camera) StdoutLine: {'line': b'-- Installing: /ws/install/rae_camera/share/rae_camera/launch/rae_camera.launch.py\n'}
[477.199879] (rae_camera) StdoutLine: {'line': b'-- Installing: /ws/install/rae_camera/share/rae_camera/launch/perception_ipc.launch.py\n'}
[477.201013] (rae_camera) StdoutLine: {'line': b'-- Installing: /ws/install/rae_camera/share/rae_camera/config\n'}
[477.201598] (rae_camera) StdoutLine: {'line': b'-- Installing: /ws/install/rae_camera/share/rae_camera/config/laserscan_kinect.yaml\n'}
[477.201979] (rae_camera) StdoutLine: {'line': b'-- Installing: /ws/install/rae_camera/share/rae_camera/config/camera.yaml\n'}
[477.202379] (rae_camera) StdoutLine: {'line': b'-- Installing: /ws/install/rae_camera/share/rae_camera/config/ipc.yaml\n'}
[477.202800] (rae_camera) StdoutLine: {'line': b'-- Installing: /ws/install/rae_camera/share/rae_camera/config/cal.json\n'}
[477.203236] (rae_camera) StdoutLine: {'line': b'-- Installing: /ws/install/rae_camera/share/rae_camera/config/yolo.json\n'}
[477.203643] (rae_camera) StdoutLine: {'line': b'-- Installing: /ws/install/rae_camera/share/ament_index/resource_index/package_run_dependencies/rae_camera\n'}
[477.204070] (rae_camera) StdoutLine: {'line': b'-- Installing: /ws/install/rae_camera/share/ament_index/resource_index/parent_prefix_path/rae_camera\n'}
[477.204483] (rae_camera) StdoutLine: {'line': b'-- Installing: /ws/install/rae_camera/share/rae_camera/environment/ament_prefix_path.sh\n'}
[477.204908] (rae_camera) StdoutLine: {'line': b'-- Installing: /ws/install/rae_camera/share/rae_camera/environment/ament_prefix_path.dsv\n'}
[477.205318] (rae_camera) StdoutLine: {'line': b'-- Installing: /ws/install/rae_camera/share/rae_camera/environment/path.sh\n'}
[477.205760] (rae_camera) StdoutLine: {'line': b'-- Installing: /ws/install/rae_camera/share/rae_camera/environment/path.dsv\n'}
[477.206208] (rae_camera) StdoutLine: {'line': b'-- Installing: /ws/install/rae_camera/share/rae_camera/local_setup.bash\n'}
[477.206608] (rae_camera) StdoutLine: {'line': b'-- Installing: /ws/install/rae_camera/share/rae_camera/local_setup.sh\n'}
[477.207039] (rae_camera) StdoutLine: {'line': b'-- Installing: /ws/install/rae_camera/share/rae_camera/local_setup.zsh\n'}
[477.207461] (rae_camera) StdoutLine: {'line': b'-- Installing: /ws/install/rae_camera/share/rae_camera/local_setup.dsv\n'}
[477.207874] (rae_camera) StdoutLine: {'line': b'-- Installing: /ws/install/rae_camera/share/rae_camera/package.dsv\n'}
[477.208373] (rae_camera) StdoutLine: {'line': b'-- Installing: /ws/install/rae_camera/share/ament_index/resource_index/packages/rae_camera\n'}
[477.208795] (rae_camera) StdoutLine: {'line': b'-- Installing: /ws/install/rae_camera/share/rae_camera/cmake/ament_cmake_export_include_directories-extras.cmake\n'}
[477.209125] (rae_camera) StdoutLine: {'line': b'-- Installing: /ws/install/rae_camera/share/rae_camera/cmake/ament_cmake_export_dependencies-extras.cmake\n'}
[477.209438] (rae_camera) StdoutLine: {'line': b'-- Installing: /ws/install/rae_camera/share/rae_camera/cmake/rae_cameraConfig.cmake\n'}
[477.209760] (rae_camera) StdoutLine: {'line': b'-- Installing: /ws/install/rae_camera/share/rae_camera/cmake/rae_cameraConfig-version.cmake\n'}
[477.210080] (rae_camera) StdoutLine: {'line': b'-- Installing: /ws/install/rae_camera/share/rae_camera/package.xml\n'}
[477.211249] (rae_camera) StdoutLine: {'line': b'-- Installing: /ws/install/rae_camera/include/xtl/xany.hpp\n'}
[477.211760] (rae_camera) StdoutLine: {'line': b'-- Installing: /ws/install/rae_camera/include/xtl/xbasic_fixed_string.hpp\n'}
[477.212380] (rae_camera) StdoutLine: {'line': b'-- Installing: /ws/install/rae_camera/include/xtl/xbase64.hpp\n'}
[477.212943] (rae_camera) StdoutLine: {'line': b'-- Installing: /ws/install/rae_camera/include/xtl/xclosure.hpp\n'}
[477.217151] (rae_camera) StdoutLine: {'line': b'-- Installing: /ws/install/rae_camera/include/xtl/xcomplex.hpp\n'}
[477.217756] (rae_camera) StdoutLine: {'line': b'-- Installing: /ws/install/rae_camera/include/xtl/xcomplex_sequence.hpp\n'}
[477.218219] (rae_camera) StdoutLine: {'line': b'-- Installing: /ws/install/rae_camera/include/xtl/xspan.hpp\n'}
[477.218726] (rae_camera) StdoutLine: {'line': b'-- Installing: /ws/install/rae_camera/include/xtl/xspan_impl.hpp\n'}
[477.219221] (rae_camera) StdoutLine: {'line': b'-- Installing: /ws/install/rae_camera/include/xtl/xdynamic_bitset.hpp\n'}
[477.219731] (rae_camera) StdoutLine: {'line': b'-- Installing: /ws/install/rae_camera/include/xtl/xfunctional.hpp\n'}
[477.220201] (rae_camera) StdoutLine: {'line': b'-- Installing: /ws/install/rae_camera/include/xtl/xhalf_float.hpp\n'}
[477.220690] (rae_camera) StdoutLine: {'line': b'-- Installing: /ws/install/rae_camera/include/xtl/xhalf_float_impl.hpp\n'}
[477.221206] (rae_camera) StdoutLine: {'line': b'-- Installing: /ws/install/rae_camera/include/xtl/xhash.hpp\n'}
[477.221602] (rae_camera) StdoutLine: {'line': b'-- Installing: /ws/install/rae_camera/include/xtl/xhierarchy_generator.hpp\n'}
[477.222124] (rae_camera) StdoutLine: {'line': b'-- Installing: /ws/install/rae_camera/include/xtl/xiterator_base.hpp\n'}
[477.222520] (rae_camera) StdoutLine: {'line': b'-- Installing: /ws/install/rae_camera/include/xtl/xjson.hpp\n'}
[477.222927] (rae_camera) StdoutLine: {'line': b'-- Installing: /ws/install/rae_camera/include/xtl/xmasked_value_meta.hpp\n'}
[477.223267] (rae_camera) StdoutLine: {'line': b'-- Installing: /ws/install/rae_camera/include/xtl/xmasked_value.hpp\n'}
[477.223589] (rae_camera) StdoutLine: {'line': b'-- Installing: /ws/install/rae_camera/include/xtl/xmeta_utils.hpp\n'}
[477.223904] (rae_camera) StdoutLine: {'line': b'-- Installing: /ws/install/rae_camera/include/xtl/xmultimethods.hpp\n'}
[477.224221] (rae_camera) StdoutLine: {'line': b'-- Installing: /ws/install/rae_camera/include/xtl/xoptional_meta.hpp\n'}
[477.224551] (rae_camera) StdoutLine: {'line': b'-- Installing: /ws/install/rae_camera/include/xtl/xoptional.hpp\n'}
[477.224903] (rae_camera) StdoutLine: {'line': b'-- Installing: /ws/install/rae_camera/include/xtl/xoptional_sequence.hpp\n'}
[477.225221] (rae_camera) StdoutLine: {'line': b'-- Installing: /ws/install/rae_camera/include/xtl/xplatform.hpp\n'}
[477.225529] (rae_camera) StdoutLine: {'line': b'-- Installing: /ws/install/rae_camera/include/xtl/xproxy_wrapper.hpp\n'}
[477.225938] (rae_camera) StdoutLine: {'line': b'-- Installing: /ws/install/rae_camera/include/xtl/xsequence.hpp\n'}
[477.226440] (rae_camera) StdoutLine: {'line': b'-- Installing: /ws/install/rae_camera/include/xtl/xsystem.hpp\n'}
[477.226937] (rae_camera) StdoutLine: {'line': b'-- Installing: /ws/install/rae_camera/include/xtl/xtl_config.hpp\n'}
[477.227544] (rae_camera) StdoutLine: {'line': b'-- Installing: /ws/install/rae_camera/include/xtl/xtype_traits.hpp\n'}
[477.228064] (rae_camera) StdoutLine: {'line': b'-- Installing: /ws/install/rae_camera/include/xtl/xvariant.hpp\n'}
[477.228544] (rae_camera) StdoutLine: {'line': b'-- Installing: /ws/install/rae_camera/include/xtl/xvariant_impl.hpp\n'}
[477.228958] (rae_camera) StdoutLine: {'line': b'-- Installing: /ws/install/rae_camera/include/xtl/xvisitor.hpp\n'}
[477.229538] (rae_camera) StdoutLine: {'line': b'-- Installing: /ws/install/rae_camera/share/cmake/xtl/xtlConfig.cmake\n'}
[477.230199] (rae_camera) StdoutLine: {'line': b'-- Installing: /ws/install/rae_camera/share/cmake/xtl/xtlConfigVersion.cmake\n'}
[477.230815] (rae_camera) StdoutLine: {'line': b'-- Installing: /ws/install/rae_camera/share/cmake/xtl/xtlTargets.cmake\n'}
[477.231260] (rae_camera) StdoutLine: {'line': b'-- Installing: /ws/install/rae_camera/share/pkgconfig/xtl.pc\n'}
[477.231696] (rae_camera) StdoutLine: {'line': b'-- Installing: /ws/install/rae_camera/include/xtensor/xaccessible.hpp\n'}
[477.232146] (rae_camera) StdoutLine: {'line': b'-- Installing: /ws/install/rae_camera/include/xtensor/xaccumulator.hpp\n'}
[477.232605] (rae_camera) StdoutLine: {'line': b'-- Installing: /ws/install/rae_camera/include/xtensor/xadapt.hpp\n'}
[477.233066] (rae_camera) StdoutLine: {'line': b'-- Installing: /ws/install/rae_camera/include/xtensor/xarray.hpp\n'}
[477.233520] (rae_camera) StdoutLine: {'line': b'-- Installing: /ws/install/rae_camera/include/xtensor/xassign.hpp\n'}
[477.233973] (rae_camera) StdoutLine: {'line': b'-- Installing: /ws/install/rae_camera/include/xtensor/xaxis_iterator.hpp\n'}
[477.234460] (rae_camera) StdoutLine: {'line': b'-- Installing: /ws/install/rae_camera/include/xtensor/xaxis_slice_iterator.hpp\n'}
[477.234974] (rae_camera) StdoutLine: {'line': b'-- Installing: /ws/install/rae_camera/include/xtensor/xblockwise_reducer.hpp\n'}
[477.235550] (rae_camera) StdoutLine: {'line': b'-- Installing: /ws/install/rae_camera/include/xtensor/xblockwise_reducer_functors.hpp\n'}
[477.236041] (rae_camera) StdoutLine: {'line': b'-- Installing: /ws/install/rae_camera/include/xtensor/xbroadcast.hpp\n'}
[477.236544] (rae_camera) StdoutLine: {'line': b'-- Installing: /ws/install/rae_camera/include/xtensor/xbuffer_adaptor.hpp\n'}
[477.237139] (rae_camera) StdoutLine: {'line': b'-- Installing: /ws/install/rae_camera/include/xtensor/xbuilder.hpp\n'}
[477.237622] (rae_camera) StdoutLine: {'line': b'-- Installing: /ws/install/rae_camera/include/xtensor/xchunked_array.hpp\n'}
[477.238121] (rae_camera) StdoutLine: {'line': b'-- Installing: /ws/install/rae_camera/include/xtensor/xchunked_assign.hpp\n'}
[477.238720] (rae_camera) StdoutLine: {'line': b'-- Installing: /ws/install/rae_camera/include/xtensor/xchunked_view.hpp\n'}
[477.239208] (rae_camera) StdoutLine: {'line': b'-- Installing: /ws/install/rae_camera/include/xtensor/xcomplex.hpp\n'}
[477.239708] (rae_camera) StdoutLine: {'line': b'-- Installing: /ws/install/rae_camera/include/xtensor/xcontainer.hpp\n'}
[477.240200] (rae_camera) StdoutLine: {'line': b'-- Installing: /ws/install/rae_camera/include/xtensor/xcsv.hpp\n'}
[477.240713] (rae_camera) StdoutLine: {'line': b'-- Installing: /ws/install/rae_camera/include/xtensor/xdynamic_view.hpp\n'}
[477.241237] (rae_camera) StdoutLine: {'line': b'-- Installing: /ws/install/rae_camera/include/xtensor/xeval.hpp\n'}
[477.241727] (rae_camera) StdoutLine: {'line': b'-- Installing: /ws/install/rae_camera/include/xtensor/xexception.hpp\n'}
[477.242212] (rae_camera) StdoutLine: {'line': b'-- Installing: /ws/install/rae_camera/include/xtensor/xexpression.hpp\n'}
[477.242546] (rae_camera) StdoutLine: {'line': b'-- Installing: /ws/install/rae_camera/include/xtensor/xexpression_holder.hpp\n'}
[477.243030] (rae_camera) StdoutLine: {'line': b'-- Installing: /ws/install/rae_camera/include/xtensor/xexpression_traits.hpp\n'}
[477.243447] (rae_camera) StdoutLine: {'line': b'-- Installing: /ws/install/rae_camera/include/xtensor/xfixed.hpp\n'}
[477.243950] (rae_camera) StdoutLine: {'line': b'-- Installing: /ws/install/rae_camera/include/xtensor/xfunction.hpp\n'}
[477.244283] (rae_camera) StdoutLine: {'line': b'-- Installing: /ws/install/rae_camera/include/xtensor/xfunctor_view.hpp\n'}
[477.244602] (rae_camera) StdoutLine: {'line': b'-- Installing: /ws/install/rae_camera/include/xtensor/xgenerator.hpp\n'}
[477.244942] (rae_camera) StdoutLine: {'line': b'-- Installing: /ws/install/rae_camera/include/xtensor/xhistogram.hpp\n'}
[477.245260] (rae_camera) StdoutLine: {'line': b'-- Installing: /ws/install/rae_camera/include/xtensor/xindex_view.hpp\n'}
[477.245595] (rae_camera) StdoutLine: {'line': b'-- Installing: /ws/install/rae_camera/include/xtensor/xinfo.hpp\n'}
[477.245911] (rae_camera) StdoutLine: {'line': b'-- Installing: /ws/install/rae_camera/include/xtensor/xio.hpp\n'}
[477.246233] (rae_camera) StdoutLine: {'line': b'-- Installing: /ws/install/rae_camera/include/xtensor/xiterable.hpp\n'}
[477.246679] (rae_camera) StdoutLine: {'line': b'-- Installing: /ws/install/rae_camera/include/xtensor/xiterator.hpp\n'}
[477.247044] (rae_camera) StdoutLine: {'line': b'-- Installing: /ws/install/rae_camera/include/xtensor/xjson.hpp\n'}
[477.247360] (rae_camera) StdoutLine: {'line': b'-- Installing: /ws/install/rae_camera/include/xtensor/xlayout.hpp\n'}
[477.247686] (rae_camera) StdoutLine: {'line': b'-- Installing: /ws/install/rae_camera/include/xtensor/xmanipulation.hpp\n'}
[477.248007] (rae_camera) StdoutLine: {'line': b'-- Installing: /ws/install/rae_camera/include/xtensor/xmasked_view.hpp\n'}
[477.248354] (rae_camera) StdoutLine: {'line': b'-- Installing: /ws/install/rae_camera/include/xtensor/xmath.hpp\n'}
[477.248678] (rae_camera) StdoutLine: {'line': b'-- Installing: /ws/install/rae_camera/include/xtensor/xmime.hpp\n'}
[477.249014] (rae_camera) StdoutLine: {'line': b'-- Installing: /ws/install/rae_camera/include/xtensor/xmultiindex_iterator.hpp\n'}
[477.249333] (rae_camera) StdoutLine: {'line': b'-- Installing: /ws/install/rae_camera/include/xtensor/xnoalias.hpp\n'}
[477.249647] (rae_camera) StdoutLine: {'line': b'-- Installing: /ws/install/rae_camera/include/xtensor/xnorm.hpp\n'}
[477.249958] (rae_camera) StdoutLine: {'line': b'-- Installing: /ws/install/rae_camera/include/xtensor/xnpy.hpp\n'}
[477.250291] (rae_camera) StdoutLine: {'line': b'-- Installing: /ws/install/rae_camera/include/xtensor/xoffset_view.hpp\n'}
[477.250606] (rae_camera) StdoutLine: {'line': b'-- Installing: /ws/install/rae_camera/include/xtensor/xoperation.hpp\n'}
[477.250921] (rae_camera) StdoutLine: {'line': b'-- Installing: /ws/install/rae_camera/include/xtensor/xoptional.hpp\n'}
[477.251236] (rae_camera) StdoutLine: {'line': b'-- Installing: /ws/install/rae_camera/include/xtensor/xoptional_assembly.hpp\n'}
[477.251538] (rae_camera) StdoutLine: {'line': b'-- Installing: /ws/install/rae_camera/include/xtensor/xoptional_assembly_base.hpp\n'}
[477.251754] (rae_camera) StdoutLine: {'line': b'-- Installing: /ws/install/rae_camera/include/xtensor/xoptional_assembly_storage.hpp\n'}
[477.252031] (rae_camera) StdoutLine: {'line': b'-- Installing: /ws/install/rae_camera/include/xtensor/xpad.hpp\n'}
[477.252498] (rae_camera) StdoutLine: {'line': b'-- Installing: /ws/install/rae_camera/include/xtensor/xrandom.hpp\n'}
[477.252774] (rae_camera) StdoutLine: {'line': b'-- Installing: /ws/install/rae_camera/include/xtensor/xreducer.hpp\n'}
[477.252998] (rae_camera) StdoutLine: {'line': b'-- Installing: /ws/install/rae_camera/include/xtensor/xrepeat.hpp\n'}
[477.253383] (rae_camera) StdoutLine: {'line': b'-- Installing: /ws/install/rae_camera/include/xtensor/xscalar.hpp\n'}
[477.253804] (rae_camera) StdoutLine: {'line': b'-- Installing: /ws/install/rae_camera/include/xtensor/xsemantic.hpp\n'}
[477.254142] (rae_camera) StdoutLine: {'line': b'-- Installing: /ws/install/rae_camera/include/xtensor/xset_operation.hpp\n'}
[477.254462] (rae_camera) StdoutLine: {'line': b'-- Installing: /ws/install/rae_camera/include/xtensor/xshape.hpp\n'}
[477.254776] (rae_camera) StdoutLine: {'line': b'-- Installing: /ws/install/rae_camera/include/xtensor/xslice.hpp\n'}
[477.255114] (rae_camera) StdoutLine: {'line': b'-- Installing: /ws/install/rae_camera/include/xtensor/xsort.hpp\n'}
[477.255449] (rae_camera) StdoutLine: {'line': b'-- Installing: /ws/install/rae_camera/include/xtensor/xstorage.hpp\n'}
[477.255771] (rae_camera) StdoutLine: {'line': b'-- Installing: /ws/install/rae_camera/include/xtensor/xstrided_view.hpp\n'}
[477.256091] (rae_camera) StdoutLine: {'line': b'-- Installing: /ws/install/rae_camera/include/xtensor/xstrided_view_base.hpp\n'}
[477.261148] (rae_camera) StdoutLine: {'line': b'-- Installing: /ws/install/rae_camera/include/xtensor/xstrides.hpp\n'}
[477.262874] (rae_camera) StdoutLine: {'line': b'-- Installing: /ws/install/rae_camera/include/xtensor/xtensor.hpp\n'}
[477.265023] (rae_camera) StdoutLine: {'line': b'-- Installing: /ws/install/rae_camera/include/xtensor/xtensor_config.hpp\n'}
[477.266369] (rae_camera) StdoutLine: {'line': b'-- Installing: /ws/install/rae_camera/include/xtensor/xtensor_forward.hpp\n'}
[477.267669] (rae_camera) StdoutLine: {'line': b'-- Installing: /ws/install/rae_camera/include/xtensor/xtensor_simd.hpp\n'}
[477.269588] (rae_camera) StdoutLine: {'line': b'-- Installing: /ws/install/rae_camera/include/xtensor/xutils.hpp\n'}
[477.271259] (rae_camera) StdoutLine: {'line': b'-- Installing: /ws/install/rae_camera/include/xtensor/xvectorize.hpp\n'}
[477.271609] (rae_camera) StdoutLine: {'line': b'-- Installing: /ws/install/rae_camera/include/xtensor/xview.hpp\n'}
[477.271941] (rae_camera) StdoutLine: {'line': b'-- Installing: /ws/install/rae_camera/include/xtensor/xview_utils.hpp\n'}
[477.272792] (rae_camera) StdoutLine: {'line': b'-- Installing: /ws/install/rae_camera/lib/cmake/xtensor/xtensorConfig.cmake\n'}
[477.273410] (rae_camera) StdoutLine: {'line': b'-- Installing: /ws/install/rae_camera/lib/cmake/xtensor/xtensorConfigVersion.cmake\n'}
[477.273901] (rae_camera) StdoutLine: {'line': b'-- Installing: /ws/install/rae_camera/lib/cmake/xtensor/xtensorTargets.cmake\n'}
[477.274572] (-) TimerEvent: {}
[477.275506] (rae_camera) StdoutLine: {'line': b'-- Installing: /ws/install/rae_camera/lib/pkgconfig/xtensor.pc\n'}
[477.275941] (rae_camera) StdoutLine: {'line': b'-- Installing: /ws/install/rae_camera/include/xtensor.hpp\n'}
[477.276778] (rae_camera) CommandEnded: {'returncode': 0}
[477.374813] (-) TimerEvent: {}
[477.475417] (-) TimerEvent: {}
[477.576496] (-) TimerEvent: {}
[477.677880] (-) TimerEvent: {}
[477.782648] (-) TimerEvent: {}
[477.887025] (-) TimerEvent: {}
[477.988634] (-) TimerEvent: {}
[478.090987] (-) TimerEvent: {}
[478.191882] (-) TimerEvent: {}
[478.292924] (-) TimerEvent: {}
[478.393768] (-) TimerEvent: {}
[478.494864] (-) TimerEvent: {}
[478.596153] (-) TimerEvent: {}
[478.697597] (-) TimerEvent: {}
[478.737936] (rae_camera) JobEnded: {'identifier': 'rae_camera', 'rc': 0}
[478.757086] (-) EventReactorShutdown: {}
