[0.000000] (-) TimerEvent: {}
[0.001154] (rae_bringup) JobQueued: {'identifier': 'rae_bringup', 'dependencies': OrderedDict()}
[0.002321] (rae_camera) JobQueued: {'identifier': 'rae_camera', 'dependencies': OrderedDict()}
[0.003853] (rae_description) JobQueued: {'identifier': 'rae_description', 'dependencies': OrderedDict()}
[0.004020] (rae_msgs) JobQueued: {'identifier': 'rae_msgs', 'dependencies': OrderedDict()}
[0.005119] (rae_hw) JobQueued: {'identifier': 'rae_hw', 'dependencies': OrderedDict([('rae_msgs', '/ws/install/rae_msgs')])}
[0.008349] (rae_msgs) JobStarted: {'identifier': 'rae_msgs'}
[0.098749] (-) TimerEvent: {}
[0.199857] (-) TimerEvent: {}
[0.300443] (-) TimerEvent: {}
[0.403290] (-) TimerEvent: {}
[0.415136] (rae_bringup) JobStarted: {'identifier': 'rae_bringup'}
[0.504237] (-) TimerEvent: {}
[0.604792] (-) TimerEvent: {}
[0.705726] (-) TimerEvent: {}
[0.806141] (rae_camera) JobStarted: {'identifier': 'rae_camera'}
[0.808329] (-) TimerEvent: {}
[0.908918] (-) TimerEvent: {}
[1.009672] (-) TimerEvent: {}
[1.110286] (-) TimerEvent: {}
[1.190963] (rae_description) JobStarted: {'identifier': 'rae_description'}
[1.210989] (-) TimerEvent: {}
[1.312128] (-) TimerEvent: {}
[1.413351] (-) TimerEvent: {}
[1.516888] (-) TimerEvent: {}
[1.596650] (rae_msgs) JobProgress: {'identifier': 'rae_msgs', 'progress': 'cmake'}
[1.601872] (rae_msgs) Command: {'cmd': ['/usr/bin/cmake', '/ws/src/rae-ros/rae_msgs', '-DCMAKE_BUILD_TYPE=RelWithDebInfo', '-DAMENT_CMAKE_SYMLINK_INSTALL=1', '-DCMAKE_INSTALL_PREFIX=/ws/install/rae_msgs'], 'cwd': '/ws/build/rae_msgs', 'env': OrderedDict([('CMAKE_PREFIX_PATH', '/underlay_ws/install/nav_layer_from_points:/underlay_ws/install/laserscan_kinect:/underlay_ws/install/ira_laser_tools:/underlay_ws/install/gst_bridge:/underlay_ws/install/depthai-ros:/underlay_ws/install/depthai_ros_driver:/underlay_ws/install/depthai_filters:/underlay_ws/install/depthai_examples:/underlay_ws/install/depthai_bridge:/underlay_ws/install/depthai_ros_msgs:/underlay_ws/install/depthai_descriptions:/underlay_ws/install/depth_sensor_pose:/underlay_ws/install/cliff_detector:/underlay_ws/install/audio_msgs:/underlay_ws/install/gst_pipeline:/opt/ros/humble'), ('OTEL_TRACES_EXPORTER', 'otlp'), ('COLCON', '1'), ('PYTHONPATH', '/underlay_ws/build/gst_pipeline:/underlay_ws/install/gst_pipeline/lib/python3.10/site-packages:/underlay_ws/install/depthai_ros_driver/local/lib/python3.10/dist-packages:/underlay_ws/install/depthai_ros_msgs/local/lib/python3.10/dist-packages:/underlay_ws/install/audio_msgs/local/lib/python3.10/dist-packages:/opt/ros/humble/lib/python3.10/site-packages:/opt/ros/humble/local/lib/python3.10/dist-packages'), ('PWD', '/ws/build/rae_msgs'), ('LC_ALL', 'C.UTF-8'), ('CORE_NUM', '1'), ('AMENT_PREFIX_PATH', '/underlay_ws/install/nav_layer_from_points:/underlay_ws/install/laserscan_kinect:/underlay_ws/install/ira_laser_tools:/underlay_ws/install/gst_pipeline:/underlay_ws/install/gst_bridge:/underlay_ws/install/depthai-ros:/underlay_ws/install/depthai_ros_driver:/underlay_ws/install/depthai_filters:/underlay_ws/install/depthai_examples:/underlay_ws/install/depthai_bridge:/underlay_ws/install/depthai_ros_msgs:/underlay_ws/install/depthai_descriptions:/underlay_ws/install/depth_sensor_pose:/underlay_ws/install/cliff_detector:/underlay_ws/install/audio_msgs:/opt/ros/humble'), ('DEBIAN_FRONTEND', 'noninteractive'), ('LANG', 'C.UTF-8'), ('OTEL_EXPORTER_OTLP_TRACES_ENDPOINT', 'unix:///dev/otel-grpc.sock'), ('TRACEPARENT', '00-a325a00a556cc4a91e6d856ce0600ab1-77458a73ef04520e-01'), ('PATH', '/opt/ros/humble/bin:/usr/local/sbin:/usr/local/bin:/usr/sbin:/usr/bin:/sbin:/bin'), ('ROS_LOCALHOST_ONLY', '0'), ('ROS_VERSION', '2'), ('COLCON_PREFIX_PATH', '/underlay_ws/install'), ('ROS_DISTRO', 'humble'), ('UNDERLAY_WS', '/underlay_ws'), ('OTEL_TRACE_PARENT', '00-a325a00a556cc4a91e6d856ce0600ab1-77458a73ef04520e-01'), ('ROS_PYTHON_VERSION', '3'), ('BUILD_TYPE', 'RelWithDebInfo'), ('OLDPWD', '/'), ('HOME', '/root'), ('LD_LIBRARY_PATH', '/underlay_ws/install/nav_layer_from_points/lib:/underlay_ws/install/laserscan_kinect/lib:/underlay_ws/install/ira_laser_tools/lib:/underlay_ws/install/gst_bridge/lib:/underlay_ws/install/depthai_ros_driver/lib:/underlay_ws/install/depthai_filters/lib:/underlay_ws/install/depthai_bridge/lib:/underlay_ws/install/depthai_ros_msgs/lib:/underlay_ws/install/depth_sensor_pose/lib:/underlay_ws/install/cliff_detector/lib:/underlay_ws/install/audio_msgs/lib:/opt/ros/humble/opt/rviz_ogre_vendor/lib:/opt/ros/humble/lib/aarch64-linux-gnu:/opt/ros/humble/lib'), ('WS', '/ws'), ('OTEL_EXPORTER_OTLP_TRACES_PROTOCOL', 'grpc'), ('SIM', '0')]), 'shell': False}
[1.617393] (rae_bringup) JobProgress: {'identifier': 'rae_bringup', 'progress': 'cmake'}
[1.617711] (-) TimerEvent: {}
[1.619245] (rae_bringup) Command: {'cmd': ['/usr/bin/cmake', '/ws/src/rae-ros/rae_bringup', '-DCMAKE_BUILD_TYPE=RelWithDebInfo', '-DAMENT_CMAKE_SYMLINK_INSTALL=1', '-DCMAKE_INSTALL_PREFIX=/ws/install/rae_bringup'], 'cwd': '/ws/build/rae_bringup', 'env': OrderedDict([('CMAKE_PREFIX_PATH', '/underlay_ws/install/nav_layer_from_points:/underlay_ws/install/laserscan_kinect:/underlay_ws/install/ira_laser_tools:/underlay_ws/install/gst_bridge:/underlay_ws/install/depthai-ros:/underlay_ws/install/depthai_ros_driver:/underlay_ws/install/depthai_filters:/underlay_ws/install/depthai_examples:/underlay_ws/install/depthai_bridge:/underlay_ws/install/depthai_ros_msgs:/underlay_ws/install/depthai_descriptions:/underlay_ws/install/depth_sensor_pose:/underlay_ws/install/cliff_detector:/underlay_ws/install/audio_msgs:/underlay_ws/install/gst_pipeline:/opt/ros/humble'), ('OTEL_TRACES_EXPORTER', 'otlp'), ('COLCON', '1'), ('PYTHONPATH', '/underlay_ws/build/gst_pipeline:/underlay_ws/install/gst_pipeline/lib/python3.10/site-packages:/underlay_ws/install/depthai_ros_driver/local/lib/python3.10/dist-packages:/underlay_ws/install/depthai_ros_msgs/local/lib/python3.10/dist-packages:/underlay_ws/install/audio_msgs/local/lib/python3.10/dist-packages:/opt/ros/humble/lib/python3.10/site-packages:/opt/ros/humble/local/lib/python3.10/dist-packages'), ('PWD', '/ws/build/rae_bringup'), ('LC_ALL', 'C.UTF-8'), ('CORE_NUM', '1'), ('AMENT_PREFIX_PATH', '/underlay_ws/install/nav_layer_from_points:/underlay_ws/install/laserscan_kinect:/underlay_ws/install/ira_laser_tools:/underlay_ws/install/gst_pipeline:/underlay_ws/install/gst_bridge:/underlay_ws/install/depthai-ros:/underlay_ws/install/depthai_ros_driver:/underlay_ws/install/depthai_filters:/underlay_ws/install/depthai_examples:/underlay_ws/install/depthai_bridge:/underlay_ws/install/depthai_ros_msgs:/underlay_ws/install/depthai_descriptions:/underlay_ws/install/depth_sensor_pose:/underlay_ws/install/cliff_detector:/underlay_ws/install/audio_msgs:/opt/ros/humble'), ('DEBIAN_FRONTEND', 'noninteractive'), ('LANG', 'C.UTF-8'), ('OTEL_EXPORTER_OTLP_TRACES_ENDPOINT', 'unix:///dev/otel-grpc.sock'), ('TRACEPARENT', '00-a325a00a556cc4a91e6d856ce0600ab1-77458a73ef04520e-01'), ('PATH', '/opt/ros/humble/bin:/usr/local/sbin:/usr/local/bin:/usr/sbin:/usr/bin:/sbin:/bin'), ('ROS_LOCALHOST_ONLY', '0'), ('ROS_VERSION', '2'), ('COLCON_PREFIX_PATH', '/underlay_ws/install'), ('ROS_DISTRO', 'humble'), ('UNDERLAY_WS', '/underlay_ws'), ('OTEL_TRACE_PARENT', '00-a325a00a556cc4a91e6d856ce0600ab1-77458a73ef04520e-01'), ('ROS_PYTHON_VERSION', '3'), ('BUILD_TYPE', 'RelWithDebInfo'), ('OLDPWD', '/'), ('HOME', '/root'), ('LD_LIBRARY_PATH', '/underlay_ws/install/nav_layer_from_points/lib:/underlay_ws/install/laserscan_kinect/lib:/underlay_ws/install/ira_laser_tools/lib:/underlay_ws/install/gst_bridge/lib:/underlay_ws/install/depthai_ros_driver/lib:/underlay_ws/install/depthai_filters/lib:/underlay_ws/install/depthai_bridge/lib:/underlay_ws/install/depthai_ros_msgs/lib:/underlay_ws/install/depth_sensor_pose/lib:/underlay_ws/install/cliff_detector/lib:/underlay_ws/install/audio_msgs/lib:/opt/ros/humble/opt/rviz_ogre_vendor/lib:/opt/ros/humble/lib/aarch64-linux-gnu:/opt/ros/humble/lib'), ('WS', '/ws'), ('OTEL_EXPORTER_OTLP_TRACES_PROTOCOL', 'grpc'), ('SIM', '0')]), 'shell': False}
[1.644674] (rae_camera) JobProgress: {'identifier': 'rae_camera', 'progress': 'cmake'}
[1.646666] (rae_camera) Command: {'cmd': ['/usr/bin/cmake', '/ws/src/rae-ros/rae_camera', '-DCMAKE_BUILD_TYPE=RelWithDebInfo', '-DAMENT_CMAKE_SYMLINK_INSTALL=1', '-DCMAKE_INSTALL_PREFIX=/ws/install/rae_camera'], 'cwd': '/ws/build/rae_camera', 'env': OrderedDict([('CMAKE_PREFIX_PATH', '/underlay_ws/install/nav_layer_from_points:/underlay_ws/install/laserscan_kinect:/underlay_ws/install/ira_laser_tools:/underlay_ws/install/gst_bridge:/underlay_ws/install/depthai-ros:/underlay_ws/install/depthai_ros_driver:/underlay_ws/install/depthai_filters:/underlay_ws/install/depthai_examples:/underlay_ws/install/depthai_bridge:/underlay_ws/install/depthai_ros_msgs:/underlay_ws/install/depthai_descriptions:/underlay_ws/install/depth_sensor_pose:/underlay_ws/install/cliff_detector:/underlay_ws/install/audio_msgs:/underlay_ws/install/gst_pipeline:/opt/ros/humble'), ('OTEL_TRACES_EXPORTER', 'otlp'), ('COLCON', '1'), ('PYTHONPATH', '/underlay_ws/build/gst_pipeline:/underlay_ws/install/gst_pipeline/lib/python3.10/site-packages:/underlay_ws/install/depthai_ros_driver/local/lib/python3.10/dist-packages:/underlay_ws/install/depthai_ros_msgs/local/lib/python3.10/dist-packages:/underlay_ws/install/audio_msgs/local/lib/python3.10/dist-packages:/opt/ros/humble/lib/python3.10/site-packages:/opt/ros/humble/local/lib/python3.10/dist-packages'), ('PWD', '/ws/build/rae_camera'), ('LC_ALL', 'C.UTF-8'), ('CORE_NUM', '1'), ('AMENT_PREFIX_PATH', '/underlay_ws/install/nav_layer_from_points:/underlay_ws/install/laserscan_kinect:/underlay_ws/install/ira_laser_tools:/underlay_ws/install/gst_pipeline:/underlay_ws/install/gst_bridge:/underlay_ws/install/depthai-ros:/underlay_ws/install/depthai_ros_driver:/underlay_ws/install/depthai_filters:/underlay_ws/install/depthai_examples:/underlay_ws/install/depthai_bridge:/underlay_ws/install/depthai_ros_msgs:/underlay_ws/install/depthai_descriptions:/underlay_ws/install/depth_sensor_pose:/underlay_ws/install/cliff_detector:/underlay_ws/install/audio_msgs:/opt/ros/humble'), ('DEBIAN_FRONTEND', 'noninteractive'), ('LANG', 'C.UTF-8'), ('OTEL_EXPORTER_OTLP_TRACES_ENDPOINT', 'unix:///dev/otel-grpc.sock'), ('TRACEPARENT', '00-a325a00a556cc4a91e6d856ce0600ab1-77458a73ef04520e-01'), ('PATH', '/opt/ros/humble/bin:/usr/local/sbin:/usr/local/bin:/usr/sbin:/usr/bin:/sbin:/bin'), ('ROS_LOCALHOST_ONLY', '0'), ('ROS_VERSION', '2'), ('COLCON_PREFIX_PATH', '/underlay_ws/install'), ('ROS_DISTRO', 'humble'), ('UNDERLAY_WS', '/underlay_ws'), ('OTEL_TRACE_PARENT', '00-a325a00a556cc4a91e6d856ce0600ab1-77458a73ef04520e-01'), ('ROS_PYTHON_VERSION', '3'), ('BUILD_TYPE', 'RelWithDebInfo'), ('OLDPWD', '/'), ('HOME', '/root'), ('LD_LIBRARY_PATH', '/underlay_ws/install/nav_layer_from_points/lib:/underlay_ws/install/laserscan_kinect/lib:/underlay_ws/install/ira_laser_tools/lib:/underlay_ws/install/gst_bridge/lib:/underlay_ws/install/depthai_ros_driver/lib:/underlay_ws/install/depthai_filters/lib:/underlay_ws/install/depthai_bridge/lib:/underlay_ws/install/depthai_ros_msgs/lib:/underlay_ws/install/depth_sensor_pose/lib:/underlay_ws/install/cliff_detector/lib:/underlay_ws/install/audio_msgs/lib:/opt/ros/humble/opt/rviz_ogre_vendor/lib:/opt/ros/humble/lib/aarch64-linux-gnu:/opt/ros/humble/lib'), ('WS', '/ws'), ('OTEL_EXPORTER_OTLP_TRACES_PROTOCOL', 'grpc'), ('SIM', '0')]), 'shell': False}
[1.673895] (rae_description) JobProgress: {'identifier': 'rae_description', 'progress': 'cmake'}
[1.675450] (rae_description) Command: {'cmd': ['/usr/bin/cmake', '/ws/src/rae-ros/rae_description', '-DCMAKE_BUILD_TYPE=RelWithDebInfo', '-DAMENT_CMAKE_SYMLINK_INSTALL=1', '-DCMAKE_INSTALL_PREFIX=/ws/install/rae_description'], 'cwd': '/ws/build/rae_description', 'env': OrderedDict([('CMAKE_PREFIX_PATH', '/underlay_ws/install/nav_layer_from_points:/underlay_ws/install/laserscan_kinect:/underlay_ws/install/ira_laser_tools:/underlay_ws/install/gst_bridge:/underlay_ws/install/depthai-ros:/underlay_ws/install/depthai_ros_driver:/underlay_ws/install/depthai_filters:/underlay_ws/install/depthai_examples:/underlay_ws/install/depthai_bridge:/underlay_ws/install/depthai_ros_msgs:/underlay_ws/install/depthai_descriptions:/underlay_ws/install/depth_sensor_pose:/underlay_ws/install/cliff_detector:/underlay_ws/install/audio_msgs:/underlay_ws/install/gst_pipeline:/opt/ros/humble'), ('OTEL_TRACES_EXPORTER', 'otlp'), ('COLCON', '1'), ('PYTHONPATH', '/underlay_ws/build/gst_pipeline:/underlay_ws/install/gst_pipeline/lib/python3.10/site-packages:/underlay_ws/install/depthai_ros_driver/local/lib/python3.10/dist-packages:/underlay_ws/install/depthai_ros_msgs/local/lib/python3.10/dist-packages:/underlay_ws/install/audio_msgs/local/lib/python3.10/dist-packages:/opt/ros/humble/lib/python3.10/site-packages:/opt/ros/humble/local/lib/python3.10/dist-packages'), ('PWD', '/ws/build/rae_description'), ('LC_ALL', 'C.UTF-8'), ('CORE_NUM', '1'), ('AMENT_PREFIX_PATH', '/underlay_ws/install/nav_layer_from_points:/underlay_ws/install/laserscan_kinect:/underlay_ws/install/ira_laser_tools:/underlay_ws/install/gst_pipeline:/underlay_ws/install/gst_bridge:/underlay_ws/install/depthai-ros:/underlay_ws/install/depthai_ros_driver:/underlay_ws/install/depthai_filters:/underlay_ws/install/depthai_examples:/underlay_ws/install/depthai_bridge:/underlay_ws/install/depthai_ros_msgs:/underlay_ws/install/depthai_descriptions:/underlay_ws/install/depth_sensor_pose:/underlay_ws/install/cliff_detector:/underlay_ws/install/audio_msgs:/opt/ros/humble'), ('DEBIAN_FRONTEND', 'noninteractive'), ('LANG', 'C.UTF-8'), ('OTEL_EXPORTER_OTLP_TRACES_ENDPOINT', 'unix:///dev/otel-grpc.sock'), ('TRACEPARENT', '00-a325a00a556cc4a91e6d856ce0600ab1-77458a73ef04520e-01'), ('PATH', '/opt/ros/humble/bin:/usr/local/sbin:/usr/local/bin:/usr/sbin:/usr/bin:/sbin:/bin'), ('ROS_LOCALHOST_ONLY', '0'), ('ROS_VERSION', '2'), ('COLCON_PREFIX_PATH', '/underlay_ws/install'), ('ROS_DISTRO', 'humble'), ('UNDERLAY_WS', '/underlay_ws'), ('OTEL_TRACE_PARENT', '00-a325a00a556cc4a91e6d856ce0600ab1-77458a73ef04520e-01'), ('ROS_PYTHON_VERSION', '3'), ('BUILD_TYPE', 'RelWithDebInfo'), ('OLDPWD', '/'), ('HOME', '/root'), ('LD_LIBRARY_PATH', '/underlay_ws/install/nav_layer_from_points/lib:/underlay_ws/install/laserscan_kinect/lib:/underlay_ws/install/ira_laser_tools/lib:/underlay_ws/install/gst_bridge/lib:/underlay_ws/install/depthai_ros_driver/lib:/underlay_ws/install/depthai_filters/lib:/underlay_ws/install/depthai_bridge/lib:/underlay_ws/install/depthai_ros_msgs/lib:/underlay_ws/install/depth_sensor_pose/lib:/underlay_ws/install/cliff_detector/lib:/underlay_ws/install/audio_msgs/lib:/opt/ros/humble/opt/rviz_ogre_vendor/lib:/opt/ros/humble/lib/aarch64-linux-gnu:/opt/ros/humble/lib'), ('WS', '/ws'), ('OTEL_EXPORTER_OTLP_TRACES_PROTOCOL', 'grpc'), ('SIM', '0')]), 'shell': False}
[1.718028] (-) TimerEvent: {}
[1.818864] (-) TimerEvent: {}
[1.919706] (-) TimerEvent: {}
[2.020590] (-) TimerEvent: {}
[2.121469] (-) TimerEvent: {}
[2.222331] (-) TimerEvent: {}
[2.323206] (-) TimerEvent: {}
[2.424053] (-) TimerEvent: {}
[2.524892] (-) TimerEvent: {}
[2.625777] (-) TimerEvent: {}
[2.726651] (-) TimerEvent: {}
[2.827498] (-) TimerEvent: {}
[2.928349] (-) TimerEvent: {}
[3.029215] (-) TimerEvent: {}
[3.130065] (-) TimerEvent: {}
[3.230918] (-) TimerEvent: {}
[3.331755] (-) TimerEvent: {}
[3.353277] (rae_msgs) StdoutLine: {'line': b'-- The C compiler identification is GNU 11.4.0\n'}
[3.387802] (rae_bringup) StdoutLine: {'line': b'-- The C compiler identification is GNU 11.4.0\n'}
[3.410654] (rae_camera) StdoutLine: {'line': b'-- The C compiler identification is GNU 11.4.0\n'}
[3.432071] (-) TimerEvent: {}
[3.450737] (rae_description) StdoutLine: {'line': b'-- The C compiler identification is GNU 11.4.0\n'}
[3.532440] (-) TimerEvent: {}
[3.633304] (-) TimerEvent: {}
[3.734158] (-) TimerEvent: {}
[3.835035] (-) TimerEvent: {}
[3.935901] (-) TimerEvent: {}
[4.036735] (-) TimerEvent: {}
[4.137594] (-) TimerEvent: {}
[4.238429] (-) TimerEvent: {}
[4.339255] (-) TimerEvent: {}
[4.440081] (-) TimerEvent: {}
[4.540925] (-) TimerEvent: {}
[4.642212] (-) TimerEvent: {}
[4.743083] (-) TimerEvent: {}
[4.843945] (-) TimerEvent: {}
[4.869709] (rae_msgs) StdoutLine: {'line': b'-- The CXX compiler identification is GNU 11.4.0\n'}
[4.922465] (rae_camera) StdoutLine: {'line': b'-- The CXX compiler identification is GNU 11.4.0\n'}
[4.926333] (rae_bringup) StdoutLine: {'line': b'-- The CXX compiler identification is GNU 11.4.0\n'}
[4.947583] (-) TimerEvent: {}
[4.983602] (rae_description) StdoutLine: {'line': b'-- The CXX compiler identification is GNU 11.4.0\n'}
[5.019020] (rae_msgs) StdoutLine: {'line': b'-- Detecting C compiler ABI info\n'}
[5.047938] (-) TimerEvent: {}
[5.064271] (rae_camera) StdoutLine: {'line': b'-- Detecting C compiler ABI info\n'}
[5.084434] (rae_bringup) StdoutLine: {'line': b'-- Detecting C compiler ABI info\n'}
[5.135443] (rae_description) StdoutLine: {'line': b'-- Detecting C compiler ABI info\n'}
[5.148161] (-) TimerEvent: {}
[5.248949] (-) TimerEvent: {}
[5.349829] (-) TimerEvent: {}
[5.450653] (-) TimerEvent: {}
[5.551498] (-) TimerEvent: {}
[5.652335] (-) TimerEvent: {}
[5.753172] (-) TimerEvent: {}
[5.854029] (-) TimerEvent: {}
[5.954901] (-) TimerEvent: {}
[6.055761] (-) TimerEvent: {}
[6.156632] (-) TimerEvent: {}
[6.257522] (-) TimerEvent: {}
[6.358382] (-) TimerEvent: {}
[6.459246] (-) TimerEvent: {}
[6.560102] (-) TimerEvent: {}
[6.660937] (-) TimerEvent: {}
[6.761781] (-) TimerEvent: {}
[6.862617] (-) TimerEvent: {}
[6.963460] (-) TimerEvent: {}
[7.064508] (-) TimerEvent: {}
[7.090221] (rae_msgs) StdoutLine: {'line': b'-- Detecting C compiler ABI info - done\n'}
[7.133573] (rae_bringup) StdoutLine: {'line': b'-- Detecting C compiler ABI info - done\n'}
[7.136960] (rae_camera) StdoutLine: {'line': b'-- Detecting C compiler ABI info - done\n'}
[7.164796] (-) TimerEvent: {}
[7.212065] (rae_description) StdoutLine: {'line': b'-- Detecting C compiler ABI info - done\n'}
[7.233294] (rae_msgs) StdoutLine: {'line': b'-- Check for working C compiler: /usr/bin/cc - skipped\n'}
[7.236437] (rae_msgs) StdoutLine: {'line': b'-- Detecting C compile features\n'}
[7.242954] (rae_msgs) StdoutLine: {'line': b'-- Detecting C compile features - done\n'}
[7.265113] (-) TimerEvent: {}
[7.284193] (rae_msgs) StdoutLine: {'line': b'-- Detecting CXX compiler ABI info\n'}
[7.289589] (rae_bringup) StdoutLine: {'line': b'-- Check for working C compiler: /usr/bin/cc - skipped\n'}
[7.290678] (rae_camera) StdoutLine: {'line': b'-- Check for working C compiler: /usr/bin/cc - skipped\n'}
[7.292714] (rae_bringup) StdoutLine: {'line': b'-- Detecting C compile features\n'}
[7.293739] (rae_camera) StdoutLine: {'line': b'-- Detecting C compile features\n'}
[7.299180] (rae_camera) StdoutLine: {'line': b'-- Detecting C compile features - done\n'}
[7.300306] (rae_bringup) StdoutLine: {'line': b'-- Detecting C compile features - done\n'}
[7.340756] (rae_camera) StdoutLine: {'line': b'-- Detecting CXX compiler ABI info\n'}
[7.342307] (rae_bringup) StdoutLine: {'line': b'-- Detecting CXX compiler ABI info\n'}
[7.365448] (-) TimerEvent: {}
[7.384392] (rae_description) StdoutLine: {'line': b'-- Check for working C compiler: /usr/bin/cc - skipped\n'}
[7.389700] (rae_description) StdoutLine: {'line': b'-- Detecting C compile features\n'}
[7.397920] (rae_description) StdoutLine: {'line': b'-- Detecting C compile features - done\n'}
[7.439035] (rae_description) StdoutLine: {'line': b'-- Detecting CXX compiler ABI info\n'}
[7.465797] (-) TimerEvent: {}
[7.566655] (-) TimerEvent: {}
[7.667499] (-) TimerEvent: {}
[7.768340] (-) TimerEvent: {}
[7.869152] (-) TimerEvent: {}
[7.970027] (-) TimerEvent: {}
[8.070933] (-) TimerEvent: {}
[8.171779] (-) TimerEvent: {}
[8.272642] (-) TimerEvent: {}
[8.373566] (-) TimerEvent: {}
[8.474433] (-) TimerEvent: {}
[8.581595] (-) TimerEvent: {}
[8.682429] (-) TimerEvent: {}
[8.783288] (-) TimerEvent: {}
[8.884120] (-) TimerEvent: {}
[8.984994] (-) TimerEvent: {}
[9.090076] (-) TimerEvent: {}
[9.190962] (-) TimerEvent: {}
[9.291823] (-) TimerEvent: {}
[9.354837] (rae_msgs) StdoutLine: {'line': b'-- Detecting CXX compiler ABI info - done\n'}
[9.392224] (-) TimerEvent: {}
[9.400167] (rae_camera) StdoutLine: {'line': b'-- Detecting CXX compiler ABI info - done\n'}
[9.401332] (rae_bringup) StdoutLine: {'line': b'-- Detecting CXX compiler ABI info - done\n'}
[9.491002] (rae_msgs) StdoutLine: {'line': b'-- Check for working CXX compiler: /usr/bin/c++ - skipped\n'}
[9.492338] (-) TimerEvent: {}
[9.493476] (rae_msgs) StdoutLine: {'line': b'-- Detecting CXX compile features\n'}
[9.500873] (rae_msgs) StdoutLine: {'line': b'-- Detecting CXX compile features - done\n'}
[9.519049] (rae_description) StdoutLine: {'line': b'-- Detecting CXX compiler ABI info - done\n'}
[9.549867] (rae_bringup) StdoutLine: {'line': b'-- Check for working CXX compiler: /usr/bin/c++ - skipped\n'}
[9.552777] (rae_msgs) StdoutLine: {'line': b'-- Found ament_cmake: 1.3.5 (/opt/ros/humble/share/ament_cmake/cmake)\n'}
[9.553877] (rae_bringup) StdoutLine: {'line': b'-- Detecting CXX compile features\n'}
[9.560291] (rae_bringup) StdoutLine: {'line': b'-- Detecting CXX compile features - done\n'}
[9.564782] (rae_camera) StdoutLine: {'line': b'-- Check for working CXX compiler: /usr/bin/c++ - skipped\n'}
[9.567850] (rae_camera) StdoutLine: {'line': b'-- Detecting CXX compile features\n'}
[9.574953] (rae_camera) StdoutLine: {'line': b'-- Detecting CXX compile features - done\n'}
[9.592598] (-) TimerEvent: {}
[9.617990] (rae_bringup) StdoutLine: {'line': b'-- Found ament_cmake: 1.3.5 (/opt/ros/humble/share/ament_cmake/cmake)\n'}
[9.625360] (rae_camera) StdoutLine: {'line': b'-- Found ament_cmake: 1.3.5 (/opt/ros/humble/share/ament_cmake/cmake)\n'}
[9.684405] (rae_description) StdoutLine: {'line': b'-- Check for working CXX compiler: /usr/bin/c++ - skipped\n'}
[9.689632] (rae_description) StdoutLine: {'line': b'-- Detecting CXX compile features\n'}
[9.692771] (-) TimerEvent: {}
[9.699101] (rae_description) StdoutLine: {'line': b'-- Detecting CXX compile features - done\n'}
[9.752232] (rae_description) StdoutLine: {'line': b'-- Found ament_cmake: 1.3.5 (/opt/ros/humble/share/ament_cmake/cmake)\n'}
[9.793236] (-) TimerEvent: {}
[9.894133] (-) TimerEvent: {}
[9.995118] (-) TimerEvent: {}
[10.096020] (-) TimerEvent: {}
[10.196950] (-) TimerEvent: {}
[10.297855] (-) TimerEvent: {}
[10.398728] (-) TimerEvent: {}
[10.499577] (-) TimerEvent: {}
[10.600417] (-) TimerEvent: {}
[10.701288] (-) TimerEvent: {}
[10.802169] (-) TimerEvent: {}
[10.903084] (-) TimerEvent: {}
[11.003988] (-) TimerEvent: {}
[11.104850] (-) TimerEvent: {}
[11.205741] (-) TimerEvent: {}
[11.306607] (-) TimerEvent: {}
[11.407482] (-) TimerEvent: {}
[11.508356] (-) TimerEvent: {}
[11.609264] (-) TimerEvent: {}
[11.710135] (-) TimerEvent: {}
[11.811003] (-) TimerEvent: {}
[11.911861] (-) TimerEvent: {}
[12.012741] (-) TimerEvent: {}
[12.113683] (-) TimerEvent: {}
[12.214569] (-) TimerEvent: {}
[12.315475] (-) TimerEvent: {}
[12.416398] (-) TimerEvent: {}
[12.517278] (-) TimerEvent: {}
[12.618151] (-) TimerEvent: {}
[12.718985] (-) TimerEvent: {}
[12.819830] (-) TimerEvent: {}
[12.920703] (-) TimerEvent: {}
[13.021612] (-) TimerEvent: {}
[13.122541] (-) TimerEvent: {}
[13.223413] (-) TimerEvent: {}
[13.324284] (-) TimerEvent: {}
[13.425160] (-) TimerEvent: {}
[13.526047] (-) TimerEvent: {}
[13.626937] (-) TimerEvent: {}
[13.727889] (-) TimerEvent: {}
[13.828791] (-) TimerEvent: {}
[13.929645] (-) TimerEvent: {}
[14.030527] (-) TimerEvent: {}
[14.058543] (rae_bringup) StdoutLine: {'line': b'-- Found Python3: /usr/bin/python3.10 (found version "3.10.12") found components: Interpreter \n'}
[14.061332] (rae_camera) StdoutLine: {'line': b'-- Found Python3: /usr/bin/python3.10 (found version "3.10.12") found components: Interpreter \n'}
[14.083264] (rae_msgs) StdoutLine: {'line': b'-- Found Python3: /usr/bin/python3.10 (found version "3.10.12") found components: Interpreter \n'}
[14.130871] (-) TimerEvent: {}
[14.175653] (rae_description) StdoutLine: {'line': b'-- Found Python3: /usr/bin/python3.10 (found version "3.10.12") found components: Interpreter \n'}
[14.231225] (-) TimerEvent: {}
[14.332114] (-) TimerEvent: {}
[14.433037] (-) TimerEvent: {}
[14.534049] (-) TimerEvent: {}
[14.635005] (-) TimerEvent: {}
[14.735976] (-) TimerEvent: {}
[14.836930] (-) TimerEvent: {}
[14.937852] (-) TimerEvent: {}
[15.038792] (-) TimerEvent: {}
[15.139759] (-) TimerEvent: {}
[15.240678] (-) TimerEvent: {}
[15.282608] (rae_bringup) StdoutLine: {'line': b'-- Override CMake install command with custom implementation using symlinks instead of copying resources\n'}
[15.289792] (rae_camera) StdoutLine: {'line': b'-- Override CMake install command with custom implementation using symlinks instead of copying resources\n'}
[15.301215] (rae_msgs) StdoutLine: {'line': b'-- Override CMake install command with custom implementation using symlinks instead of copying resources\n'}
[15.341071] (-) TimerEvent: {}
[15.401936] (rae_description) StdoutLine: {'line': b'-- Override CMake install command with custom implementation using symlinks instead of copying resources\n'}
[15.441524] (-) TimerEvent: {}
[15.542461] (-) TimerEvent: {}
[15.643385] (-) TimerEvent: {}
[15.735757] (rae_bringup) StdoutLine: {'line': b'-- Found rclpy: 3.3.10 (/opt/ros/humble/share/rclpy/cmake)\n'}
[15.740770] (rae_camera) StdoutLine: {'line': b'-- Found camera_info_manager: 3.1.7 (/opt/ros/humble/share/camera_info_manager/cmake)\n'}
[15.743488] (-) TimerEvent: {}
[15.758729] (rae_msgs) StdoutLine: {'line': b'-- Found std_msgs: 4.2.3 (/opt/ros/humble/share/std_msgs/cmake)\n'}
[15.766495] (rae_bringup) StdoutLine: {'line': b'-- Found ament_lint_auto: 0.12.8 (/opt/ros/humble/share/ament_lint_auto/cmake)\n'}
[15.843941] (-) TimerEvent: {}
[15.944805] (-) TimerEvent: {}
[16.045713] (-) TimerEvent: {}
[16.146632] (-) TimerEvent: {}
[16.247540] (-) TimerEvent: {}
[16.301774] (rae_msgs) StdoutLine: {'line': b'-- Found rosidl_generator_c: 3.1.5 (/opt/ros/humble/share/rosidl_generator_c/cmake)\n'}
[16.347903] (-) TimerEvent: {}
[16.400393] (rae_msgs) StdoutLine: {'line': b'-- Found rosidl_adapter: 3.1.5 (/opt/ros/humble/share/rosidl_adapter/cmake)\n'}
[16.448315] (-) TimerEvent: {}
[16.496707] (rae_camera) StdoutLine: {'line': b'-- Found rosidl_generator_c: 3.1.5 (/opt/ros/humble/share/rosidl_generator_c/cmake)\n'}
[16.548698] (-) TimerEvent: {}
[16.553082] (rae_msgs) StdoutLine: {'line': b'-- Found rosidl_generator_cpp: 3.1.5 (/opt/ros/humble/share/rosidl_generator_cpp/cmake)\n'}
[16.601914] (rae_camera) StdoutLine: {'line': b'-- Found rosidl_adapter: 3.1.5 (/opt/ros/humble/share/rosidl_adapter/cmake)\n'}
[16.650618] (-) TimerEvent: {}
[16.751532] (-) TimerEvent: {}
[16.762447] (rae_camera) StdoutLine: {'line': b'-- Found rosidl_generator_cpp: 3.1.5 (/opt/ros/humble/share/rosidl_generator_cpp/cmake)\n'}
[16.824752] (rae_msgs) StdoutLine: {'line': b'-- Using all available rosidl_typesupport_c: rosidl_typesupport_fastrtps_c;rosidl_typesupport_introspection_c\n'}
[16.861621] (-) TimerEvent: {}
[16.962520] (-) TimerEvent: {}
[17.047385] (rae_camera) StdoutLine: {'line': b'-- Using all available rosidl_typesupport_c: rosidl_typesupport_fastrtps_c;rosidl_typesupport_introspection_c\n'}
[17.062675] (-) TimerEvent: {}
[17.107398] (rae_description) StdoutLine: {'line': b'-- Configuring done\n'}
[17.152252] (rae_description) StdoutLine: {'line': b'-- Generating done\n'}
[17.162885] (-) TimerEvent: {}
[17.167508] (rae_description) StdoutLine: {'line': b'-- Build files have been written to: /ws/build/rae_description\n'}
[17.202224] (rae_msgs) StdoutLine: {'line': b'-- Using all available rosidl_typesupport_cpp: rosidl_typesupport_fastrtps_cpp;rosidl_typesupport_introspection_cpp\n'}
[17.212972] (rae_description) CommandEnded: {'returncode': 0}
[17.225854] (rae_description) JobProgress: {'identifier': 'rae_description', 'progress': 'build'}
[17.226179] (rae_description) Command: {'cmd': ['/usr/bin/cmake', '--build', '/ws/build/rae_description', '--', '-j4', '-l4'], 'cwd': '/ws/build/rae_description', 'env': OrderedDict([('CMAKE_PREFIX_PATH', '/underlay_ws/install/nav_layer_from_points:/underlay_ws/install/laserscan_kinect:/underlay_ws/install/ira_laser_tools:/underlay_ws/install/gst_bridge:/underlay_ws/install/depthai-ros:/underlay_ws/install/depthai_ros_driver:/underlay_ws/install/depthai_filters:/underlay_ws/install/depthai_examples:/underlay_ws/install/depthai_bridge:/underlay_ws/install/depthai_ros_msgs:/underlay_ws/install/depthai_descriptions:/underlay_ws/install/depth_sensor_pose:/underlay_ws/install/cliff_detector:/underlay_ws/install/audio_msgs:/underlay_ws/install/gst_pipeline:/opt/ros/humble'), ('OTEL_TRACES_EXPORTER', 'otlp'), ('COLCON', '1'), ('PYTHONPATH', '/underlay_ws/build/gst_pipeline:/underlay_ws/install/gst_pipeline/lib/python3.10/site-packages:/underlay_ws/install/depthai_ros_driver/local/lib/python3.10/dist-packages:/underlay_ws/install/depthai_ros_msgs/local/lib/python3.10/dist-packages:/underlay_ws/install/audio_msgs/local/lib/python3.10/dist-packages:/opt/ros/humble/lib/python3.10/site-packages:/opt/ros/humble/local/lib/python3.10/dist-packages'), ('PWD', '/ws/build/rae_description'), ('LC_ALL', 'C.UTF-8'), ('CORE_NUM', '1'), ('AMENT_PREFIX_PATH', '/underlay_ws/install/nav_layer_from_points:/underlay_ws/install/laserscan_kinect:/underlay_ws/install/ira_laser_tools:/underlay_ws/install/gst_pipeline:/underlay_ws/install/gst_bridge:/underlay_ws/install/depthai-ros:/underlay_ws/install/depthai_ros_driver:/underlay_ws/install/depthai_filters:/underlay_ws/install/depthai_examples:/underlay_ws/install/depthai_bridge:/underlay_ws/install/depthai_ros_msgs:/underlay_ws/install/depthai_descriptions:/underlay_ws/install/depth_sensor_pose:/underlay_ws/install/cliff_detector:/underlay_ws/install/audio_msgs:/opt/ros/humble'), ('DEBIAN_FRONTEND', 'noninteractive'), ('LANG', 'C.UTF-8'), ('OTEL_EXPORTER_OTLP_TRACES_ENDPOINT', 'unix:///dev/otel-grpc.sock'), ('TRACEPARENT', '00-a325a00a556cc4a91e6d856ce0600ab1-77458a73ef04520e-01'), ('PATH', '/opt/ros/humble/bin:/usr/local/sbin:/usr/local/bin:/usr/sbin:/usr/bin:/sbin:/bin'), ('ROS_LOCALHOST_ONLY', '0'), ('ROS_VERSION', '2'), ('COLCON_PREFIX_PATH', '/underlay_ws/install'), ('ROS_DISTRO', 'humble'), ('UNDERLAY_WS', '/underlay_ws'), ('OTEL_TRACE_PARENT', '00-a325a00a556cc4a91e6d856ce0600ab1-77458a73ef04520e-01'), ('ROS_PYTHON_VERSION', '3'), ('BUILD_TYPE', 'RelWithDebInfo'), ('OLDPWD', '/'), ('HOME', '/root'), ('LD_LIBRARY_PATH', '/underlay_ws/install/nav_layer_from_points/lib:/underlay_ws/install/laserscan_kinect/lib:/underlay_ws/install/ira_laser_tools/lib:/underlay_ws/install/gst_bridge/lib:/underlay_ws/install/depthai_ros_driver/lib:/underlay_ws/install/depthai_filters/lib:/underlay_ws/install/depthai_bridge/lib:/underlay_ws/install/depthai_ros_msgs/lib:/underlay_ws/install/depth_sensor_pose/lib:/underlay_ws/install/cliff_detector/lib:/underlay_ws/install/audio_msgs/lib:/opt/ros/humble/opt/rviz_ogre_vendor/lib:/opt/ros/humble/lib/aarch64-linux-gnu:/opt/ros/humble/lib'), ('WS', '/ws'), ('OTEL_EXPORTER_OTLP_TRACES_PROTOCOL', 'grpc'), ('SIM', '0')]), 'shell': False}
[17.263203] (-) TimerEvent: {}
[17.364024] (-) TimerEvent: {}
[17.415611] (rae_camera) StdoutLine: {'line': b'-- Using all available rosidl_typesupport_cpp: rosidl_typesupport_fastrtps_cpp;rosidl_typesupport_introspection_cpp\n'}
[17.464396] (-) TimerEvent: {}
[17.565305] (-) TimerEvent: {}
[17.666196] (-) TimerEvent: {}
[17.767052] (-) TimerEvent: {}
[17.867889] (-) TimerEvent: {}
[17.887819] (rae_bringup) StdoutLine: {'line': b"-- Added test 'flake8' to check Python code syntax and style conventions\n"}
[17.900948] (rae_bringup) StdoutLine: {'line': b"-- Added test 'lint_cmake' to check CMake code style\n"}
[17.911504] (rae_bringup) StdoutLine: {'line': b"-- Added test 'pep257' to check Python code against some of the docstring style conventions in PEP 257\n"}
[17.929036] (rae_bringup) StdoutLine: {'line': b"-- Added test 'xmllint' to check XML markup files\n"}
[17.952551] (rae_bringup) StdoutLine: {'line': b'-- Configuring done\n'}
[17.968020] (-) TimerEvent: {}
[18.018449] (rae_bringup) StdoutLine: {'line': b'-- Generating done\n'}
[18.034736] (rae_bringup) StdoutLine: {'line': b'-- Build files have been written to: /ws/build/rae_bringup\n'}
[18.068403] (-) TimerEvent: {}
[18.080958] (rae_bringup) CommandEnded: {'returncode': 0}
[18.092412] (rae_bringup) JobProgress: {'identifier': 'rae_bringup', 'progress': 'build'}
[18.093096] (rae_bringup) Command: {'cmd': ['/usr/bin/cmake', '--build', '/ws/build/rae_bringup', '--', '-j4', '-l4'], 'cwd': '/ws/build/rae_bringup', 'env': OrderedDict([('CMAKE_PREFIX_PATH', '/underlay_ws/install/nav_layer_from_points:/underlay_ws/install/laserscan_kinect:/underlay_ws/install/ira_laser_tools:/underlay_ws/install/gst_bridge:/underlay_ws/install/depthai-ros:/underlay_ws/install/depthai_ros_driver:/underlay_ws/install/depthai_filters:/underlay_ws/install/depthai_examples:/underlay_ws/install/depthai_bridge:/underlay_ws/install/depthai_ros_msgs:/underlay_ws/install/depthai_descriptions:/underlay_ws/install/depth_sensor_pose:/underlay_ws/install/cliff_detector:/underlay_ws/install/audio_msgs:/underlay_ws/install/gst_pipeline:/opt/ros/humble'), ('OTEL_TRACES_EXPORTER', 'otlp'), ('COLCON', '1'), ('PYTHONPATH', '/underlay_ws/build/gst_pipeline:/underlay_ws/install/gst_pipeline/lib/python3.10/site-packages:/underlay_ws/install/depthai_ros_driver/local/lib/python3.10/dist-packages:/underlay_ws/install/depthai_ros_msgs/local/lib/python3.10/dist-packages:/underlay_ws/install/audio_msgs/local/lib/python3.10/dist-packages:/opt/ros/humble/lib/python3.10/site-packages:/opt/ros/humble/local/lib/python3.10/dist-packages'), ('PWD', '/ws/build/rae_bringup'), ('LC_ALL', 'C.UTF-8'), ('CORE_NUM', '1'), ('AMENT_PREFIX_PATH', '/underlay_ws/install/nav_layer_from_points:/underlay_ws/install/laserscan_kinect:/underlay_ws/install/ira_laser_tools:/underlay_ws/install/gst_pipeline:/underlay_ws/install/gst_bridge:/underlay_ws/install/depthai-ros:/underlay_ws/install/depthai_ros_driver:/underlay_ws/install/depthai_filters:/underlay_ws/install/depthai_examples:/underlay_ws/install/depthai_bridge:/underlay_ws/install/depthai_ros_msgs:/underlay_ws/install/depthai_descriptions:/underlay_ws/install/depth_sensor_pose:/underlay_ws/install/cliff_detector:/underlay_ws/install/audio_msgs:/opt/ros/humble'), ('DEBIAN_FRONTEND', 'noninteractive'), ('LANG', 'C.UTF-8'), ('OTEL_EXPORTER_OTLP_TRACES_ENDPOINT', 'unix:///dev/otel-grpc.sock'), ('TRACEPARENT', '00-a325a00a556cc4a91e6d856ce0600ab1-77458a73ef04520e-01'), ('PATH', '/opt/ros/humble/bin:/usr/local/sbin:/usr/local/bin:/usr/sbin:/usr/bin:/sbin:/bin'), ('ROS_LOCALHOST_ONLY', '0'), ('ROS_VERSION', '2'), ('COLCON_PREFIX_PATH', '/underlay_ws/install'), ('ROS_DISTRO', 'humble'), ('UNDERLAY_WS', '/underlay_ws'), ('OTEL_TRACE_PARENT', '00-a325a00a556cc4a91e6d856ce0600ab1-77458a73ef04520e-01'), ('ROS_PYTHON_VERSION', '3'), ('BUILD_TYPE', 'RelWithDebInfo'), ('OLDPWD', '/'), ('HOME', '/root'), ('LD_LIBRARY_PATH', '/underlay_ws/install/nav_layer_from_points/lib:/underlay_ws/install/laserscan_kinect/lib:/underlay_ws/install/ira_laser_tools/lib:/underlay_ws/install/gst_bridge/lib:/underlay_ws/install/depthai_ros_driver/lib:/underlay_ws/install/depthai_filters/lib:/underlay_ws/install/depthai_bridge/lib:/underlay_ws/install/depthai_ros_msgs/lib:/underlay_ws/install/depth_sensor_pose/lib:/underlay_ws/install/cliff_detector/lib:/underlay_ws/install/audio_msgs/lib:/opt/ros/humble/opt/rviz_ogre_vendor/lib:/opt/ros/humble/lib/aarch64-linux-gnu:/opt/ros/humble/lib'), ('WS', '/ws'), ('OTEL_EXPORTER_OTLP_TRACES_PROTOCOL', 'grpc'), ('SIM', '0')]), 'shell': False}
[18.168807] (-) TimerEvent: {}
[18.206124] (rae_description) CommandEnded: {'returncode': 0}
[18.266162] (rae_msgs) StdoutLine: {'line': b'-- Found rosidl_default_generators: 1.2.0 (/opt/ros/humble/share/rosidl_default_generators/cmake)\n'}
[18.268941] (-) TimerEvent: {}
[18.369676] (-) TimerEvent: {}
[18.470550] (-) TimerEvent: {}
[18.571315] (-) TimerEvent: {}
[18.672118] (-) TimerEvent: {}
[18.759401] (rae_camera) StdoutLine: {'line': b'-- Found rmw_implementation_cmake: 6.1.1 (/opt/ros/humble/share/rmw_implementation_cmake/cmake)\n'}
[18.772442] (-) TimerEvent: {}
[18.814460] (rae_camera) StdoutLine: {'line': b'-- Found rmw_fastrtps_cpp: 6.2.4 (/opt/ros/humble/share/rmw_fastrtps_cpp/cmake)\n'}
[18.872752] (-) TimerEvent: {}
[18.973534] (-) TimerEvent: {}
[19.054824] (rae_description) JobProgress: {'identifier': 'rae_description', 'progress': 'install'}
[19.073869] (-) TimerEvent: {}
[19.174764] (-) TimerEvent: {}
[19.258128] (rae_description) Command: {'cmd': ['/usr/bin/cmake', '--install', '/ws/build/rae_description'], 'cwd': '/ws/build/rae_description', 'env': OrderedDict([('CMAKE_PREFIX_PATH', '/underlay_ws/install/nav_layer_from_points:/underlay_ws/install/laserscan_kinect:/underlay_ws/install/ira_laser_tools:/underlay_ws/install/gst_bridge:/underlay_ws/install/depthai-ros:/underlay_ws/install/depthai_ros_driver:/underlay_ws/install/depthai_filters:/underlay_ws/install/depthai_examples:/underlay_ws/install/depthai_bridge:/underlay_ws/install/depthai_ros_msgs:/underlay_ws/install/depthai_descriptions:/underlay_ws/install/depth_sensor_pose:/underlay_ws/install/cliff_detector:/underlay_ws/install/audio_msgs:/underlay_ws/install/gst_pipeline:/opt/ros/humble'), ('OTEL_TRACES_EXPORTER', 'otlp'), ('COLCON', '1'), ('PYTHONPATH', '/underlay_ws/build/gst_pipeline:/underlay_ws/install/gst_pipeline/lib/python3.10/site-packages:/underlay_ws/install/depthai_ros_driver/local/lib/python3.10/dist-packages:/underlay_ws/install/depthai_ros_msgs/local/lib/python3.10/dist-packages:/underlay_ws/install/audio_msgs/local/lib/python3.10/dist-packages:/opt/ros/humble/lib/python3.10/site-packages:/opt/ros/humble/local/lib/python3.10/dist-packages'), ('PWD', '/ws/build/rae_description'), ('LC_ALL', 'C.UTF-8'), ('CORE_NUM', '1'), ('AMENT_PREFIX_PATH', '/underlay_ws/install/nav_layer_from_points:/underlay_ws/install/laserscan_kinect:/underlay_ws/install/ira_laser_tools:/underlay_ws/install/gst_pipeline:/underlay_ws/install/gst_bridge:/underlay_ws/install/depthai-ros:/underlay_ws/install/depthai_ros_driver:/underlay_ws/install/depthai_filters:/underlay_ws/install/depthai_examples:/underlay_ws/install/depthai_bridge:/underlay_ws/install/depthai_ros_msgs:/underlay_ws/install/depthai_descriptions:/underlay_ws/install/depth_sensor_pose:/underlay_ws/install/cliff_detector:/underlay_ws/install/audio_msgs:/opt/ros/humble'), ('DEBIAN_FRONTEND', 'noninteractive'), ('LANG', 'C.UTF-8'), ('OTEL_EXPORTER_OTLP_TRACES_ENDPOINT', 'unix:///dev/otel-grpc.sock'), ('TRACEPARENT', '00-a325a00a556cc4a91e6d856ce0600ab1-77458a73ef04520e-01'), ('PATH', '/opt/ros/humble/bin:/usr/local/sbin:/usr/local/bin:/usr/sbin:/usr/bin:/sbin:/bin'), ('ROS_LOCALHOST_ONLY', '0'), ('ROS_VERSION', '2'), ('COLCON_PREFIX_PATH', '/underlay_ws/install'), ('ROS_DISTRO', 'humble'), ('UNDERLAY_WS', '/underlay_ws'), ('OTEL_TRACE_PARENT', '00-a325a00a556cc4a91e6d856ce0600ab1-77458a73ef04520e-01'), ('ROS_PYTHON_VERSION', '3'), ('BUILD_TYPE', 'RelWithDebInfo'), ('OLDPWD', '/'), ('HOME', '/root'), ('LD_LIBRARY_PATH', '/underlay_ws/install/nav_layer_from_points/lib:/underlay_ws/install/laserscan_kinect/lib:/underlay_ws/install/ira_laser_tools/lib:/underlay_ws/install/gst_bridge/lib:/underlay_ws/install/depthai_ros_driver/lib:/underlay_ws/install/depthai_filters/lib:/underlay_ws/install/depthai_bridge/lib:/underlay_ws/install/depthai_ros_msgs/lib:/underlay_ws/install/depth_sensor_pose/lib:/underlay_ws/install/cliff_detector/lib:/underlay_ws/install/audio_msgs/lib:/opt/ros/humble/opt/rviz_ogre_vendor/lib:/opt/ros/humble/lib/aarch64-linux-gnu:/opt/ros/humble/lib'), ('WS', '/ws'), ('OTEL_EXPORTER_OTLP_TRACES_PROTOCOL', 'grpc'), ('SIM', '0')]), 'shell': False}
[19.275090] (-) TimerEvent: {}
[19.375881] (-) TimerEvent: {}
[19.476809] (rae_description) StdoutLine: {'line': b'-- Install configuration: "RelWithDebInfo"\n'}
[19.478308] (-) TimerEvent: {}
[19.499859] (rae_description) StdoutLine: {'line': b'-- Execute custom install script\n'}
[19.525621] (rae_description) StdoutLine: {'line': b'-- Symlinking: /ws/install/rae_description/share/rae_description//launch/rsp.launch.py\n'}
[19.578771] (-) TimerEvent: {}
[19.614784] (rae_bringup) StdoutLine: {'line': b'Built target ament_cmake_python_symlink_rae_bringup\n'}
[19.679100] (-) TimerEvent: {}
[19.700970] (rae_description) StdoutLine: {'line': b'-- Symlinking: /ws/install/rae_description/share/rae_description//urdf/camera.urdf.xacro\n'}
[19.779490] (-) TimerEvent: {}
[19.858702] (rae_description) StdoutLine: {'line': b'-- Symlinking: /ws/install/rae_description/share/rae_description//urdf/inertial_moment_calc.xacro\n'}
[19.879711] (-) TimerEvent: {}
[19.980500] (-) TimerEvent: {}
[20.015166] (rae_description) StdoutLine: {'line': b'-- Symlinking: /ws/install/rae_description/share/rae_description//urdf/models/RAE-TOP-ASSY_0417.STL\n'}
[20.080892] (-) TimerEvent: {}
[20.172170] (rae_description) StdoutLine: {'line': b'-- Symlinking: /ws/install/rae_description/share/rae_description//urdf/models/caster-wheel.stl\n'}
[20.181073] (-) TimerEvent: {}
[20.281837] (-) TimerEvent: {}
[20.328826] (rae_description) StdoutLine: {'line': b'-- Symlinking: /ws/install/rae_description/share/rae_description//urdf/models/rae.stl\n'}
[20.382384] (-) TimerEvent: {}
[20.485490] (-) TimerEvent: {}
[20.486924] (rae_description) StdoutLine: {'line': b'-- Symlinking: /ws/install/rae_description/share/rae_description//urdf/rae.urdf.xacro\n'}
[20.585829] (-) TimerEvent: {}
[20.643191] (rae_description) StdoutLine: {'line': b'-- Symlinking: /ws/install/rae_description/share/rae_description//urdf/rae_core.urdf.xacro\n'}
[20.686185] (-) TimerEvent: {}
[20.787029] (-) TimerEvent: {}
[20.806581] (rae_description) StdoutLine: {'line': b'-- Symlinking: /ws/install/rae_description/share/rae_description//urdf/rae_gazebo_control.urdf.xacro\n'}
[20.887440] (-) TimerEvent: {}
[20.942012] (rae_camera) StdoutLine: {'line': b'-- Found OpenSSL: /usr/lib/aarch64-linux-gnu/libcrypto.so (found version "3.0.2")  \n'}
[20.966490] (rae_description) StdoutLine: {'line': b'-- Symlinking: /ws/install/rae_description/share/rae_description//urdf/rae_ros2_control.urdf.xacro\n'}
[20.987778] (-) TimerEvent: {}
[21.088621] (-) TimerEvent: {}
[21.127023] (rae_description) StdoutLine: {'line': b'-- Symlinking: /ws/install/rae_description/share/ament_index/resource_index/package_run_dependencies/rae_description\n'}
[21.188944] (-) TimerEvent: {}
[21.200624] (rae_camera) StdoutLine: {'line': b'-- Found FastRTPS: /opt/ros/humble/include  \n'}
[21.289366] (-) TimerEvent: {}
[21.292203] (rae_description) StdoutLine: {'line': b'-- Symlinking: /ws/install/rae_description/share/ament_index/resource_index/parent_prefix_path/rae_description\n'}
[21.389741] (-) TimerEvent: {}
[21.456737] (rae_description) StdoutLine: {'line': b'-- Symlinking: /ws/install/rae_description/share/rae_description/environment/ament_prefix_path.sh\n'}
[21.489941] (-) TimerEvent: {}
[21.590709] (-) TimerEvent: {}
[21.619623] (rae_description) StdoutLine: {'line': b'-- Symlinking: /ws/install/rae_description/share/rae_description/environment/ament_prefix_path.dsv\n'}
[21.691116] (-) TimerEvent: {}
[21.760422] (rae_camera) StdoutLine: {'line': b"-- Using RMW implementation 'rmw_fastrtps_cpp' as default\n"}
[21.785058] (rae_description) StdoutLine: {'line': b'-- Symlinking: /ws/install/rae_description/share/rae_description/environment/path.sh\n'}
[21.791239] (-) TimerEvent: {}
[21.892037] (-) TimerEvent: {}
[21.931817] (rae_camera) StdoutLine: {'line': b'-- Looking for pthread.h\n'}
[21.959924] (rae_description) StdoutLine: {'line': b'-- Symlinking: /ws/install/rae_description/share/rae_description/environment/path.dsv\n'}
[21.992377] (-) TimerEvent: {}
[22.093325] (-) TimerEvent: {}
[22.134617] (rae_description) StdoutLine: {'line': b'-- Symlinking: /ws/install/rae_description/share/rae_description/local_setup.bash\n'}
[22.193943] (-) TimerEvent: {}
[22.294906] (-) TimerEvent: {}
[22.309640] (rae_description) StdoutLine: {'line': b'-- Symlinking: /ws/install/rae_description/share/rae_description/local_setup.sh\n'}
[22.395340] (-) TimerEvent: {}
[22.482841] (rae_description) StdoutLine: {'line': b'-- Symlinking: /ws/install/rae_description/share/rae_description/local_setup.zsh\n'}
[22.495629] (-) TimerEvent: {}
[22.596531] (-) TimerEvent: {}
[22.659683] (rae_description) StdoutLine: {'line': b'-- Symlinking: /ws/install/rae_description/share/rae_description/local_setup.dsv\n'}
[22.696802] (-) TimerEvent: {}
[22.797660] (-) TimerEvent: {}
[22.841802] (rae_description) StdoutLine: {'line': b'-- Symlinking: /ws/install/rae_description/share/rae_description/package.dsv\n'}
[22.898089] (-) TimerEvent: {}
[22.999078] (-) TimerEvent: {}
[23.017020] (rae_description) StdoutLine: {'line': b'-- Symlinking: /ws/install/rae_description/share/ament_index/resource_index/packages/rae_description\n'}
[23.099476] (-) TimerEvent: {}
[23.188549] (rae_description) StdoutLine: {'line': b'-- Symlinking: /ws/install/rae_description/share/rae_description/cmake/rae_descriptionConfig.cmake\n'}
[23.199673] (-) TimerEvent: {}
[23.300473] (-) TimerEvent: {}
[23.360803] (rae_description) StdoutLine: {'line': b'-- Symlinking: /ws/install/rae_description/share/rae_description/cmake/rae_descriptionConfig-version.cmake\n'}
[23.400836] (-) TimerEvent: {}
[23.443092] (rae_bringup) StdoutLine: {'line': b'running egg_info\n'}
[23.452038] (rae_bringup) StdoutLine: {'line': b'creating rae_bringup.egg-info\n'}
[23.455213] (rae_bringup) StdoutLine: {'line': b'writing rae_bringup.egg-info/PKG-INFO\n'}
[23.457771] (rae_bringup) StdoutLine: {'line': b'writing dependency_links to rae_bringup.egg-info/dependency_links.txt\n'}
[23.461145] (rae_bringup) StdoutLine: {'line': b'writing top-level names to rae_bringup.egg-info/top_level.txt\n'}
[23.463792] (rae_bringup) StdoutLine: {'line': b"writing manifest file 'rae_bringup.egg-info/SOURCES.txt'\n"}
[23.488156] (rae_bringup) StdoutLine: {'line': b"reading manifest file 'rae_bringup.egg-info/SOURCES.txt'\n"}
[23.495442] (rae_bringup) StdoutLine: {'line': b"writing manifest file 'rae_bringup.egg-info/SOURCES.txt'\n"}
[23.500941] (-) TimerEvent: {}
[23.537179] (rae_description) StdoutLine: {'line': b'-- Symlinking: /ws/install/rae_description/share/rae_description/package.xml\n'}
[23.601814] (-) TimerEvent: {}
[23.702675] (-) TimerEvent: {}
[23.719931] (rae_description) CommandEnded: {'returncode': 0}
[23.803164] (-) TimerEvent: {}
[23.904351] (-) TimerEvent: {}
[24.005144] (-) TimerEvent: {}
[24.106092] (-) TimerEvent: {}
[24.207631] (-) TimerEvent: {}
[24.253930] (rae_bringup) StdoutLine: {'line': b'Built target ament_cmake_python_build_rae_bringup_egg\n'}
[24.255346] (rae_camera) StdoutLine: {'line': b'-- Looking for pthread.h - found\n'}
[24.256384] (rae_camera) StdoutLine: {'line': b'-- Performing Test CMAKE_HAVE_LIBC_PTHREAD\n'}
[24.257444] (rae_msgs) StdoutLine: {'line': b'-- Found ament_cmake_ros: 0.10.0 (/opt/ros/humble/share/ament_cmake_ros/cmake)\n'}
[24.267105] (rae_bringup) CommandEnded: {'returncode': 0}
[24.308028] (-) TimerEvent: {}
[24.408850] (-) TimerEvent: {}
[24.509696] (-) TimerEvent: {}
[24.610540] (-) TimerEvent: {}
[24.711279] (-) TimerEvent: {}
[24.812095] (-) TimerEvent: {}
[24.912919] (-) TimerEvent: {}
[25.013852] (-) TimerEvent: {}
[25.114570] (-) TimerEvent: {}
[25.215538] (-) TimerEvent: {}
[25.321676] (-) TimerEvent: {}
[25.422332] (-) TimerEvent: {}
[25.523600] (-) TimerEvent: {}
[25.595054] (rae_description) JobEnded: {'identifier': 'rae_description', 'rc': 0}
[25.601917] (rae_bringup) JobProgress: {'identifier': 'rae_bringup', 'progress': 'install'}
[25.603425] (rae_bringup) Command: {'cmd': ['/usr/bin/cmake', '--install', '/ws/build/rae_bringup'], 'cwd': '/ws/build/rae_bringup', 'env': OrderedDict([('CMAKE_PREFIX_PATH', '/underlay_ws/install/nav_layer_from_points:/underlay_ws/install/laserscan_kinect:/underlay_ws/install/ira_laser_tools:/underlay_ws/install/gst_bridge:/underlay_ws/install/depthai-ros:/underlay_ws/install/depthai_ros_driver:/underlay_ws/install/depthai_filters:/underlay_ws/install/depthai_examples:/underlay_ws/install/depthai_bridge:/underlay_ws/install/depthai_ros_msgs:/underlay_ws/install/depthai_descriptions:/underlay_ws/install/depth_sensor_pose:/underlay_ws/install/cliff_detector:/underlay_ws/install/audio_msgs:/underlay_ws/install/gst_pipeline:/opt/ros/humble'), ('OTEL_TRACES_EXPORTER', 'otlp'), ('COLCON', '1'), ('PYTHONPATH', '/underlay_ws/build/gst_pipeline:/underlay_ws/install/gst_pipeline/lib/python3.10/site-packages:/underlay_ws/install/depthai_ros_driver/local/lib/python3.10/dist-packages:/underlay_ws/install/depthai_ros_msgs/local/lib/python3.10/dist-packages:/underlay_ws/install/audio_msgs/local/lib/python3.10/dist-packages:/opt/ros/humble/lib/python3.10/site-packages:/opt/ros/humble/local/lib/python3.10/dist-packages'), ('PWD', '/ws/build/rae_bringup'), ('LC_ALL', 'C.UTF-8'), ('CORE_NUM', '1'), ('AMENT_PREFIX_PATH', '/underlay_ws/install/nav_layer_from_points:/underlay_ws/install/laserscan_kinect:/underlay_ws/install/ira_laser_tools:/underlay_ws/install/gst_pipeline:/underlay_ws/install/gst_bridge:/underlay_ws/install/depthai-ros:/underlay_ws/install/depthai_ros_driver:/underlay_ws/install/depthai_filters:/underlay_ws/install/depthai_examples:/underlay_ws/install/depthai_bridge:/underlay_ws/install/depthai_ros_msgs:/underlay_ws/install/depthai_descriptions:/underlay_ws/install/depth_sensor_pose:/underlay_ws/install/cliff_detector:/underlay_ws/install/audio_msgs:/opt/ros/humble'), ('DEBIAN_FRONTEND', 'noninteractive'), ('LANG', 'C.UTF-8'), ('OTEL_EXPORTER_OTLP_TRACES_ENDPOINT', 'unix:///dev/otel-grpc.sock'), ('TRACEPARENT', '00-a325a00a556cc4a91e6d856ce0600ab1-77458a73ef04520e-01'), ('PATH', '/opt/ros/humble/bin:/usr/local/sbin:/usr/local/bin:/usr/sbin:/usr/bin:/sbin:/bin'), ('ROS_LOCALHOST_ONLY', '0'), ('ROS_VERSION', '2'), ('COLCON_PREFIX_PATH', '/underlay_ws/install'), ('ROS_DISTRO', 'humble'), ('UNDERLAY_WS', '/underlay_ws'), ('OTEL_TRACE_PARENT', '00-a325a00a556cc4a91e6d856ce0600ab1-77458a73ef04520e-01'), ('ROS_PYTHON_VERSION', '3'), ('BUILD_TYPE', 'RelWithDebInfo'), ('OLDPWD', '/'), ('HOME', '/root'), ('LD_LIBRARY_PATH', '/underlay_ws/install/nav_layer_from_points/lib:/underlay_ws/install/laserscan_kinect/lib:/underlay_ws/install/ira_laser_tools/lib:/underlay_ws/install/gst_bridge/lib:/underlay_ws/install/depthai_ros_driver/lib:/underlay_ws/install/depthai_filters/lib:/underlay_ws/install/depthai_bridge/lib:/underlay_ws/install/depthai_ros_msgs/lib:/underlay_ws/install/depth_sensor_pose/lib:/underlay_ws/install/cliff_detector/lib:/underlay_ws/install/audio_msgs/lib:/opt/ros/humble/opt/rviz_ogre_vendor/lib:/opt/ros/humble/lib/aarch64-linux-gnu:/opt/ros/humble/lib'), ('WS', '/ws'), ('OTEL_EXPORTER_OTLP_TRACES_PROTOCOL', 'grpc'), ('SIM', '0')]), 'shell': False}
[25.624043] (-) TimerEvent: {}
[25.724955] (-) TimerEvent: {}
[25.791718] (rae_bringup) StdoutLine: {'line': b'-- Install configuration: "RelWithDebInfo"\n'}
[25.800074] (rae_bringup) StdoutLine: {'line': b'-- Execute custom install script\n'}
[25.808083] (rae_bringup) StdoutLine: {'line': b'-- Symlinking: /ws/install/rae_bringup/share/rae_bringup/environment/pythonpath.sh\n'}
[25.825311] (-) TimerEvent: {}
[25.926157] (-) TimerEvent: {}
[25.935308] (rae_bringup) StdoutLine: {'line': b'-- Symlinking: /ws/install/rae_bringup/share/rae_bringup/environment/pythonpath.dsv\n'}
[26.026532] (-) TimerEvent: {}
[26.108987] (rae_bringup) StdoutLine: {'line': b'-- Symlinking: /ws/install/rae_bringup/local/lib/python3.10/dist-packages/rae_bringup-0.0.0-py3.10.egg-info/PKG-INFO\n'}
[26.126812] (-) TimerEvent: {}
[26.162659] (rae_camera) StdoutLine: {'line': b'-- Performing Test CMAKE_HAVE_LIBC_PTHREAD - Success\n'}
[26.170156] (rae_camera) StdoutLine: {'line': b'-- Found Threads: TRUE  \n'}
[26.227234] (-) TimerEvent: {}
[26.274173] (rae_bringup) StdoutLine: {'line': b'-- Symlinking: /ws/install/rae_bringup/local/lib/python3.10/dist-packages/rae_bringup-0.0.0-py3.10.egg-info/SOURCES.txt\n'}
[26.327577] (-) TimerEvent: {}
[26.428523] (-) TimerEvent: {}
[26.435145] (rae_bringup) StdoutLine: {'line': b'-- Symlinking: /ws/install/rae_bringup/local/lib/python3.10/dist-packages/rae_bringup-0.0.0-py3.10.egg-info/dependency_links.txt\n'}
[26.528860] (-) TimerEvent: {}
[26.585309] (rae_bringup) StdoutLine: {'line': b'-- Symlinking: /ws/install/rae_bringup/local/lib/python3.10/dist-packages/rae_bringup-0.0.0-py3.10.egg-info/top_level.txt\n'}
[26.629226] (-) TimerEvent: {}
[26.685829] (rae_bringup) StdoutLine: {'line': b'-- Symlinking: /ws/install/rae_bringup/local/lib/python3.10/dist-packages/rae_bringup/__init__.py\n'}
[26.729482] (-) TimerEvent: {}
[26.785206] (rae_bringup) StdoutLine: {'line': b'-- Symlinking: /ws/install/rae_bringup/lib/rae_bringup/scan_repub.py\n'}
[26.829849] (-) TimerEvent: {}
[26.885706] (rae_bringup) StdoutLine: {'line': b'-- Symlinking: /ws/install/rae_bringup/lib/rae_bringup/battery_status.py\n'}
[26.930203] (-) TimerEvent: {}
[26.985167] (rae_bringup) StdoutLine: {'line': b'-- Symlinking: /ws/install/rae_bringup/lib/rae_bringup/audio_spectrum.py\n'}
[27.030545] (-) TimerEvent: {}
[27.085106] (rae_bringup) StdoutLine: {'line': b'-- Symlinking: /ws/install/rae_bringup/lib/rae_bringup/sound_test.py\n'}
[27.131381] (-) TimerEvent: {}
[27.222590] (rae_bringup) StdoutLine: {'line': b'-- Symlinking: /ws/install/rae_bringup/lib/rae_bringup/led_test.py\n'}
[27.231547] (-) TimerEvent: {}
[27.334496] (-) TimerEvent: {}
[27.390197] (rae_bringup) StdoutLine: {'line': b'-- Symlinking: /ws/install/rae_bringup/share/rae_bringup/launch/bringup.launch.py\n'}
[27.434825] (-) TimerEvent: {}
[27.524419] (rae_bringup) StdoutLine: {'line': b'-- Symlinking: /ws/install/rae_bringup/share/rae_bringup/launch/robot.launch.py\n'}
[27.534962] (-) TimerEvent: {}
[27.635723] (-) TimerEvent: {}
[27.679457] (rae_bringup) StdoutLine: {'line': b'-- Symlinking: /ws/install/rae_bringup/share/rae_bringup/launch/rtabmap.launch.py\n'}
[27.736086] (-) TimerEvent: {}
[27.838737] (rae_bringup) StdoutLine: {'line': b'-- Symlinking: /ws/install/rae_bringup/share/rae_bringup/launch/slam.launch.py\n'}
[27.840190] (-) TimerEvent: {}
[27.940913] (-) TimerEvent: {}
[28.002903] (rae_bringup) StdoutLine: {'line': b'-- Symlinking: /ws/install/rae_bringup/share/rae_bringup/config/sim.yaml\n'}
[28.041232] (-) TimerEvent: {}
[28.142084] (-) TimerEvent: {}
[28.169621] (rae_bringup) StdoutLine: {'line': b'-- Symlinking: /ws/install/rae_bringup/share/rae_bringup/config/slam_param.yaml\n'}
[28.242452] (-) TimerEvent: {}
[28.337531] (rae_bringup) StdoutLine: {'line': b'-- Symlinking: /ws/install/rae_bringup/share/ament_index/resource_index/package_run_dependencies/rae_bringup\n'}
[28.342581] (-) TimerEvent: {}
[28.443272] (-) TimerEvent: {}
[28.502060] (rae_bringup) StdoutLine: {'line': b'-- Symlinking: /ws/install/rae_bringup/share/ament_index/resource_index/parent_prefix_path/rae_bringup\n'}
[28.543664] (-) TimerEvent: {}
[28.644570] (-) TimerEvent: {}
[28.667297] (rae_bringup) StdoutLine: {'line': b'-- Symlinking: /ws/install/rae_bringup/share/rae_bringup/environment/ament_prefix_path.sh\n'}
[28.744955] (-) TimerEvent: {}
[28.841943] (rae_bringup) StdoutLine: {'line': b'-- Symlinking: /ws/install/rae_bringup/share/rae_bringup/environment/ament_prefix_path.dsv\n'}
[28.846699] (-) TimerEvent: {}
[28.948340] (-) TimerEvent: {}
[29.012665] (rae_bringup) StdoutLine: {'line': b'-- Symlinking: /ws/install/rae_bringup/share/rae_bringup/environment/path.sh\n'}
[29.048703] (-) TimerEvent: {}
[29.149627] (-) TimerEvent: {}
[29.174538] (rae_bringup) StdoutLine: {'line': b'-- Symlinking: /ws/install/rae_bringup/share/rae_bringup/environment/path.dsv\n'}
[29.250006] (-) TimerEvent: {}
[29.290367] (rae_bringup) StdoutLine: {'line': b'-- Symlinking: /ws/install/rae_bringup/share/rae_bringup/local_setup.bash\n'}
[29.350392] (-) TimerEvent: {}
[29.445890] (rae_bringup) StdoutLine: {'line': b'-- Symlinking: /ws/install/rae_bringup/share/rae_bringup/local_setup.sh\n'}
[29.450519] (-) TimerEvent: {}
[29.551260] (-) TimerEvent: {}
[29.606609] (rae_bringup) StdoutLine: {'line': b'-- Symlinking: /ws/install/rae_bringup/share/rae_bringup/local_setup.zsh\n'}
[29.651610] (-) TimerEvent: {}
[29.752552] (-) TimerEvent: {}
[29.766727] (rae_bringup) StdoutLine: {'line': b'-- Symlinking: /ws/install/rae_bringup/share/rae_bringup/local_setup.dsv\n'}
[29.852933] (-) TimerEvent: {}
[29.931803] (rae_bringup) StdoutLine: {'line': b'-- Symlinking: /ws/install/rae_bringup/share/rae_bringup/package.dsv\n'}
[29.953082] (-) TimerEvent: {}
[30.053840] (-) TimerEvent: {}
[30.093887] (rae_bringup) StdoutLine: {'line': b'-- Symlinking: /ws/install/rae_bringup/share/ament_index/resource_index/packages/rae_bringup\n'}
[30.154217] (-) TimerEvent: {}
[30.255541] (-) TimerEvent: {}
[30.257072] (rae_bringup) StdoutLine: {'line': b'-- Symlinking: /ws/install/rae_bringup/share/rae_bringup/cmake/rae_bringupConfig.cmake\n'}
[30.355857] (-) TimerEvent: {}
[30.421006] (rae_bringup) StdoutLine: {'line': b'-- Symlinking: /ws/install/rae_bringup/share/rae_bringup/cmake/rae_bringupConfig-version.cmake\n'}
[30.456143] (-) TimerEvent: {}
[30.488669] (rae_camera) StdoutLine: {'line': b'-- Found cv_bridge: 3.2.1 (/opt/ros/humble/share/cv_bridge/cmake)\n'}
[30.556595] (-) TimerEvent: {}
[30.585124] (rae_bringup) StdoutLine: {'line': b'-- Symlinking: /ws/install/rae_bringup/share/rae_bringup/package.xml\n'}
[30.657020] (-) TimerEvent: {}
[30.703299] (rae_msgs) StdoutLine: {'line': b'-- Using all available rosidl_typesupport_c: rosidl_typesupport_fastrtps_c;rosidl_typesupport_introspection_c\n'}
[30.757433] (-) TimerEvent: {}
[30.794637] (rae_camera) StdoutLine: {'line': b'-- xtl v0.7.4\n'}
[30.857772] (-) TimerEvent: {}
[30.877586] (rae_camera) StdoutLine: {'line': b'-- Building xtensor v0.24.3\n'}
[30.878812] (rae_camera) StdoutLine: {'line': b'-- Found xtl v0.7.4\n'}
[30.958135] (-) TimerEvent: {}
[31.059021] (-) TimerEvent: {}
[31.119442] (rae_camera) StdoutLine: {'line': b'-- Found depthai_bridge: 2.8.2 (/underlay_ws/install/depthai_bridge/share/depthai_bridge/cmake)\n'}
[31.159397] (-) TimerEvent: {}
[31.260322] (-) TimerEvent: {}
[31.361214] (-) TimerEvent: {}
[31.462117] (-) TimerEvent: {}
[31.541239] (rae_bringup) StdoutLine: {'line': b"Listing '/ws/install/rae_bringup/local/lib/python3.10/dist-packages/rae_bringup'...\n"}
[31.542526] (rae_bringup) StdoutLine: {'line': b"Compiling '/ws/install/rae_bringup/local/lib/python3.10/dist-packages/rae_bringup/__init__.py'...\n"}
[31.562407] (-) TimerEvent: {}
[31.609239] (rae_bringup) CommandEnded: {'returncode': 0}
[31.662645] (-) TimerEvent: {}
[31.766875] (-) TimerEvent: {}
[31.867652] (-) TimerEvent: {}
[31.968481] (-) TimerEvent: {}
[32.071526] (-) TimerEvent: {}
[32.172427] (-) TimerEvent: {}
[32.273257] (-) TimerEvent: {}
[32.374026] (-) TimerEvent: {}
[32.474710] (-) TimerEvent: {}
[32.575544] (-) TimerEvent: {}
[32.676305] (-) TimerEvent: {}
[32.777235] (-) TimerEvent: {}
[32.881072] (-) TimerEvent: {}
[32.982023] (-) TimerEvent: {}
[33.087085] (-) TimerEvent: {}
[33.187929] (-) TimerEvent: {}
[33.288520] (-) TimerEvent: {}
[33.389145] (-) TimerEvent: {}
[33.492876] (-) TimerEvent: {}
[33.560520] (rae_bringup) JobEnded: {'identifier': 'rae_bringup', 'rc': 0}
[33.563205] (rae_msgs) StdoutLine: {'line': b'-- Using all available rosidl_typesupport_cpp: rosidl_typesupport_fastrtps_cpp;rosidl_typesupport_introspection_cpp\n'}
[33.593291] (-) TimerEvent: {}
[33.694144] (-) TimerEvent: {}
[33.795024] (-) TimerEvent: {}
[33.845819] (rae_msgs) StdoutLine: {'line': b'-- Found PythonInterp: /usr/bin/python3 (found suitable version "3.10.12", minimum required is "3.6") \n'}
[33.873568] (rae_msgs) StdoutLine: {'line': b'-- Found python_cmake_module: 0.10.0 (/opt/ros/humble/share/python_cmake_module/cmake)\n'}
[33.895189] (-) TimerEvent: {}
[33.995965] (-) TimerEvent: {}
[34.096921] (-) TimerEvent: {}
[34.197699] (-) TimerEvent: {}
[34.240058] (rae_msgs) StdoutLine: {'line': b'-- Found PythonLibs: /usr/lib/aarch64-linux-gnu/libpython3.10.so (found suitable version "3.10.12", minimum required is "3.5") \n'}
[34.240897] (rae_msgs) StdoutLine: {'line': b'-- Using PYTHON_EXECUTABLE: /usr/bin/python3\n'}
[34.241694] (rae_msgs) StdoutLine: {'line': b'-- Using PYTHON_INCLUDE_DIRS: /usr/include/python3.10\n'}
[34.242302] (rae_msgs) StdoutLine: {'line': b'-- Using PYTHON_LIBRARIES: /usr/lib/aarch64-linux-gnu/libpython3.10.so\n'}
[34.298084] (-) TimerEvent: {}
[34.398987] (-) TimerEvent: {}
[34.499893] (-) TimerEvent: {}
[34.583965] (rae_msgs) StdoutLine: {'line': b'-- Found PythonExtra: .so  \n'}
[34.600086] (-) TimerEvent: {}
[34.700836] (-) TimerEvent: {}
[34.801772] (-) TimerEvent: {}
[34.902696] (-) TimerEvent: {}
[35.003597] (-) TimerEvent: {}
[35.104690] (-) TimerEvent: {}
[35.205597] (-) TimerEvent: {}
[35.293032] (rae_msgs) StdoutLine: {'line': b'-- Configuring done\n'}
[35.305821] (-) TimerEvent: {}
[35.406650] (-) TimerEvent: {}
[35.507568] (-) TimerEvent: {}
[35.556194] (rae_msgs) StdoutLine: {'line': b'-- Generating done\n'}
[35.572124] (rae_msgs) StdoutLine: {'line': b'-- Build files have been written to: /ws/build/rae_msgs\n'}
[35.607932] (-) TimerEvent: {}
[35.609941] (rae_msgs) CommandEnded: {'returncode': 0}
[35.614244] (rae_msgs) JobProgress: {'identifier': 'rae_msgs', 'progress': 'build'}
[35.616314] (rae_msgs) Command: {'cmd': ['/usr/bin/cmake', '--build', '/ws/build/rae_msgs', '--', '-j4', '-l4'], 'cwd': '/ws/build/rae_msgs', 'env': OrderedDict([('CMAKE_PREFIX_PATH', '/underlay_ws/install/nav_layer_from_points:/underlay_ws/install/laserscan_kinect:/underlay_ws/install/ira_laser_tools:/underlay_ws/install/gst_bridge:/underlay_ws/install/depthai-ros:/underlay_ws/install/depthai_ros_driver:/underlay_ws/install/depthai_filters:/underlay_ws/install/depthai_examples:/underlay_ws/install/depthai_bridge:/underlay_ws/install/depthai_ros_msgs:/underlay_ws/install/depthai_descriptions:/underlay_ws/install/depth_sensor_pose:/underlay_ws/install/cliff_detector:/underlay_ws/install/audio_msgs:/underlay_ws/install/gst_pipeline:/opt/ros/humble'), ('OTEL_TRACES_EXPORTER', 'otlp'), ('COLCON', '1'), ('PYTHONPATH', '/underlay_ws/build/gst_pipeline:/underlay_ws/install/gst_pipeline/lib/python3.10/site-packages:/underlay_ws/install/depthai_ros_driver/local/lib/python3.10/dist-packages:/underlay_ws/install/depthai_ros_msgs/local/lib/python3.10/dist-packages:/underlay_ws/install/audio_msgs/local/lib/python3.10/dist-packages:/opt/ros/humble/lib/python3.10/site-packages:/opt/ros/humble/local/lib/python3.10/dist-packages'), ('PWD', '/ws/build/rae_msgs'), ('LC_ALL', 'C.UTF-8'), ('CORE_NUM', '1'), ('AMENT_PREFIX_PATH', '/underlay_ws/install/nav_layer_from_points:/underlay_ws/install/laserscan_kinect:/underlay_ws/install/ira_laser_tools:/underlay_ws/install/gst_pipeline:/underlay_ws/install/gst_bridge:/underlay_ws/install/depthai-ros:/underlay_ws/install/depthai_ros_driver:/underlay_ws/install/depthai_filters:/underlay_ws/install/depthai_examples:/underlay_ws/install/depthai_bridge:/underlay_ws/install/depthai_ros_msgs:/underlay_ws/install/depthai_descriptions:/underlay_ws/install/depth_sensor_pose:/underlay_ws/install/cliff_detector:/underlay_ws/install/audio_msgs:/opt/ros/humble'), ('DEBIAN_FRONTEND', 'noninteractive'), ('LANG', 'C.UTF-8'), ('OTEL_EXPORTER_OTLP_TRACES_ENDPOINT', 'unix:///dev/otel-grpc.sock'), ('TRACEPARENT', '00-a325a00a556cc4a91e6d856ce0600ab1-77458a73ef04520e-01'), ('PATH', '/opt/ros/humble/bin:/usr/local/sbin:/usr/local/bin:/usr/sbin:/usr/bin:/sbin:/bin'), ('ROS_LOCALHOST_ONLY', '0'), ('ROS_VERSION', '2'), ('COLCON_PREFIX_PATH', '/underlay_ws/install'), ('ROS_DISTRO', 'humble'), ('UNDERLAY_WS', '/underlay_ws'), ('OTEL_TRACE_PARENT', '00-a325a00a556cc4a91e6d856ce0600ab1-77458a73ef04520e-01'), ('ROS_PYTHON_VERSION', '3'), ('BUILD_TYPE', 'RelWithDebInfo'), ('OLDPWD', '/'), ('HOME', '/root'), ('LD_LIBRARY_PATH', '/underlay_ws/install/nav_layer_from_points/lib:/underlay_ws/install/laserscan_kinect/lib:/underlay_ws/install/ira_laser_tools/lib:/underlay_ws/install/gst_bridge/lib:/underlay_ws/install/depthai_ros_driver/lib:/underlay_ws/install/depthai_filters/lib:/underlay_ws/install/depthai_bridge/lib:/underlay_ws/install/depthai_ros_msgs/lib:/underlay_ws/install/depth_sensor_pose/lib:/underlay_ws/install/cliff_detector/lib:/underlay_ws/install/audio_msgs/lib:/opt/ros/humble/opt/rviz_ogre_vendor/lib:/opt/ros/humble/lib/aarch64-linux-gnu:/opt/ros/humble/lib'), ('WS', '/ws'), ('OTEL_EXPORTER_OTLP_TRACES_PROTOCOL', 'grpc'), ('SIM', '0')]), 'shell': False}
[35.708404] (-) TimerEvent: {}
[35.809314] (-) TimerEvent: {}
[35.910176] (-) TimerEvent: {}
[36.011055] (-) TimerEvent: {}
[36.111927] (-) TimerEvent: {}
[36.212800] (-) TimerEvent: {}
[36.313661] (-) TimerEvent: {}
[36.379781] (rae_msgs) StdoutLine: {'line': b'[  2%] Generating C code for ROS interfaces\n'}
[36.413964] (-) TimerEvent: {}
[36.514799] (-) TimerEvent: {}
[36.615714] (-) TimerEvent: {}
[36.716634] (-) TimerEvent: {}
[36.762809] (rae_msgs) StdoutLine: {'line': b'[  5%] Generating C++ code for ROS interfaces\n'}
[36.817020] (-) TimerEvent: {}
[36.851404] (rae_msgs) StdoutLine: {'line': b'[  5%] Built target ament_cmake_python_symlink_rae_msgs\n'}
[36.917404] (-) TimerEvent: {}
[37.018314] (-) TimerEvent: {}
[37.119198] (-) TimerEvent: {}
[37.220064] (-) TimerEvent: {}
[37.320909] (-) TimerEvent: {}
[37.421774] (-) TimerEvent: {}
[37.522615] (-) TimerEvent: {}
[37.623495] (-) TimerEvent: {}
[37.724395] (-) TimerEvent: {}
[37.825323] (-) TimerEvent: {}
[37.926270] (-) TimerEvent: {}
[38.027200] (-) TimerEvent: {}
[38.128139] (-) TimerEvent: {}
[38.229090] (-) TimerEvent: {}
[38.330052] (-) TimerEvent: {}
[38.430932] (-) TimerEvent: {}
[38.531856] (-) TimerEvent: {}
[38.632794] (-) TimerEvent: {}
[38.733752] (-) TimerEvent: {}
[38.834665] (-) TimerEvent: {}
[38.935617] (-) TimerEvent: {}
[39.036584] (-) TimerEvent: {}
[39.137527] (-) TimerEvent: {}
[39.238486] (-) TimerEvent: {}
[39.339451] (-) TimerEvent: {}
[39.440426] (-) TimerEvent: {}
[39.541395] (-) TimerEvent: {}
[39.642297] (-) TimerEvent: {}
[39.743239] (-) TimerEvent: {}
[39.844197] (-) TimerEvent: {}
[39.945155] (-) TimerEvent: {}
[40.046138] (-) TimerEvent: {}
[40.147070] (-) TimerEvent: {}
[40.248021] (-) TimerEvent: {}
[40.348961] (-) TimerEvent: {}
[40.449870] (-) TimerEvent: {}
[40.550763] (-) TimerEvent: {}
[40.651658] (-) TimerEvent: {}
[40.752609] (-) TimerEvent: {}
[40.853548] (-) TimerEvent: {}
[40.954471] (-) TimerEvent: {}
[40.988134] (rae_msgs) StdoutLine: {'line': b'running egg_info\n'}
[40.996383] (rae_msgs) StdoutLine: {'line': b'creating rae_msgs.egg-info\n'}
[40.999222] (rae_msgs) StdoutLine: {'line': b'writing rae_msgs.egg-info/PKG-INFO\n'}
[41.001296] (rae_msgs) StdoutLine: {'line': b'writing dependency_links to rae_msgs.egg-info/dependency_links.txt\n'}
[41.004261] (rae_msgs) StdoutLine: {'line': b'writing top-level names to rae_msgs.egg-info/top_level.txt\n'}
[41.006455] (rae_msgs) StdoutLine: {'line': b"writing manifest file 'rae_msgs.egg-info/SOURCES.txt'\n"}
[41.032306] (rae_msgs) StdoutLine: {'line': b"reading manifest file 'rae_msgs.egg-info/SOURCES.txt'\n"}
[41.039042] (rae_msgs) StdoutLine: {'line': b"writing manifest file 'rae_msgs.egg-info/SOURCES.txt'\n"}
[41.054739] (-) TimerEvent: {}
[41.081997] (rae_camera) StdoutLine: {'line': b'-- Found eigen3_cmake_module: 0.1.1 (/opt/ros/humble/share/eigen3_cmake_module/cmake)\n'}
[41.098407] (rae_camera) StdoutLine: {'line': b'-- Found Eigen3: TRUE (found version "3.4.0") \n'}
[41.100217] (rae_camera) StdoutLine: {'line': b'-- Ensuring Eigen3 include directory is part of orocos-kdl CMake target\n'}
[41.155138] (-) TimerEvent: {}
[41.255998] (-) TimerEvent: {}
[41.349550] (rae_msgs) StdoutLine: {'line': b'[  5%] Built target ament_cmake_python_build_rae_msgs_egg\n'}
[41.356248] (-) TimerEvent: {}
[41.457084] (-) TimerEvent: {}
[41.532340] (rae_camera) StdoutLine: {'line': b'-- Found rtabmap_slam: 0.21.1 (/opt/ros/humble/share/rtabmap_slam/cmake)\n'}
[41.557278] (-) TimerEvent: {}
[41.658059] (-) TimerEvent: {}
[41.758954] (-) TimerEvent: {}
[41.860733] (-) TimerEvent: {}
[41.961641] (-) TimerEvent: {}
[42.062569] (-) TimerEvent: {}
[42.163492] (-) TimerEvent: {}
[42.264412] (-) TimerEvent: {}
[42.365294] (-) TimerEvent: {}
[42.466167] (-) TimerEvent: {}
[42.567019] (-) TimerEvent: {}
[42.667870] (-) TimerEvent: {}
[42.768733] (-) TimerEvent: {}
[42.869594] (-) TimerEvent: {}
[42.970440] (-) TimerEvent: {}
[43.071275] (-) TimerEvent: {}
[43.172116] (-) TimerEvent: {}
[43.272970] (-) TimerEvent: {}
[43.374194] (-) TimerEvent: {}
[43.475043] (-) TimerEvent: {}
[43.575901] (-) TimerEvent: {}
[43.635256] (rae_msgs) StdoutLine: {'line': b'[  7%] Building C object CMakeFiles/rae_msgs__rosidl_generator_c.dir/rosidl_generator_c/rae_msgs/srv/detail/play_audio__functions.c.o\n'}
[43.639859] (rae_msgs) StdoutLine: {'line': b'[ 10%] Building C object CMakeFiles/rae_msgs__rosidl_generator_c.dir/rosidl_generator_c/rae_msgs/msg/detail/led_control__functions.c.o\n'}
[43.676210] (-) TimerEvent: {}
[43.701027] (rae_msgs) StdoutLine: {'line': b'[ 10%] Built target rae_msgs__cpp\n'}
[43.776586] (-) TimerEvent: {}
[43.877472] (-) TimerEvent: {}
[43.978327] (-) TimerEvent: {}
[44.079179] (-) TimerEvent: {}
[44.147967] (rae_msgs) StdoutLine: {'line': b'[ 12%] Generating C++ introspection for ROS interfaces\n'}
[44.179490] (-) TimerEvent: {}
[44.212573] (rae_msgs) StdoutLine: {'line': b'[ 15%] Generating C++ type support for eProsima Fast-RTPS\n'}
[44.279914] (-) TimerEvent: {}
[44.380903] (-) TimerEvent: {}
[44.481879] (-) TimerEvent: {}
[44.582754] (-) TimerEvent: {}
[44.683619] (-) TimerEvent: {}
[44.784550] (-) TimerEvent: {}
[44.885439] (-) TimerEvent: {}
[44.986360] (-) TimerEvent: {}
[45.087306] (-) TimerEvent: {}
[45.188252] (-) TimerEvent: {}
[45.289165] (-) TimerEvent: {}
[45.390077] (-) TimerEvent: {}
[45.490926] (-) TimerEvent: {}
[45.591766] (-) TimerEvent: {}
[45.692607] (-) TimerEvent: {}
[45.793475] (-) TimerEvent: {}
[45.894395] (-) TimerEvent: {}
[45.995305] (-) TimerEvent: {}
[46.096163] (-) TimerEvent: {}
[46.197079] (-) TimerEvent: {}
[46.298071] (-) TimerEvent: {}
[46.399028] (-) TimerEvent: {}
[46.499975] (-) TimerEvent: {}
[46.600934] (-) TimerEvent: {}
[46.701903] (-) TimerEvent: {}
[46.802843] (-) TimerEvent: {}
[46.903759] (-) TimerEvent: {}
[47.004716] (-) TimerEvent: {}
[47.105632] (-) TimerEvent: {}
[47.206571] (-) TimerEvent: {}
[47.307518] (-) TimerEvent: {}
[47.408453] (-) TimerEvent: {}
[47.509365] (-) TimerEvent: {}
[47.610297] (-) TimerEvent: {}
[47.711171] (-) TimerEvent: {}
[47.812054] (-) TimerEvent: {}
[47.912985] (-) TimerEvent: {}
[48.013940] (-) TimerEvent: {}
[48.114846] (-) TimerEvent: {}
[48.190900] (rae_msgs) StdoutLine: {'line': b'[ 17%] Generating C++ type support dispatch for ROS interfaces\n'}
[48.215137] (-) TimerEvent: {}
[48.315949] (-) TimerEvent: {}
[48.416831] (-) TimerEvent: {}
[48.517749] (-) TimerEvent: {}
[48.618701] (-) TimerEvent: {}
[48.719601] (-) TimerEvent: {}
[48.820504] (-) TimerEvent: {}
[48.921434] (-) TimerEvent: {}
[48.964329] (rae_msgs) StdoutLine: {'line': b'[ 20%] Linking C shared library librae_msgs__rosidl_generator_c.so\n'}
[49.021852] (-) TimerEvent: {}
[49.122849] (-) TimerEvent: {}
[49.223809] (-) TimerEvent: {}
[49.324760] (-) TimerEvent: {}
[49.425680] (-) TimerEvent: {}
[49.526583] (-) TimerEvent: {}
[49.627489] (-) TimerEvent: {}
[49.728395] (-) TimerEvent: {}
[49.829389] (-) TimerEvent: {}
[49.930366] (-) TimerEvent: {}
[50.031318] (-) TimerEvent: {}
[50.132286] (-) TimerEvent: {}
[50.196427] (rae_msgs) StdoutLine: {'line': b'[ 20%] Built target rae_msgs__rosidl_generator_c\n'}
[50.232692] (-) TimerEvent: {}
[50.333646] (-) TimerEvent: {}
[50.434583] (-) TimerEvent: {}
[50.535465] (-) TimerEvent: {}
[50.610274] (rae_msgs) StdoutLine: {'line': b'[ 23%] Generating C type support for eProsima Fast-RTPS\n'}
[50.635797] (-) TimerEvent: {}
[50.736646] (-) TimerEvent: {}
[50.837593] (-) TimerEvent: {}
[50.938568] (-) TimerEvent: {}
[51.039542] (-) TimerEvent: {}
[51.140430] (-) TimerEvent: {}
[51.241438] (-) TimerEvent: {}
[51.342416] (-) TimerEvent: {}
[51.443403] (-) TimerEvent: {}
[51.544329] (-) TimerEvent: {}
[51.645162] (-) TimerEvent: {}
[51.746016] (-) TimerEvent: {}
[51.846859] (-) TimerEvent: {}
[51.947748] (-) TimerEvent: {}
[52.048630] (-) TimerEvent: {}
[52.149503] (-) TimerEvent: {}
[52.250355] (-) TimerEvent: {}
[52.351221] (-) TimerEvent: {}
[52.452134] (-) TimerEvent: {}
[52.553082] (-) TimerEvent: {}
[52.654017] (-) TimerEvent: {}
[52.754987] (-) TimerEvent: {}
[52.814698] (rae_msgs) StdoutLine: {'line': b'[ 25%] Building CXX object CMakeFiles/rae_msgs__rosidl_typesupport_introspection_cpp.dir/rosidl_typesupport_introspection_cpp/rae_msgs/msg/detail/led_control__type_support.cpp.o\n'}
[52.855336] (-) TimerEvent: {}
[52.899202] (rae_msgs) StdoutLine: {'line': b'[ 28%] Building CXX object CMakeFiles/rae_msgs__rosidl_typesupport_fastrtps_cpp.dir/rosidl_typesupport_fastrtps_cpp/rae_msgs/msg/detail/dds_fastrtps/led_control__type_support.cpp.o\n'}
[52.955747] (-) TimerEvent: {}
[53.056694] (-) TimerEvent: {}
[53.157609] (-) TimerEvent: {}
[53.258550] (-) TimerEvent: {}
[53.359500] (-) TimerEvent: {}
[53.460414] (-) TimerEvent: {}
[53.561359] (-) TimerEvent: {}
[53.662276] (-) TimerEvent: {}
[53.763197] (-) TimerEvent: {}
[53.864150] (-) TimerEvent: {}
[53.965102] (-) TimerEvent: {}
[54.066069] (-) TimerEvent: {}
[54.167035] (-) TimerEvent: {}
[54.267994] (-) TimerEvent: {}
[54.368939] (-) TimerEvent: {}
[54.469898] (-) TimerEvent: {}
[54.570808] (-) TimerEvent: {}
[54.671694] (-) TimerEvent: {}
[54.772657] (-) TimerEvent: {}
[54.873619] (-) TimerEvent: {}
[54.974559] (-) TimerEvent: {}
[55.075492] (-) TimerEvent: {}
[55.176415] (-) TimerEvent: {}
[55.277362] (-) TimerEvent: {}
[55.378309] (-) TimerEvent: {}
[55.479299] (-) TimerEvent: {}
[55.486563] (rae_msgs) StdoutLine: {'line': b'[ 30%] Building CXX object CMakeFiles/rae_msgs__rosidl_typesupport_cpp.dir/rosidl_typesupport_cpp/rae_msgs/msg/led_control__type_support.cpp.o\n'}
[55.579664] (-) TimerEvent: {}
[55.680647] (-) TimerEvent: {}
[55.781569] (-) TimerEvent: {}
[55.882435] (-) TimerEvent: {}
[55.983357] (-) TimerEvent: {}
[56.084341] (-) TimerEvent: {}
[56.185305] (-) TimerEvent: {}
[56.286281] (-) TimerEvent: {}
[56.387218] (-) TimerEvent: {}
[56.488108] (-) TimerEvent: {}
[56.589031] (-) TimerEvent: {}
[56.689995] (-) TimerEvent: {}
[56.790955] (-) TimerEvent: {}
[56.891883] (-) TimerEvent: {}
[56.992831] (-) TimerEvent: {}
[57.093790] (-) TimerEvent: {}
[57.194757] (-) TimerEvent: {}
[57.295729] (-) TimerEvent: {}
[57.396709] (-) TimerEvent: {}
[57.497692] (-) TimerEvent: {}
[57.598661] (-) TimerEvent: {}
[57.699658] (-) TimerEvent: {}
[57.800676] (-) TimerEvent: {}
[57.901654] (-) TimerEvent: {}
[58.002666] (-) TimerEvent: {}
[58.103632] (-) TimerEvent: {}
[58.204492] (-) TimerEvent: {}
[58.305333] (-) TimerEvent: {}
[58.406200] (-) TimerEvent: {}
[58.507156] (-) TimerEvent: {}
[58.608103] (-) TimerEvent: {}
[58.709039] (-) TimerEvent: {}
[58.809982] (-) TimerEvent: {}
[58.914121] (-) TimerEvent: {}
[59.018013] (-) TimerEvent: {}
[59.118903] (-) TimerEvent: {}
[59.219811] (-) TimerEvent: {}
[59.320816] (-) TimerEvent: {}
[59.421762] (-) TimerEvent: {}
[59.522665] (-) TimerEvent: {}
[59.623631] (-) TimerEvent: {}
[59.682098] (rae_msgs) StdoutLine: {'line': b'[ 33%] Building CXX object CMakeFiles/rae_msgs__rosidl_typesupport_fastrtps_c.dir/rosidl_typesupport_fastrtps_c/rae_msgs/msg/detail/led_control__type_support_c.cpp.o\n'}
[59.724012] (-) TimerEvent: {}
[59.824926] (-) TimerEvent: {}
[59.925836] (-) TimerEvent: {}
[60.026727] (-) TimerEvent: {}
[60.127668] (-) TimerEvent: {}
[60.228617] (-) TimerEvent: {}
[60.329645] (-) TimerEvent: {}
[60.430643] (-) TimerEvent: {}
[60.531620] (-) TimerEvent: {}
[60.632556] (-) TimerEvent: {}
[60.733529] (-) TimerEvent: {}
[60.834451] (-) TimerEvent: {}
[60.935361] (-) TimerEvent: {}
[61.036247] (-) TimerEvent: {}
[61.137143] (-) TimerEvent: {}
[61.238029] (-) TimerEvent: {}
[61.338926] (-) TimerEvent: {}
[61.439872] (-) TimerEvent: {}
[61.540858] (-) TimerEvent: {}
[61.641809] (-) TimerEvent: {}
[61.742751] (-) TimerEvent: {}
[61.843674] (-) TimerEvent: {}
[61.944592] (-) TimerEvent: {}
[62.046053] (-) TimerEvent: {}
[62.146945] (-) TimerEvent: {}
[62.247852] (-) TimerEvent: {}
[62.348718] (-) TimerEvent: {}
[62.449591] (-) TimerEvent: {}
[62.550449] (-) TimerEvent: {}
[62.651314] (-) TimerEvent: {}
[62.752175] (-) TimerEvent: {}
[62.853019] (-) TimerEvent: {}
[62.953887] (-) TimerEvent: {}
[63.054769] (-) TimerEvent: {}
[63.155671] (-) TimerEvent: {}
[63.256551] (-) TimerEvent: {}
[63.357468] (-) TimerEvent: {}
[63.458331] (-) TimerEvent: {}
[63.507345] (rae_msgs) StdoutLine: {'line': b'[ 35%] Building CXX object CMakeFiles/rae_msgs__rosidl_typesupport_cpp.dir/rosidl_typesupport_cpp/rae_msgs/srv/play_audio__type_support.cpp.o\n'}
[63.558710] (-) TimerEvent: {}
[63.659591] (-) TimerEvent: {}
[63.760477] (-) TimerEvent: {}
[63.861419] (-) TimerEvent: {}
[63.962331] (-) TimerEvent: {}
[64.063240] (-) TimerEvent: {}
[64.164173] (-) TimerEvent: {}
[64.265090] (-) TimerEvent: {}
[64.366038] (-) TimerEvent: {}
[64.466938] (-) TimerEvent: {}
[64.567842] (-) TimerEvent: {}
[64.668797] (-) TimerEvent: {}
[64.769785] (-) TimerEvent: {}
[64.870725] (-) TimerEvent: {}
[64.971716] (-) TimerEvent: {}
[65.072704] (-) TimerEvent: {}
[65.173647] (-) TimerEvent: {}
[65.274554] (-) TimerEvent: {}
[65.375489] (-) TimerEvent: {}
[65.476481] (-) TimerEvent: {}
[65.530274] (rae_msgs) StdoutLine: {'line': b'[ 38%] Building CXX object CMakeFiles/rae_msgs__rosidl_typesupport_fastrtps_cpp.dir/rosidl_typesupport_fastrtps_cpp/rae_msgs/srv/detail/dds_fastrtps/play_audio__type_support.cpp.o\n'}
[65.576849] (-) TimerEvent: {}
[65.677815] (-) TimerEvent: {}
[65.778776] (-) TimerEvent: {}
[65.879675] (-) TimerEvent: {}
[65.980554] (-) TimerEvent: {}
[66.006067] (rae_camera) StdoutLine: {'line': b"-- Checking for module 'eigen3'\n"}
[66.080992] (-) TimerEvent: {}
[66.128956] (rae_msgs) StdoutLine: {'line': b'[ 41%] Building CXX object CMakeFiles/rae_msgs__rosidl_typesupport_introspection_cpp.dir/rosidl_typesupport_introspection_cpp/rae_msgs/srv/detail/play_audio__type_support.cpp.o\n'}
[66.181419] (-) TimerEvent: {}
[66.282318] (-) TimerEvent: {}
[66.383222] (-) TimerEvent: {}
[66.484144] (-) TimerEvent: {}
[66.494317] (rae_camera) StdoutLine: {'line': b'--   Found eigen3, version 3.4.0\n'}
[66.584534] (-) TimerEvent: {}
[66.685452] (-) TimerEvent: {}
[66.786344] (-) TimerEvent: {}
[66.887268] (-) TimerEvent: {}
[66.988172] (-) TimerEvent: {}
[67.089087] (-) TimerEvent: {}
[67.190009] (-) TimerEvent: {}
[67.290891] (-) TimerEvent: {}
[67.391832] (-) TimerEvent: {}
[67.492821] (-) TimerEvent: {}
[67.563026] (rae_camera) StdoutLine: {'line': b'-- Found Eigen: /usr/include/eigen3 (Required is at least version "3.1") \n'}
[67.565825] (rae_camera) StdoutLine: {'line': b'-- Eigen found (include: /usr/include/eigen3, version: 3.4.0)\n'}
[67.593223] (-) TimerEvent: {}
[67.694187] (-) TimerEvent: {}
[67.795115] (-) TimerEvent: {}
[67.896089] (-) TimerEvent: {}
[67.997070] (-) TimerEvent: {}
[68.098061] (-) TimerEvent: {}
[68.199019] (-) TimerEvent: {}
[68.217479] (rae_camera) StdoutLine: {'line': b"-- Checking for module 'flann'\n"}
[68.299425] (-) TimerEvent: {}
[68.400408] (-) TimerEvent: {}
[68.501525] (-) TimerEvent: {}
[68.602523] (-) TimerEvent: {}
[68.703478] (-) TimerEvent: {}
[68.804463] (-) TimerEvent: {}
[68.867282] (rae_camera) StdoutLine: {'line': b'--   Found flann, version 1.9.1\n'}
[68.904886] (-) TimerEvent: {}
[69.005945] (-) TimerEvent: {}
[69.106953] (-) TimerEvent: {}
[69.207960] (-) TimerEvent: {}
[69.308950] (-) TimerEvent: {}
[69.409886] (-) TimerEvent: {}
[69.510829] (-) TimerEvent: {}
[69.611859] (-) TimerEvent: {}
[69.712862] (-) TimerEvent: {}
[69.821608] (-) TimerEvent: {}
[69.922610] (-) TimerEvent: {}
[70.023595] (-) TimerEvent: {}
[70.124544] (-) TimerEvent: {}
[70.225567] (-) TimerEvent: {}
[70.279005] (rae_camera) StdoutLine: {'line': b'-- Found FLANN: /usr/lib/aarch64-linux-gnu/libflann_cpp.so  \n'}
[70.282950] (rae_camera) StdoutLine: {'line': b'-- FLANN found (include: /usr/include, lib: /usr/lib/aarch64-linux-gnu/libflann_cpp.so)\n'}
[70.325970] (-) TimerEvent: {}
[70.426952] (-) TimerEvent: {}
[70.460918] (rae_msgs) StdoutLine: {'line': b'[ 43%] Building CXX object CMakeFiles/rae_msgs__rosidl_typesupport_fastrtps_c.dir/rosidl_typesupport_fastrtps_c/rae_msgs/srv/detail/play_audio__type_support_c.cpp.o\n'}
[70.527284] (-) TimerEvent: {}
[70.628209] (-) TimerEvent: {}
[70.729118] (-) TimerEvent: {}
[70.827399] (rae_msgs) StdoutLine: {'line': b'[ 46%] Linking CXX shared library librae_msgs__rosidl_typesupport_cpp.so\n'}
[70.829286] (-) TimerEvent: {}
[70.930046] (-) TimerEvent: {}
[71.030996] (-) TimerEvent: {}
[71.131953] (-) TimerEvent: {}
[71.232897] (-) TimerEvent: {}
[71.333868] (-) TimerEvent: {}
[71.434776] (-) TimerEvent: {}
[71.535667] (-) TimerEvent: {}
[71.636638] (-) TimerEvent: {}
[71.737665] (-) TimerEvent: {}
[71.838613] (-) TimerEvent: {}
[71.932297] (rae_msgs) StdoutLine: {'line': b'[ 46%] Built target rae_msgs__rosidl_typesupport_cpp\n'}
[71.938743] (-) TimerEvent: {}
[72.039509] (-) TimerEvent: {}
[72.140438] (-) TimerEvent: {}
[72.241996] (-) TimerEvent: {}
[72.253587] (rae_msgs) StdoutLine: {'line': b'[ 48%] Generating C introspection for ROS interfaces\n'}
[72.342393] (-) TimerEvent: {}
[72.443337] (-) TimerEvent: {}
[72.544274] (-) TimerEvent: {}
[72.645232] (-) TimerEvent: {}
[72.746206] (-) TimerEvent: {}
[72.847098] (-) TimerEvent: {}
[72.947991] (-) TimerEvent: {}
[73.048882] (-) TimerEvent: {}
[73.149795] (-) TimerEvent: {}
[73.250671] (-) TimerEvent: {}
[73.351544] (-) TimerEvent: {}
[73.452472] (-) TimerEvent: {}
[73.553420] (-) TimerEvent: {}
[73.654364] (-) TimerEvent: {}
[73.755283] (-) TimerEvent: {}
[73.860303] (-) TimerEvent: {}
[73.964709] (-) TimerEvent: {}
[74.065702] (-) TimerEvent: {}
[74.166590] (-) TimerEvent: {}
[74.267448] (-) TimerEvent: {}
[74.368321] (-) TimerEvent: {}
[74.469227] (-) TimerEvent: {}
[74.570177] (-) TimerEvent: {}
[74.671150] (-) TimerEvent: {}
[74.772063] (-) TimerEvent: {}
[74.872912] (-) TimerEvent: {}
[74.973819] (-) TimerEvent: {}
[75.074771] (-) TimerEvent: {}
[75.175695] (-) TimerEvent: {}
[75.276616] (-) TimerEvent: {}
[75.377591] (-) TimerEvent: {}
[75.478505] (-) TimerEvent: {}
[75.579444] (-) TimerEvent: {}
[75.681914] (-) TimerEvent: {}
[75.782763] (-) TimerEvent: {}
[75.883680] (-) TimerEvent: {}
[75.984604] (-) TimerEvent: {}
[76.085527] (-) TimerEvent: {}
[76.186372] (-) TimerEvent: {}
[76.287334] (-) TimerEvent: {}
[76.388304] (-) TimerEvent: {}
[76.489177] (-) TimerEvent: {}
[76.590070] (-) TimerEvent: {}
[76.690889] (-) TimerEvent: {}
[76.692205] (rae_msgs) StdoutLine: {'line': b'[ 51%] Linking CXX shared library librae_msgs__rosidl_typesupport_introspection_cpp.so\n'}
[76.791252] (-) TimerEvent: {}
[76.892117] (-) TimerEvent: {}
[76.920907] (rae_msgs) StdoutLine: {'line': b'[ 53%] Linking CXX shared library librae_msgs__rosidl_typesupport_fastrtps_cpp.so\n'}
[76.992480] (-) TimerEvent: {}
[77.093322] (-) TimerEvent: {}
[77.194137] (-) TimerEvent: {}
[77.295340] (-) TimerEvent: {}
[77.396179] (-) TimerEvent: {}
[77.497049] (-) TimerEvent: {}
[77.597850] (-) TimerEvent: {}
[77.698640] (-) TimerEvent: {}
[77.799434] (-) TimerEvent: {}
[77.900252] (-) TimerEvent: {}
[78.001045] (-) TimerEvent: {}
[78.036016] (rae_msgs) StdoutLine: {'line': b'[ 53%] Built target rae_msgs__rosidl_typesupport_introspection_cpp\n'}
[78.101452] (-) TimerEvent: {}
[78.202259] (-) TimerEvent: {}
[78.303053] (-) TimerEvent: {}
[78.392320] (rae_msgs) StdoutLine: {'line': b'[ 56%] Generating C type support dispatch for ROS interfaces\n'}
[78.403245] (-) TimerEvent: {}
[78.503990] (-) TimerEvent: {}
[78.593754] (rae_msgs) StdoutLine: {'line': b'[ 56%] Built target rae_msgs__rosidl_typesupport_fastrtps_cpp\n'}
[78.604167] (-) TimerEvent: {}
[78.704885] (-) TimerEvent: {}
[78.805707] (-) TimerEvent: {}
[78.906518] (-) TimerEvent: {}
[79.007340] (-) TimerEvent: {}
[79.108162] (-) TimerEvent: {}
[79.208957] (-) TimerEvent: {}
[79.309816] (-) TimerEvent: {}
[79.410647] (-) TimerEvent: {}
[79.511490] (-) TimerEvent: {}
[79.612390] (-) TimerEvent: {}
[79.713306] (-) TimerEvent: {}
[79.814190] (-) TimerEvent: {}
[79.915037] (-) TimerEvent: {}
[80.015898] (-) TimerEvent: {}
[80.116760] (-) TimerEvent: {}
[80.197701] (rae_msgs) StdoutLine: {'line': b'[ 58%] Building C object CMakeFiles/rae_msgs__rosidl_typesupport_introspection_c.dir/rosidl_typesupport_introspection_c/rae_msgs/msg/detail/led_control__type_support.c.o\n'}
[80.216951] (-) TimerEvent: {}
[80.317685] (-) TimerEvent: {}
[80.326323] (rae_msgs) StdoutLine: {'line': b'[ 61%] Building C object CMakeFiles/rae_msgs__rosidl_typesupport_introspection_c.dir/rosidl_typesupport_introspection_c/rae_msgs/srv/detail/play_audio__type_support.c.o\n'}
[80.418082] (-) TimerEvent: {}
[80.518912] (-) TimerEvent: {}
[80.619715] (-) TimerEvent: {}
[80.720555] (-) TimerEvent: {}
[80.821446] (-) TimerEvent: {}
[80.922348] (-) TimerEvent: {}
[81.023253] (-) TimerEvent: {}
[81.124167] (-) TimerEvent: {}
[81.225039] (-) TimerEvent: {}
[81.325883] (-) TimerEvent: {}
[81.426742] (-) TimerEvent: {}
[81.527649] (-) TimerEvent: {}
[81.628493] (-) TimerEvent: {}
[81.729333] (-) TimerEvent: {}
[81.791732] (rae_msgs) StdoutLine: {'line': b'[ 64%] Linking CXX shared library librae_msgs__rosidl_typesupport_fastrtps_c.so\n'}
[81.829690] (-) TimerEvent: {}
[81.930532] (-) TimerEvent: {}
[82.032276] (-) TimerEvent: {}
[82.133209] (-) TimerEvent: {}
[82.234037] (-) TimerEvent: {}
[82.334859] (-) TimerEvent: {}
[82.435698] (-) TimerEvent: {}
[82.536570] (-) TimerEvent: {}
[82.637416] (-) TimerEvent: {}
[82.738223] (-) TimerEvent: {}
[82.792441] (rae_msgs) StdoutLine: {'line': b'[ 66%] Linking C shared library librae_msgs__rosidl_typesupport_introspection_c.so\n'}
[82.838620] (-) TimerEvent: {}
[82.913261] (rae_msgs) StdoutLine: {'line': b'[ 66%] Built target rae_msgs__rosidl_typesupport_fastrtps_c\n'}
[82.939014] (-) TimerEvent: {}
[83.039927] (-) TimerEvent: {}
[83.140798] (-) TimerEvent: {}
[83.241708] (-) TimerEvent: {}
[83.342553] (-) TimerEvent: {}
[83.443413] (-) TimerEvent: {}
[83.472764] (rae_msgs) StdoutLine: {'line': b'[ 66%] Built target rae_msgs__rosidl_typesupport_introspection_c\n'}
[83.543767] (-) TimerEvent: {}
[83.644587] (-) TimerEvent: {}
[83.745436] (-) TimerEvent: {}
[83.846256] (-) TimerEvent: {}
[83.947101] (-) TimerEvent: {}
[84.048466] (rae_msgs) StdoutLine: {'line': b'[ 69%] Building CXX object CMakeFiles/rae_msgs__rosidl_typesupport_c.dir/rosidl_typesupport_c/rae_msgs/msg/led_control__type_support.cpp.o\n'}
[84.049765] (-) TimerEvent: {}
[84.066590] (rae_msgs) StdoutLine: {'line': b'[ 71%] Building CXX object CMakeFiles/rae_msgs__rosidl_typesupport_c.dir/rosidl_typesupport_c/rae_msgs/srv/play_audio__type_support.cpp.o\n'}
[84.150182] (-) TimerEvent: {}
[84.251000] (-) TimerEvent: {}
[84.351836] (-) TimerEvent: {}
[84.452660] (-) TimerEvent: {}
[84.553536] (-) TimerEvent: {}
[84.654361] (-) TimerEvent: {}
[84.755179] (-) TimerEvent: {}
[84.855995] (-) TimerEvent: {}
[84.956823] (-) TimerEvent: {}
[85.057682] (-) TimerEvent: {}
[85.158482] (-) TimerEvent: {}
[85.259294] (-) TimerEvent: {}
[85.360105] (-) TimerEvent: {}
[85.411217] (rae_msgs) StdoutLine: {'line': b'[ 74%] Linking CXX shared library librae_msgs__rosidl_typesupport_c.so\n'}
[85.460456] (-) TimerEvent: {}
[85.561336] (-) TimerEvent: {}
[85.662149] (-) TimerEvent: {}
[85.762977] (-) TimerEvent: {}
[85.863823] (-) TimerEvent: {}
[85.945395] (rae_msgs) StdoutLine: {'line': b'[ 74%] Built target rae_msgs__rosidl_typesupport_c\n'}
[85.964056] (-) TimerEvent: {}
[86.064755] (-) TimerEvent: {}
[86.165578] (-) TimerEvent: {}
[86.266390] (-) TimerEvent: {}
[86.361773] (rae_msgs) StdoutLine: {'line': b'[ 74%] Built target rae_msgs\n'}
[86.366505] (-) TimerEvent: {}
[86.467168] (-) TimerEvent: {}
[86.567978] (-) TimerEvent: {}
[86.668787] (-) TimerEvent: {}
[86.752140] (rae_msgs) StdoutLine: {'line': b'[ 76%] Generating Python code for ROS interfaces\n'}
[86.768992] (-) TimerEvent: {}
[86.870154] (-) TimerEvent: {}
[86.970978] (-) TimerEvent: {}
[87.071845] (-) TimerEvent: {}
[87.172734] (-) TimerEvent: {}
[87.273582] (-) TimerEvent: {}
[87.374398] (-) TimerEvent: {}
[87.475234] (-) TimerEvent: {}
[87.576060] (-) TimerEvent: {}
[87.676866] (-) TimerEvent: {}
[87.777694] (-) TimerEvent: {}
[87.878534] (-) TimerEvent: {}
[87.979392] (-) TimerEvent: {}
[88.080220] (-) TimerEvent: {}
[88.181058] (-) TimerEvent: {}
[88.281933] (-) TimerEvent: {}
[88.382761] (-) TimerEvent: {}
[88.483559] (-) TimerEvent: {}
[88.584367] (-) TimerEvent: {}
[88.685203] (-) TimerEvent: {}
[88.786003] (-) TimerEvent: {}
[88.886785] (-) TimerEvent: {}
[88.987484] (-) TimerEvent: {}
[89.088144] (-) TimerEvent: {}
[89.188982] (-) TimerEvent: {}
[89.289840] (-) TimerEvent: {}
[89.390711] (-) TimerEvent: {}
[89.491546] (-) TimerEvent: {}
[89.592372] (-) TimerEvent: {}
[89.693214] (-) TimerEvent: {}
[89.794044] (-) TimerEvent: {}
[89.894905] (-) TimerEvent: {}
[89.995728] (-) TimerEvent: {}
[90.096521] (-) TimerEvent: {}
[90.197342] (-) TimerEvent: {}
[90.298192] (-) TimerEvent: {}
[90.399063] (-) TimerEvent: {}
[90.499914] (-) TimerEvent: {}
[90.600762] (-) TimerEvent: {}
[90.701587] (-) TimerEvent: {}
[90.802403] (-) TimerEvent: {}
[90.903227] (-) TimerEvent: {}
[91.004060] (-) TimerEvent: {}
[91.104863] (-) TimerEvent: {}
[91.205675] (-) TimerEvent: {}
[91.306480] (-) TimerEvent: {}
[91.407293] (-) TimerEvent: {}
[91.508109] (-) TimerEvent: {}
[91.608928] (-) TimerEvent: {}
[91.613619] (rae_camera) StdoutLine: {'line': b"-- Checking for module 'libusb-1.0'\n"}
[91.629894] (rae_msgs) StdoutLine: {'line': b'[ 76%] Built target rae_msgs__py\n'}
[91.709321] (-) TimerEvent: {}
[91.810118] (-) TimerEvent: {}
[91.857062] (rae_camera) StdoutLine: {'line': b'--   Found libusb-1.0, version 1.0.25\n'}
[91.910436] (-) TimerEvent: {}
[92.011264] (-) TimerEvent: {}
[92.068725] (rae_msgs) StdoutLine: {'line': b'[ 79%] Building C object CMakeFiles/rae_msgs__rosidl_generator_py.dir/rosidl_generator_py/rae_msgs/msg/_led_control_s.c.o\n'}
[92.084930] (rae_msgs) StdoutLine: {'line': b'[ 82%] Building C object CMakeFiles/rae_msgs__rosidl_generator_py.dir/rosidl_generator_py/rae_msgs/srv/_play_audio_s.c.o\n'}
[92.111483] (-) TimerEvent: {}
[92.212240] (-) TimerEvent: {}
[92.313063] (-) TimerEvent: {}
[92.414669] (-) TimerEvent: {}
[92.512268] (rae_camera) StdoutLine: {'line': b'-- Found libusb: /usr/lib/aarch64-linux-gnu/libusb-1.0.so  \n'}
[92.514781] (-) TimerEvent: {}
[92.519367] (rae_camera) StdoutLine: {'line': b'-- OpenNI found (version: 1.5.4.0, include: /usr/include/ni, lib: /usr/lib/libOpenNI.so;libusb::libusb)\n'}
[92.615221] (-) TimerEvent: {}
[92.716039] (-) TimerEvent: {}
[92.816824] (-) TimerEvent: {}
[92.917656] (-) TimerEvent: {}
[93.018464] (-) TimerEvent: {}
[93.119271] (-) TimerEvent: {}
[93.220093] (-) TimerEvent: {}
[93.320904] (-) TimerEvent: {}
[93.394507] (rae_camera) StdoutLine: {'line': b'-- OpenNI2 found (version: 2.2.0.33, include: /usr/include/openni2, lib: /usr/lib/aarch64-linux-gnu/libOpenNI2.so;libusb::libusb)\n'}
[93.421120] (-) TimerEvent: {}
[93.521895] (-) TimerEvent: {}
[93.622741] (-) TimerEvent: {}
[93.723566] (-) TimerEvent: {}
[93.824400] (-) TimerEvent: {}
[93.925277] (-) TimerEvent: {}
[94.026084] (-) TimerEvent: {}
[94.126890] (-) TimerEvent: {}
[94.227742] (-) TimerEvent: {}
[94.328572] (-) TimerEvent: {}
[94.429464] (-) TimerEvent: {}
[94.530322] (-) TimerEvent: {}
[94.618681] (rae_camera) StdoutLine: {'line': b'-- Eigen found (include: /usr/include/eigen3, version: 3.4.0)\n'}
[94.630472] (-) TimerEvent: {}
[94.674395] (rae_camera) StdoutLine: {'line': b'-- OpenNI found (version: 1.5.4.0, include: /usr/include/ni, lib: /usr/lib/libOpenNI.so;libusb::libusb)\n'}
[94.730526] (rae_camera) StdoutLine: {'line': b'-- OpenNI2 found (version: 2.2.0.33, include: /usr/include/openni2, lib: /usr/lib/aarch64-linux-gnu/libOpenNI2.so;libusb::libusb)\n'}
[94.731890] (-) TimerEvent: {}
[94.832586] (-) TimerEvent: {}
[94.933465] (-) TimerEvent: {}
[95.034327] (-) TimerEvent: {}
[95.135174] (-) TimerEvent: {}
[95.235990] (-) TimerEvent: {}
[95.336804] (-) TimerEvent: {}
[95.437678] (-) TimerEvent: {}
[95.538530] (-) TimerEvent: {}
[95.639340] (-) TimerEvent: {}
[95.740119] (-) TimerEvent: {}
[95.840952] (-) TimerEvent: {}
[95.903780] (rae_camera) StdoutLine: {'line': b'-- Found Qhull version 8.0.2\n'}
[95.941260] (-) TimerEvent: {}
[96.042047] (-) TimerEvent: {}
[96.142870] (-) TimerEvent: {}
[96.155509] (rae_msgs) StdoutLine: {'line': b'[ 84%] Linking C shared library rosidl_generator_py/rae_msgs/librae_msgs__rosidl_generator_py.so\n'}
[96.243234] (-) TimerEvent: {}
[96.344067] (-) TimerEvent: {}
[96.444891] (-) TimerEvent: {}
[96.545745] (-) TimerEvent: {}
[96.646555] (-) TimerEvent: {}
[96.675951] (rae_msgs) StdoutLine: {'line': b'[ 84%] Built target rae_msgs__rosidl_generator_py\n'}
[96.747090] (-) TimerEvent: {}
[96.847901] (-) TimerEvent: {}
[96.948718] (-) TimerEvent: {}
[97.049538] (-) TimerEvent: {}
[97.150361] (-) TimerEvent: {}
[97.251189] (-) TimerEvent: {}
[97.273551] (rae_msgs) StdoutLine: {'line': b'[ 87%] Building C object CMakeFiles/rae_msgs__rosidl_typesupport_c__pyext.dir/rosidl_generator_py/rae_msgs/_rae_msgs_s.ep.rosidl_typesupport_c.c.o\n'}
[97.282713] (rae_msgs) StdoutLine: {'line': b'[ 89%] Building C object CMakeFiles/rae_msgs__rosidl_typesupport_fastrtps_c__pyext.dir/rosidl_generator_py/rae_msgs/_rae_msgs_s.ep.rosidl_typesupport_fastrtps_c.c.o\n'}
[97.288615] (rae_msgs) StdoutLine: {'line': b'[ 92%] Building C object CMakeFiles/rae_msgs__rosidl_typesupport_introspection_c__pyext.dir/rosidl_generator_py/rae_msgs/_rae_msgs_s.ep.rosidl_typesupport_introspection_c.c.o\n'}
[97.351537] (-) TimerEvent: {}
[97.392048] (rae_camera) StdoutLine: {'line': b'-- OpenNI found (version: 1.5.4.0, include: /usr/include/ni, lib: /usr/lib/libOpenNI.so;libusb::libusb)\n'}
[97.451862] (-) TimerEvent: {}
[97.552678] (-) TimerEvent: {}
[97.653562] (-) TimerEvent: {}
[97.754425] (-) TimerEvent: {}
[97.855326] (-) TimerEvent: {}
[97.956206] (-) TimerEvent: {}
[98.057099] (-) TimerEvent: {}
[98.157945] (-) TimerEvent: {}
[98.258875] (-) TimerEvent: {}
[98.359795] (-) TimerEvent: {}
[98.460695] (-) TimerEvent: {}
[98.561610] (-) TimerEvent: {}
[98.662503] (-) TimerEvent: {}
[98.763429] (-) TimerEvent: {}
[98.864364] (-) TimerEvent: {}
[98.965315] (-) TimerEvent: {}
[99.066191] (-) TimerEvent: {}
[99.167080] (-) TimerEvent: {}
[99.268198] (-) TimerEvent: {}
[99.369069] (-) TimerEvent: {}
[99.469927] (-) TimerEvent: {}
[99.515588] (rae_camera) StdoutLine: {'line': b'-- Found PCL_COMMON: /usr/lib/aarch64-linux-gnu/libpcl_common.so  \n'}
[99.527612] (rae_camera) StdoutLine: {'line': b'-- Found PCL_KDTREE: /usr/lib/aarch64-linux-gnu/libpcl_kdtree.so  \n'}
[99.540133] (rae_camera) StdoutLine: {'line': b'-- Found PCL_OCTREE: /usr/lib/aarch64-linux-gnu/libpcl_octree.so  \n'}
[99.551983] (rae_camera) StdoutLine: {'line': b'-- Found PCL_SEARCH: /usr/lib/aarch64-linux-gnu/libpcl_search.so  \n'}
[99.564001] (rae_camera) StdoutLine: {'line': b'-- Found PCL_SAMPLE_CONSENSUS: /usr/lib/aarch64-linux-gnu/libpcl_sample_consensus.so  \n'}
[99.570064] (-) TimerEvent: {}
[99.575709] (rae_camera) StdoutLine: {'line': b'-- Found PCL_FILTERS: /usr/lib/aarch64-linux-gnu/libpcl_filters.so  \n'}
[99.582839] (rae_camera) StdoutLine: {'line': b'-- Found PCL_2D: /usr/include/pcl-1.12  \n'}
[99.589364] (rae_camera) StdoutLine: {'line': b'-- Found PCL_GEOMETRY: /usr/include/pcl-1.12  \n'}
[99.600273] (rae_camera) StdoutLine: {'line': b'-- Found PCL_IO: /usr/lib/aarch64-linux-gnu/libpcl_io.so  \n'}
[99.613352] (rae_camera) StdoutLine: {'line': b'-- Found PCL_FEATURES: /usr/lib/aarch64-linux-gnu/libpcl_features.so  \n'}
[99.625987] (rae_camera) StdoutLine: {'line': b'-- Found PCL_ML: /usr/lib/aarch64-linux-gnu/libpcl_ml.so  \n'}
[99.637869] (rae_camera) StdoutLine: {'line': b'-- Found PCL_SEGMENTATION: /usr/lib/aarch64-linux-gnu/libpcl_segmentation.so  \n'}
[99.652108] (rae_camera) StdoutLine: {'line': b'-- Found PCL_VISUALIZATION: /usr/lib/aarch64-linux-gnu/libpcl_visualization.so  \n'}
[99.666155] (rae_camera) StdoutLine: {'line': b'-- Found PCL_SURFACE: /usr/lib/aarch64-linux-gnu/libpcl_surface.so  \n'}
[99.670222] (-) TimerEvent: {}
[99.679320] (rae_camera) StdoutLine: {'line': b'-- Found PCL_REGISTRATION: /usr/lib/aarch64-linux-gnu/libpcl_registration.so  \n'}
[99.693499] (rae_camera) StdoutLine: {'line': b'-- Found PCL_KEYPOINTS: /usr/lib/aarch64-linux-gnu/libpcl_keypoints.so  \n'}
[99.707438] (rae_camera) StdoutLine: {'line': b'-- Found PCL_TRACKING: /usr/lib/aarch64-linux-gnu/libpcl_tracking.so  \n'}
[99.720738] (rae_camera) StdoutLine: {'line': b'-- Found PCL_RECOGNITION: /usr/lib/aarch64-linux-gnu/libpcl_recognition.so  \n'}
[99.736365] (rae_camera) StdoutLine: {'line': b'-- Found PCL_STEREO: /usr/lib/aarch64-linux-gnu/libpcl_stereo.so  \n'}
[99.749349] (rae_camera) StdoutLine: {'line': b'-- Found PCL_APPS: /usr/lib/aarch64-linux-gnu/libpcl_apps.so  \n'}
[99.764453] (rae_camera) StdoutLine: {'line': b'-- Found PCL_IN_HAND_SCANNER: /usr/include/pcl-1.12  \n'}
[99.770567] (-) TimerEvent: {}
[99.771545] (rae_camera) StdoutLine: {'line': b'-- Found PCL_MODELER: /usr/include/pcl-1.12  \n'}
[99.778430] (rae_camera) StdoutLine: {'line': b'-- Found PCL_POINT_CLOUD_EDITOR: /usr/include/pcl-1.12  \n'}
[99.791156] (rae_camera) StdoutLine: {'line': b'-- Found PCL_OUTOFCORE: /usr/lib/aarch64-linux-gnu/libpcl_outofcore.so  \n'}
[99.805612] (rae_camera) StdoutLine: {'line': b'-- Found PCL_PEOPLE: /usr/lib/aarch64-linux-gnu/libpcl_people.so  \n'}
[99.870984] (-) TimerEvent: {}
[99.971856] (-) TimerEvent: {}
[100.072698] (-) TimerEvent: {}
[100.173530] (-) TimerEvent: {}
[100.274399] (-) TimerEvent: {}
[100.375293] (-) TimerEvent: {}
[100.476160] (-) TimerEvent: {}
[100.577007] (-) TimerEvent: {}
[100.677878] (-) TimerEvent: {}
[100.778727] (-) TimerEvent: {}
[100.879594] (-) TimerEvent: {}
[100.980445] (-) TimerEvent: {}
[101.081310] (-) TimerEvent: {}
[101.171686] (rae_msgs) StdoutLine: {'line': b'[ 94%] Linking C shared library rosidl_generator_py/rae_msgs/rae_msgs_s__rosidl_typesupport_introspection_c.cpython-310-aarch64-linux-gnu.so\n'}
[101.188589] (-) TimerEvent: {}
[101.289585] (-) TimerEvent: {}
[101.358783] (rae_msgs) StdoutLine: {'line': b'[ 97%] Linking C shared library rosidl_generator_py/rae_msgs/rae_msgs_s__rosidl_typesupport_c.cpython-310-aarch64-linux-gnu.so\n'}
[101.380778] (rae_msgs) StdoutLine: {'line': b'[100%] Linking C shared library rosidl_generator_py/rae_msgs/rae_msgs_s__rosidl_typesupport_fastrtps_c.cpython-310-aarch64-linux-gnu.so\n'}
[101.389680] (-) TimerEvent: {}
[101.490301] (-) TimerEvent: {}
[101.591103] (-) TimerEvent: {}
[101.691885] (-) TimerEvent: {}
[101.792674] (-) TimerEvent: {}
[101.893557] (-) TimerEvent: {}
[101.997998] (rae_msgs) StdoutLine: {'line': b'[100%] Built target rae_msgs__rosidl_typesupport_introspection_c__pyext\n'}
[101.999159] (-) TimerEvent: {}
[102.099808] (-) TimerEvent: {}
[102.172028] (rae_msgs) StdoutLine: {'line': b'[100%] Built target rae_msgs__rosidl_typesupport_fastrtps_c__pyext\n'}
[102.199410] (rae_msgs) StdoutLine: {'line': b'[100%] Built target rae_msgs__rosidl_typesupport_c__pyext\n'}
[102.200684] (-) TimerEvent: {}
[102.301404] (-) TimerEvent: {}
[102.336897] (rae_msgs) CommandEnded: {'returncode': 0}
[102.401736] (-) TimerEvent: {}
[102.502608] (-) TimerEvent: {}
[102.603341] (-) TimerEvent: {}
[102.704040] (-) TimerEvent: {}
[102.804744] (-) TimerEvent: {}
[102.905449] (-) TimerEvent: {}
[103.006124] (-) TimerEvent: {}
[103.106803] (-) TimerEvent: {}
[103.207461] (-) TimerEvent: {}
[103.308097] (-) TimerEvent: {}
[103.408781] (-) TimerEvent: {}
[103.509458] (-) TimerEvent: {}
[103.610109] (-) TimerEvent: {}
[103.710761] (-) TimerEvent: {}
[103.811436] (-) TimerEvent: {}
[103.912160] (-) TimerEvent: {}
[104.012935] (-) TimerEvent: {}
[104.113644] (-) TimerEvent: {}
[104.214429] (-) TimerEvent: {}
[104.315153] (-) TimerEvent: {}
[104.415840] (-) TimerEvent: {}
[104.516487] (-) TimerEvent: {}
[104.617161] (-) TimerEvent: {}
[104.717884] (-) TimerEvent: {}
[104.818575] (-) TimerEvent: {}
[104.836024] (rae_camera) StdoutLine: {'line': b'-- Found depthai_ros_driver: 2.8.2 (/underlay_ws/install/depthai_ros_driver/share/depthai_ros_driver/cmake)\n'}
[104.856373] (rae_msgs) JobProgress: {'identifier': 'rae_msgs', 'progress': 'install'}
[104.859449] (rae_msgs) Command: {'cmd': ['/usr/bin/cmake', '--install', '/ws/build/rae_msgs'], 'cwd': '/ws/build/rae_msgs', 'env': OrderedDict([('CMAKE_PREFIX_PATH', '/underlay_ws/install/nav_layer_from_points:/underlay_ws/install/laserscan_kinect:/underlay_ws/install/ira_laser_tools:/underlay_ws/install/gst_bridge:/underlay_ws/install/depthai-ros:/underlay_ws/install/depthai_ros_driver:/underlay_ws/install/depthai_filters:/underlay_ws/install/depthai_examples:/underlay_ws/install/depthai_bridge:/underlay_ws/install/depthai_ros_msgs:/underlay_ws/install/depthai_descriptions:/underlay_ws/install/depth_sensor_pose:/underlay_ws/install/cliff_detector:/underlay_ws/install/audio_msgs:/underlay_ws/install/gst_pipeline:/opt/ros/humble'), ('OTEL_TRACES_EXPORTER', 'otlp'), ('COLCON', '1'), ('PYTHONPATH', '/underlay_ws/build/gst_pipeline:/underlay_ws/install/gst_pipeline/lib/python3.10/site-packages:/underlay_ws/install/depthai_ros_driver/local/lib/python3.10/dist-packages:/underlay_ws/install/depthai_ros_msgs/local/lib/python3.10/dist-packages:/underlay_ws/install/audio_msgs/local/lib/python3.10/dist-packages:/opt/ros/humble/lib/python3.10/site-packages:/opt/ros/humble/local/lib/python3.10/dist-packages'), ('PWD', '/ws/build/rae_msgs'), ('LC_ALL', 'C.UTF-8'), ('CORE_NUM', '1'), ('AMENT_PREFIX_PATH', '/underlay_ws/install/nav_layer_from_points:/underlay_ws/install/laserscan_kinect:/underlay_ws/install/ira_laser_tools:/underlay_ws/install/gst_pipeline:/underlay_ws/install/gst_bridge:/underlay_ws/install/depthai-ros:/underlay_ws/install/depthai_ros_driver:/underlay_ws/install/depthai_filters:/underlay_ws/install/depthai_examples:/underlay_ws/install/depthai_bridge:/underlay_ws/install/depthai_ros_msgs:/underlay_ws/install/depthai_descriptions:/underlay_ws/install/depth_sensor_pose:/underlay_ws/install/cliff_detector:/underlay_ws/install/audio_msgs:/opt/ros/humble'), ('DEBIAN_FRONTEND', 'noninteractive'), ('LANG', 'C.UTF-8'), ('OTEL_EXPORTER_OTLP_TRACES_ENDPOINT', 'unix:///dev/otel-grpc.sock'), ('TRACEPARENT', '00-a325a00a556cc4a91e6d856ce0600ab1-77458a73ef04520e-01'), ('PATH', '/opt/ros/humble/bin:/usr/local/sbin:/usr/local/bin:/usr/sbin:/usr/bin:/sbin:/bin'), ('ROS_LOCALHOST_ONLY', '0'), ('ROS_VERSION', '2'), ('COLCON_PREFIX_PATH', '/underlay_ws/install'), ('ROS_DISTRO', 'humble'), ('UNDERLAY_WS', '/underlay_ws'), ('OTEL_TRACE_PARENT', '00-a325a00a556cc4a91e6d856ce0600ab1-77458a73ef04520e-01'), ('ROS_PYTHON_VERSION', '3'), ('BUILD_TYPE', 'RelWithDebInfo'), ('OLDPWD', '/'), ('HOME', '/root'), ('LD_LIBRARY_PATH', '/underlay_ws/install/nav_layer_from_points/lib:/underlay_ws/install/laserscan_kinect/lib:/underlay_ws/install/ira_laser_tools/lib:/underlay_ws/install/gst_bridge/lib:/underlay_ws/install/depthai_ros_driver/lib:/underlay_ws/install/depthai_filters/lib:/underlay_ws/install/depthai_bridge/lib:/underlay_ws/install/depthai_ros_msgs/lib:/underlay_ws/install/depth_sensor_pose/lib:/underlay_ws/install/cliff_detector/lib:/underlay_ws/install/audio_msgs/lib:/opt/ros/humble/opt/rviz_ogre_vendor/lib:/opt/ros/humble/lib/aarch64-linux-gnu:/opt/ros/humble/lib'), ('WS', '/ws'), ('OTEL_EXPORTER_OTLP_TRACES_PROTOCOL', 'grpc'), ('SIM', '0')]), 'shell': False}
[104.918995] (-) TimerEvent: {}
[104.996067] (rae_msgs) StdoutLine: {'line': b'-- Install configuration: "RelWithDebInfo"\n'}
[105.004145] (rae_msgs) StdoutLine: {'line': b'-- Execute custom install script\n'}
[105.011976] (rae_msgs) StdoutLine: {'line': b'-- Symlinking: /ws/install/rae_msgs/share/ament_index/resource_index/rosidl_interfaces/rae_msgs\n'}
[105.019064] (-) TimerEvent: {}
[105.119753] (-) TimerEvent: {}
[105.127556] (rae_msgs) StdoutLine: {'line': b'-- Symlinking: /ws/install/rae_msgs/include/rae_msgs/rae_msgs/msg/detail/led_control__functions.h\n'}
[105.220118] (-) TimerEvent: {}
[105.226476] (rae_msgs) StdoutLine: {'line': b'-- Symlinking: /ws/install/rae_msgs/include/rae_msgs/rae_msgs/msg/detail/led_control__struct.h\n'}
[105.320488] (-) TimerEvent: {}
[105.327114] (rae_msgs) StdoutLine: {'line': b'-- Symlinking: /ws/install/rae_msgs/include/rae_msgs/rae_msgs/msg/detail/led_control__type_support.h\n'}
[105.420852] (-) TimerEvent: {}
[105.427723] (rae_msgs) StdoutLine: {'line': b'-- Symlinking: /ws/install/rae_msgs/include/rae_msgs/rae_msgs/msg/led_control.h\n'}
[105.521246] (-) TimerEvent: {}
[105.527940] (rae_msgs) StdoutLine: {'line': b'-- Symlinking: /ws/install/rae_msgs/include/rae_msgs/rae_msgs/msg/rosidl_generator_c__visibility_control.h\n'}
[105.621630] (-) TimerEvent: {}
[105.628056] (rae_msgs) StdoutLine: {'line': b'-- Symlinking: /ws/install/rae_msgs/include/rae_msgs/rae_msgs/srv/detail/play_audio__functions.h\n'}
[105.721972] (-) TimerEvent: {}
[105.727242] (rae_msgs) StdoutLine: {'line': b'-- Symlinking: /ws/install/rae_msgs/include/rae_msgs/rae_msgs/srv/detail/play_audio__struct.h\n'}
[105.822331] (-) TimerEvent: {}
[105.826833] (rae_msgs) StdoutLine: {'line': b'-- Symlinking: /ws/install/rae_msgs/include/rae_msgs/rae_msgs/srv/detail/play_audio__type_support.h\n'}
[105.922694] (-) TimerEvent: {}
[105.926807] (rae_msgs) StdoutLine: {'line': b'-- Symlinking: /ws/install/rae_msgs/include/rae_msgs/rae_msgs/srv/play_audio.h\n'}
[106.023044] (-) TimerEvent: {}
[106.027864] (rae_msgs) StdoutLine: {'line': b'-- Symlinking: /ws/install/rae_msgs/share/rae_msgs/environment/library_path.sh\n'}
[106.123424] (-) TimerEvent: {}
[106.127381] (rae_msgs) StdoutLine: {'line': b'-- Symlinking: /ws/install/rae_msgs/share/rae_msgs/environment/library_path.dsv\n'}
[106.223810] (-) TimerEvent: {}
[106.228521] (rae_msgs) StdoutLine: {'line': b'-- Symlinking: /ws/install/rae_msgs/include/rae_msgs/rae_msgs/msg/detail/led_control__rosidl_typesupport_fastrtps_c.h\n'}
[106.324158] (-) TimerEvent: {}
[106.326739] (rae_msgs) StdoutLine: {'line': b'-- Symlinking: /ws/install/rae_msgs/include/rae_msgs/rae_msgs/msg/rosidl_typesupport_fastrtps_c__visibility_control.h\n'}
[106.424523] (-) TimerEvent: {}
[106.427360] (rae_msgs) StdoutLine: {'line': b'-- Symlinking: /ws/install/rae_msgs/include/rae_msgs/rae_msgs/srv/detail/play_audio__rosidl_typesupport_fastrtps_c.h\n'}
[106.524891] (-) TimerEvent: {}
[106.528181] (rae_msgs) StdoutLine: {'line': b'-- Symlinking: /ws/install/rae_msgs/include/rae_msgs/rae_msgs/msg/detail/led_control__builder.hpp\n'}
[106.625285] (-) TimerEvent: {}
[106.626979] (rae_msgs) StdoutLine: {'line': b'-- Symlinking: /ws/install/rae_msgs/include/rae_msgs/rae_msgs/msg/detail/led_control__struct.hpp\n'}
[106.725614] (-) TimerEvent: {}
[106.726820] (rae_msgs) StdoutLine: {'line': b'-- Symlinking: /ws/install/rae_msgs/include/rae_msgs/rae_msgs/msg/detail/led_control__traits.hpp\n'}
[106.826646] (rae_msgs) StdoutLine: {'line': b'-- Symlinking: /ws/install/rae_msgs/include/rae_msgs/rae_msgs/msg/led_control.hpp\n'}
[106.827398] (-) TimerEvent: {}
[106.925776] (rae_msgs) StdoutLine: {'line': b'-- Symlinking: /ws/install/rae_msgs/include/rae_msgs/rae_msgs/srv/detail/play_audio__builder.hpp\n'}
[106.927616] (-) TimerEvent: {}
[107.025294] (rae_msgs) StdoutLine: {'line': b'-- Symlinking: /ws/install/rae_msgs/include/rae_msgs/rae_msgs/srv/detail/play_audio__struct.hpp\n'}
[107.027813] (-) TimerEvent: {}
[107.125375] (rae_msgs) StdoutLine: {'line': b'-- Symlinking: /ws/install/rae_msgs/include/rae_msgs/rae_msgs/srv/detail/play_audio__traits.hpp\n'}
[107.128007] (-) TimerEvent: {}
[107.224103] (rae_msgs) StdoutLine: {'line': b'-- Symlinking: /ws/install/rae_msgs/include/rae_msgs/rae_msgs/srv/play_audio.hpp\n'}
[107.228207] (-) TimerEvent: {}
[107.326169] (rae_msgs) StdoutLine: {'line': b'-- Symlinking: /ws/install/rae_msgs/include/rae_msgs/rae_msgs/msg/detail/led_control__rosidl_typesupport_fastrtps_cpp.hpp\n'}
[107.328389] (-) TimerEvent: {}
[107.425102] (rae_msgs) StdoutLine: {'line': b'-- Symlinking: /ws/install/rae_msgs/include/rae_msgs/rae_msgs/msg/rosidl_typesupport_fastrtps_cpp__visibility_control.h\n'}
[107.428586] (-) TimerEvent: {}
[107.524612] (rae_msgs) StdoutLine: {'line': b'-- Symlinking: /ws/install/rae_msgs/include/rae_msgs/rae_msgs/srv/detail/play_audio__rosidl_typesupport_fastrtps_cpp.hpp\n'}
[107.528789] (-) TimerEvent: {}
[107.625574] (rae_msgs) StdoutLine: {'line': b'-- Symlinking: /ws/install/rae_msgs/include/rae_msgs/rae_msgs/msg/detail/led_control__rosidl_typesupport_introspection_c.h\n'}
[107.629004] (-) TimerEvent: {}
[107.723517] (rae_msgs) StdoutLine: {'line': b'-- Symlinking: /ws/install/rae_msgs/include/rae_msgs/rae_msgs/msg/rosidl_typesupport_introspection_c__visibility_control.h\n'}
[107.725652] (rae_camera) StdoutLine: {'line': b'-- Found ira_laser_tools: 2.0.7 (/underlay_ws/install/ira_laser_tools/share/ira_laser_tools/cmake)\n'}
[107.729220] (-) TimerEvent: {}
[107.823650] (rae_msgs) StdoutLine: {'line': b'-- Symlinking: /ws/install/rae_msgs/include/rae_msgs/rae_msgs/srv/detail/play_audio__rosidl_typesupport_introspection_c.h\n'}
[107.829354] (-) TimerEvent: {}
[107.926622] (rae_msgs) StdoutLine: {'line': b'-- Symlinking: /ws/install/rae_msgs/include/rae_msgs/rae_msgs/msg/detail/led_control__rosidl_typesupport_introspection_cpp.hpp\n'}
[107.929552] (-) TimerEvent: {}
[108.027334] (rae_msgs) StdoutLine: {'line': b'-- Symlinking: /ws/install/rae_msgs/include/rae_msgs/rae_msgs/srv/detail/play_audio__rosidl_typesupport_introspection_cpp.hpp\n'}
[108.029760] (-) TimerEvent: {}
[108.126027] (rae_msgs) StdoutLine: {'line': b'-- Symlinking: /ws/install/rae_msgs/share/rae_msgs/environment/pythonpath.sh\n'}
[108.129949] (-) TimerEvent: {}
[108.225491] (rae_msgs) StdoutLine: {'line': b'-- Symlinking: /ws/install/rae_msgs/share/rae_msgs/environment/pythonpath.dsv\n'}
[108.230153] (-) TimerEvent: {}
[108.328550] (rae_msgs) StdoutLine: {'line': b'-- Symlinking: /ws/install/rae_msgs/local/lib/python3.10/dist-packages/rae_msgs-0.0.0-py3.10.egg-info/PKG-INFO\n'}
[108.330355] (-) TimerEvent: {}
[108.428464] (rae_msgs) StdoutLine: {'line': b'-- Symlinking: /ws/install/rae_msgs/local/lib/python3.10/dist-packages/rae_msgs-0.0.0-py3.10.egg-info/SOURCES.txt\n'}
[108.430531] (-) TimerEvent: {}
[108.528031] (rae_msgs) StdoutLine: {'line': b'-- Symlinking: /ws/install/rae_msgs/local/lib/python3.10/dist-packages/rae_msgs-0.0.0-py3.10.egg-info/dependency_links.txt\n'}
[108.530736] (-) TimerEvent: {}
[108.628071] (rae_msgs) StdoutLine: {'line': b'-- Symlinking: /ws/install/rae_msgs/local/lib/python3.10/dist-packages/rae_msgs-0.0.0-py3.10.egg-info/top_level.txt\n'}
[108.630922] (-) TimerEvent: {}
[108.729310] (rae_msgs) StdoutLine: {'line': b'-- Symlinking: /ws/install/rae_msgs/local/lib/python3.10/dist-packages/rae_msgs/__init__.py\n'}
[108.731129] (-) TimerEvent: {}
[108.827662] (rae_msgs) StdoutLine: {'line': b'-- Symlinking: /ws/install/rae_msgs/local/lib/python3.10/dist-packages/rae_msgs/_rae_msgs_s.ep.rosidl_typesupport_c.c\n'}
[108.831319] (-) TimerEvent: {}
[108.926390] (rae_msgs) StdoutLine: {'line': b'-- Symlinking: /ws/install/rae_msgs/local/lib/python3.10/dist-packages/rae_msgs/_rae_msgs_s.ep.rosidl_typesupport_fastrtps_c.c\n'}
[108.931513] (-) TimerEvent: {}
[109.024401] (rae_msgs) StdoutLine: {'line': b'-- Symlinking: /ws/install/rae_msgs/local/lib/python3.10/dist-packages/rae_msgs/_rae_msgs_s.ep.rosidl_typesupport_introspection_c.c\n'}
[109.031709] (-) TimerEvent: {}
[109.122657] (rae_msgs) StdoutLine: {'line': b'-- Symlinking: /ws/install/rae_msgs/local/lib/python3.10/dist-packages/rae_msgs/librae_msgs__rosidl_generator_py.so\n'}
[109.131894] (-) TimerEvent: {}
[109.220996] (rae_msgs) StdoutLine: {'line': b'-- Symlinking: /ws/install/rae_msgs/local/lib/python3.10/dist-packages/rae_msgs/msg/__init__.py\n'}
[109.232169] (-) TimerEvent: {}
[109.319859] (rae_msgs) StdoutLine: {'line': b'-- Symlinking: /ws/install/rae_msgs/local/lib/python3.10/dist-packages/rae_msgs/msg/_led_control.py\n'}
[109.332350] (-) TimerEvent: {}
[109.413046] (rae_camera) StdoutLine: {'line': b'-- Found image_proc: 3.0.0 (/opt/ros/humble/share/image_proc/cmake)\n'}
[109.417702] (rae_msgs) StdoutLine: {'line': b'-- Symlinking: /ws/install/rae_msgs/local/lib/python3.10/dist-packages/rae_msgs/msg/_led_control_s.c\n'}
[109.432576] (-) TimerEvent: {}
[109.516508] (rae_msgs) StdoutLine: {'line': b'-- Symlinking: /ws/install/rae_msgs/local/lib/python3.10/dist-packages/rae_msgs/rae_msgs_s__rosidl_typesupport_c.cpython-310-aarch64-linux-gnu.so\n'}
[109.532813] (-) TimerEvent: {}
[109.614505] (rae_msgs) StdoutLine: {'line': b'-- Symlinking: /ws/install/rae_msgs/local/lib/python3.10/dist-packages/rae_msgs/rae_msgs_s__rosidl_typesupport_fastrtps_c.cpython-310-aarch64-linux-gnu.so\n'}
[109.633124] (-) TimerEvent: {}
[109.675998] (rae_camera) StdoutLine: {'line': b'-- Found laserscan_kinect: 1.1.0 (/underlay_ws/install/laserscan_kinect/share/laserscan_kinect/cmake)\n'}
[109.701617] (rae_camera) StdoutLine: {'line': b'-- Found OpenCV: /usr (found suitable version "4.5.4", minimum required is "4") found components: imgproc highgui \n'}
[109.713843] (rae_msgs) StdoutLine: {'line': b'-- Symlinking: /ws/install/rae_msgs/local/lib/python3.10/dist-packages/rae_msgs/rae_msgs_s__rosidl_typesupport_introspection_c.cpython-310-aarch64-linux-gnu.so\n'}
[109.733411] (-) TimerEvent: {}
[109.812869] (rae_msgs) StdoutLine: {'line': b'-- Symlinking: /ws/install/rae_msgs/local/lib/python3.10/dist-packages/rae_msgs/srv/__init__.py\n'}
[109.833679] (-) TimerEvent: {}
[109.911253] (rae_msgs) StdoutLine: {'line': b'-- Symlinking: /ws/install/rae_msgs/local/lib/python3.10/dist-packages/rae_msgs/srv/_play_audio.py\n'}
[109.933958] (-) TimerEvent: {}
[110.010350] (rae_msgs) StdoutLine: {'line': b'-- Symlinking: /ws/install/rae_msgs/local/lib/python3.10/dist-packages/rae_msgs/srv/_play_audio_s.c\n'}
[110.034232] (-) TimerEvent: {}
[110.111885] (rae_msgs) StdoutLine: {'line': b'-- Up-to-date symlink: /ws/install/rae_msgs/local/lib/python3.10/dist-packages/rae_msgs/rae_msgs_s__rosidl_typesupport_fastrtps_c.cpython-310-aarch64-linux-gnu.so\n'}
[110.114114] (rae_msgs) StdoutLine: {'line': b'-- Up-to-date symlink: /ws/install/rae_msgs/local/lib/python3.10/dist-packages/rae_msgs/rae_msgs_s__rosidl_typesupport_introspection_c.cpython-310-aarch64-linux-gnu.so\n'}
[110.115942] (rae_msgs) StdoutLine: {'line': b'-- Up-to-date symlink: /ws/install/rae_msgs/local/lib/python3.10/dist-packages/rae_msgs/rae_msgs_s__rosidl_typesupport_c.cpython-310-aarch64-linux-gnu.so\n'}
[110.117655] (rae_msgs) StdoutLine: {'line': b'-- Symlinking: /ws/install/rae_msgs/share/rae_msgs/msg/LEDControl.idl\n'}
[110.134417] (-) TimerEvent: {}
[110.215285] (rae_msgs) StdoutLine: {'line': b'-- Symlinking: /ws/install/rae_msgs/share/rae_msgs/srv/PlayAudio.idl\n'}
[110.234623] (-) TimerEvent: {}
[110.314078] (rae_msgs) StdoutLine: {'line': b'-- Symlinking: /ws/install/rae_msgs/share/rae_msgs/msg/LEDControl.msg\n'}
[110.334883] (-) TimerEvent: {}
[110.417112] (rae_msgs) StdoutLine: {'line': b'-- Symlinking: /ws/install/rae_msgs/share/rae_msgs/srv/PlayAudio.srv\n'}
[110.435098] (-) TimerEvent: {}
[110.516505] (rae_msgs) StdoutLine: {'line': b'-- Symlinking: /ws/install/rae_msgs/share/rae_msgs/srv/PlayAudio_Request.msg\n'}
[110.535298] (-) TimerEvent: {}
[110.615117] (rae_msgs) StdoutLine: {'line': b'-- Symlinking: /ws/install/rae_msgs/share/rae_msgs/srv/PlayAudio_Response.msg\n'}
[110.635620] (-) TimerEvent: {}
[110.714876] (rae_msgs) StdoutLine: {'line': b'-- Symlinking: /ws/install/rae_msgs/share/ament_index/resource_index/package_run_dependencies/rae_msgs\n'}
[110.735946] (-) TimerEvent: {}
[110.814247] (rae_msgs) StdoutLine: {'line': b'-- Symlinking: /ws/install/rae_msgs/share/ament_index/resource_index/parent_prefix_path/rae_msgs\n'}
[110.836186] (-) TimerEvent: {}
[110.913300] (rae_msgs) StdoutLine: {'line': b'-- Symlinking: /ws/install/rae_msgs/share/rae_msgs/environment/ament_prefix_path.sh\n'}
[110.936435] (-) TimerEvent: {}
[111.013082] (rae_msgs) StdoutLine: {'line': b'-- Symlinking: /ws/install/rae_msgs/share/rae_msgs/environment/ament_prefix_path.dsv\n'}
[111.036790] (-) TimerEvent: {}
[111.112134] (rae_msgs) StdoutLine: {'line': b'-- Symlinking: /ws/install/rae_msgs/share/rae_msgs/environment/path.sh\n'}
[111.137208] (-) TimerEvent: {}
[111.211863] (rae_msgs) StdoutLine: {'line': b'-- Symlinking: /ws/install/rae_msgs/share/rae_msgs/environment/path.dsv\n'}
[111.237560] (-) TimerEvent: {}
[111.253780] (rae_camera) StdoutLine: {'line': b'-- Configuring done\n'}
[111.312000] (rae_msgs) StdoutLine: {'line': b'-- Symlinking: /ws/install/rae_msgs/share/rae_msgs/local_setup.bash\n'}
[111.323841] (rae_camera) StderrLine: {'line': b'CMake Warning (dev) at CMakeLists.txt:67 (add_executable):\n'}
[111.325046] (rae_camera) StderrLine: {'line': b'  Policy CMP0115 is not set: Source file extensions must be explicit.  Run\n'}
[111.326140] (rae_camera) StderrLine: {'line': b'  "cmake --help-policy CMP0115" for policy details.  Use the cmake_policy\n'}
[111.327186] (rae_camera) StderrLine: {'line': b'  command to set the policy and suppress this warning.\n'}
[111.328193] (rae_camera) StderrLine: {'line': b'\n'}
[111.329311] (rae_camera) StderrLine: {'line': b'  File:\n'}
[111.330337] (rae_camera) StderrLine: {'line': b'\n'}
[111.331378] (rae_camera) StderrLine: {'line': b'    /ws/src/rae-ros/rae_camera/src/perception_ipc_rtabmap.cpp\n'}
[111.332483] (rae_camera) StderrLine: {'line': b'This warning is for project developers.  Use -Wno-dev to suppress it.\n'}
[111.333541] (rae_camera) StderrLine: {'line': b'\n'}
[111.337664] (-) TimerEvent: {}
[111.411463] (rae_msgs) StdoutLine: {'line': b'-- Symlinking: /ws/install/rae_msgs/share/rae_msgs/local_setup.sh\n'}
[111.437892] (-) TimerEvent: {}
[111.511683] (rae_msgs) StdoutLine: {'line': b'-- Symlinking: /ws/install/rae_msgs/share/rae_msgs/local_setup.zsh\n'}
[111.538076] (-) TimerEvent: {}
[111.610782] (rae_msgs) StdoutLine: {'line': b'-- Symlinking: /ws/install/rae_msgs/share/rae_msgs/local_setup.dsv\n'}
[111.638481] (-) TimerEvent: {}
[111.709893] (rae_msgs) StdoutLine: {'line': b'-- Symlinking: /ws/install/rae_msgs/share/rae_msgs/package.dsv\n'}
[111.738772] (-) TimerEvent: {}
[111.809088] (rae_msgs) StdoutLine: {'line': b'-- Symlinking: /ws/install/rae_msgs/share/ament_index/resource_index/packages/rae_msgs\n'}
[111.839086] (-) TimerEvent: {}
[111.907670] (rae_msgs) StdoutLine: {'line': b'-- Symlinking: /ws/install/rae_msgs/share/rae_msgs/cmake/rosidl_cmake-extras.cmake\n'}
[111.939495] (-) TimerEvent: {}
[111.957080] (rae_camera) StdoutLine: {'line': b'-- Generating done\n'}
[111.982465] (rae_camera) StdoutLine: {'line': b'-- Build files have been written to: /ws/build/rae_camera\n'}
[112.007727] (rae_msgs) StdoutLine: {'line': b'-- Symlinking: /ws/install/rae_msgs/share/rae_msgs/cmake/ament_cmake_export_dependencies-extras.cmake\n'}
[112.039755] (-) TimerEvent: {}
[112.073242] (rae_camera) CommandEnded: {'returncode': 0}
[112.077092] (rae_camera) JobProgress: {'identifier': 'rae_camera', 'progress': 'build'}
[112.080496] (rae_camera) Command: {'cmd': ['/usr/bin/cmake', '--build', '/ws/build/rae_camera', '--', '-j4', '-l4'], 'cwd': '/ws/build/rae_camera', 'env': OrderedDict([('CMAKE_PREFIX_PATH', '/underlay_ws/install/nav_layer_from_points:/underlay_ws/install/laserscan_kinect:/underlay_ws/install/ira_laser_tools:/underlay_ws/install/gst_bridge:/underlay_ws/install/depthai-ros:/underlay_ws/install/depthai_ros_driver:/underlay_ws/install/depthai_filters:/underlay_ws/install/depthai_examples:/underlay_ws/install/depthai_bridge:/underlay_ws/install/depthai_ros_msgs:/underlay_ws/install/depthai_descriptions:/underlay_ws/install/depth_sensor_pose:/underlay_ws/install/cliff_detector:/underlay_ws/install/audio_msgs:/underlay_ws/install/gst_pipeline:/opt/ros/humble'), ('OTEL_TRACES_EXPORTER', 'otlp'), ('COLCON', '1'), ('PYTHONPATH', '/underlay_ws/build/gst_pipeline:/underlay_ws/install/gst_pipeline/lib/python3.10/site-packages:/underlay_ws/install/depthai_ros_driver/local/lib/python3.10/dist-packages:/underlay_ws/install/depthai_ros_msgs/local/lib/python3.10/dist-packages:/underlay_ws/install/audio_msgs/local/lib/python3.10/dist-packages:/opt/ros/humble/lib/python3.10/site-packages:/opt/ros/humble/local/lib/python3.10/dist-packages'), ('PWD', '/ws/build/rae_camera'), ('LC_ALL', 'C.UTF-8'), ('CORE_NUM', '1'), ('AMENT_PREFIX_PATH', '/underlay_ws/install/nav_layer_from_points:/underlay_ws/install/laserscan_kinect:/underlay_ws/install/ira_laser_tools:/underlay_ws/install/gst_pipeline:/underlay_ws/install/gst_bridge:/underlay_ws/install/depthai-ros:/underlay_ws/install/depthai_ros_driver:/underlay_ws/install/depthai_filters:/underlay_ws/install/depthai_examples:/underlay_ws/install/depthai_bridge:/underlay_ws/install/depthai_ros_msgs:/underlay_ws/install/depthai_descriptions:/underlay_ws/install/depth_sensor_pose:/underlay_ws/install/cliff_detector:/underlay_ws/install/audio_msgs:/opt/ros/humble'), ('DEBIAN_FRONTEND', 'noninteractive'), ('LANG', 'C.UTF-8'), ('OTEL_EXPORTER_OTLP_TRACES_ENDPOINT', 'unix:///dev/otel-grpc.sock'), ('TRACEPARENT', '00-a325a00a556cc4a91e6d856ce0600ab1-77458a73ef04520e-01'), ('PATH', '/opt/ros/humble/bin:/usr/local/sbin:/usr/local/bin:/usr/sbin:/usr/bin:/sbin:/bin'), ('ROS_LOCALHOST_ONLY', '0'), ('ROS_VERSION', '2'), ('COLCON_PREFIX_PATH', '/underlay_ws/install'), ('ROS_DISTRO', 'humble'), ('UNDERLAY_WS', '/underlay_ws'), ('OTEL_TRACE_PARENT', '00-a325a00a556cc4a91e6d856ce0600ab1-77458a73ef04520e-01'), ('ROS_PYTHON_VERSION', '3'), ('BUILD_TYPE', 'RelWithDebInfo'), ('OLDPWD', '/'), ('HOME', '/root'), ('LD_LIBRARY_PATH', '/underlay_ws/install/nav_layer_from_points/lib:/underlay_ws/install/laserscan_kinect/lib:/underlay_ws/install/ira_laser_tools/lib:/underlay_ws/install/gst_bridge/lib:/underlay_ws/install/depthai_ros_driver/lib:/underlay_ws/install/depthai_filters/lib:/underlay_ws/install/depthai_bridge/lib:/underlay_ws/install/depthai_ros_msgs/lib:/underlay_ws/install/depth_sensor_pose/lib:/underlay_ws/install/cliff_detector/lib:/underlay_ws/install/audio_msgs/lib:/opt/ros/humble/opt/rviz_ogre_vendor/lib:/opt/ros/humble/lib/aarch64-linux-gnu:/opt/ros/humble/lib'), ('WS', '/ws'), ('OTEL_EXPORTER_OTLP_TRACES_PROTOCOL', 'grpc'), ('SIM', '0')]), 'shell': False}
[112.110980] (rae_msgs) StdoutLine: {'line': b'-- Symlinking: /ws/install/rae_msgs/share/rae_msgs/cmake/ament_cmake_export_include_directories-extras.cmake\n'}
[112.139938] (-) TimerEvent: {}
[112.225817] (rae_msgs) StdoutLine: {'line': b'-- Symlinking: /ws/install/rae_msgs/share/rae_msgs/cmake/ament_cmake_export_libraries-extras.cmake\n'}
[112.240184] (-) TimerEvent: {}
[112.324787] (rae_msgs) StdoutLine: {'line': b'-- Symlinking: /ws/install/rae_msgs/share/rae_msgs/cmake/ament_cmake_export_targets-extras.cmake\n'}
[112.340467] (-) TimerEvent: {}
[112.423434] (rae_msgs) StdoutLine: {'line': b'-- Symlinking: /ws/install/rae_msgs/share/rae_msgs/cmake/rosidl_cmake_export_typesupport_targets-extras.cmake\n'}
[112.440644] (-) TimerEvent: {}
[112.534082] (rae_msgs) StdoutLine: {'line': b'-- Symlinking: /ws/install/rae_msgs/share/rae_msgs/cmake/rosidl_cmake_export_typesupport_libraries-extras.cmake\n'}
[112.540852] (-) TimerEvent: {}
[112.633394] (rae_msgs) StdoutLine: {'line': b'-- Symlinking: /ws/install/rae_msgs/share/rae_msgs/cmake/rae_msgsConfig.cmake\n'}
[112.641035] (-) TimerEvent: {}
[112.741706] (-) TimerEvent: {}
[112.788451] (rae_msgs) StdoutLine: {'line': b'-- Symlinking: /ws/install/rae_msgs/share/rae_msgs/cmake/rae_msgsConfig-version.cmake\n'}
[112.842068] (-) TimerEvent: {}
[112.942906] (-) TimerEvent: {}
[112.982850] (rae_msgs) StdoutLine: {'line': b'-- Symlinking: /ws/install/rae_msgs/share/rae_msgs/package.xml\n'}
[113.043272] (-) TimerEvent: {}
[113.144085] (-) TimerEvent: {}
[113.198141] (rae_msgs) StdoutLine: {'line': b'-- Installing: /ws/install/rae_msgs/lib/librae_msgs__rosidl_generator_c.so\n'}
[113.224345] (rae_msgs) StdoutLine: {'line': b'-- Set runtime path of "/ws/install/rae_msgs/lib/librae_msgs__rosidl_generator_c.so" to ""\n'}
[113.226564] (rae_msgs) StdoutLine: {'line': b'-- Installing: /ws/install/rae_msgs/lib/librae_msgs__rosidl_typesupport_fastrtps_c.so\n'}
[113.233916] (rae_msgs) StdoutLine: {'line': b'-- Set runtime path of "/ws/install/rae_msgs/lib/librae_msgs__rosidl_typesupport_fastrtps_c.so" to ""\n'}
[113.235629] (rae_msgs) StdoutLine: {'line': b'-- Installing: /ws/install/rae_msgs/lib/librae_msgs__rosidl_typesupport_fastrtps_cpp.so\n'}
[113.237739] (rae_msgs) StdoutLine: {'line': b'-- Set runtime path of "/ws/install/rae_msgs/lib/librae_msgs__rosidl_typesupport_fastrtps_cpp.so" to ""\n'}
[113.238714] (rae_msgs) StdoutLine: {'line': b'-- Installing: /ws/install/rae_msgs/lib/librae_msgs__rosidl_typesupport_introspection_c.so\n'}
[113.240361] (rae_msgs) StdoutLine: {'line': b'-- Set runtime path of "/ws/install/rae_msgs/lib/librae_msgs__rosidl_typesupport_introspection_c.so" to ""\n'}
[113.241361] (rae_msgs) StdoutLine: {'line': b'-- Installing: /ws/install/rae_msgs/lib/librae_msgs__rosidl_typesupport_c.so\n'}
[113.243029] (rae_msgs) StdoutLine: {'line': b'-- Set runtime path of "/ws/install/rae_msgs/lib/librae_msgs__rosidl_typesupport_c.so" to ""\n'}
[113.243996] (rae_msgs) StdoutLine: {'line': b'-- Installing: /ws/install/rae_msgs/lib/librae_msgs__rosidl_typesupport_introspection_cpp.so\n'}
[113.246048] (-) TimerEvent: {}
[113.246292] (rae_msgs) StdoutLine: {'line': b'-- Set runtime path of "/ws/install/rae_msgs/lib/librae_msgs__rosidl_typesupport_introspection_cpp.so" to ""\n'}
[113.248880] (rae_msgs) StdoutLine: {'line': b'-- Installing: /ws/install/rae_msgs/lib/librae_msgs__rosidl_typesupport_cpp.so\n'}
[113.249918] (rae_msgs) StdoutLine: {'line': b'-- Set runtime path of "/ws/install/rae_msgs/lib/librae_msgs__rosidl_typesupport_cpp.so" to ""\n'}
[113.346483] (-) TimerEvent: {}
[113.372020] (rae_camera) StdoutLine: {'line': b'[ 10%] Building CXX object CMakeFiles/stereo_depth.dir/src/stereo_depth.cpp.o\n'}
[113.383985] (rae_camera) StdoutLine: {'line': b'[ 20%] Building CXX object CMakeFiles/camera.dir/src/camera.cpp.o\n'}
[113.441856] (rae_camera) StdoutLine: {'line': b'[ 30%] Building CXX object CMakeFiles/stereo_pair.dir/src/stereo_pair.cpp.o\n'}
[113.446604] (-) TimerEvent: {}
[113.464589] (rae_camera) StdoutLine: {'line': b'[ 40%] Building CXX object CMakeFiles/yolo.dir/src/yolo.cpp.o\n'}
[113.547025] (-) TimerEvent: {}
[113.647834] (-) TimerEvent: {}
[113.748649] (-) TimerEvent: {}
[113.849511] (-) TimerEvent: {}
[113.950356] (-) TimerEvent: {}
[114.051225] (-) TimerEvent: {}
[114.152063] (-) TimerEvent: {}
[114.201408] (rae_msgs) StdoutLine: {'line': b"Listing '/ws/install/rae_msgs/local/lib/python3.10/dist-packages/rae_msgs'...\n"}
[114.202842] (rae_msgs) StdoutLine: {'line': b"Compiling '/ws/install/rae_msgs/local/lib/python3.10/dist-packages/rae_msgs/__init__.py'...\n"}
[114.203918] (rae_msgs) StdoutLine: {'line': b"Listing '/ws/install/rae_msgs/local/lib/python3.10/dist-packages/rae_msgs/msg'...\n"}
[114.204935] (rae_msgs) StdoutLine: {'line': b"Compiling '/ws/install/rae_msgs/local/lib/python3.10/dist-packages/rae_msgs/msg/__init__.py'...\n"}
[114.205987] (rae_msgs) StdoutLine: {'line': b"Compiling '/ws/install/rae_msgs/local/lib/python3.10/dist-packages/rae_msgs/msg/_led_control.py'...\n"}
[114.207015] (rae_msgs) StdoutLine: {'line': b"Listing '/ws/install/rae_msgs/local/lib/python3.10/dist-packages/rae_msgs/srv'...\n"}
[114.208063] (rae_msgs) StdoutLine: {'line': b"Compiling '/ws/install/rae_msgs/local/lib/python3.10/dist-packages/rae_msgs/srv/__init__.py'...\n"}
[114.209103] (rae_msgs) StdoutLine: {'line': b"Compiling '/ws/install/rae_msgs/local/lib/python3.10/dist-packages/rae_msgs/srv/_play_audio.py'...\n"}
[114.246491] (rae_msgs) StdoutLine: {'line': b'-- Installing: /ws/install/rae_msgs/lib/librae_msgs__rosidl_generator_py.so\n'}
[114.252193] (-) TimerEvent: {}
[114.253724] (rae_msgs) StdoutLine: {'line': b'-- Set runtime path of "/ws/install/rae_msgs/lib/librae_msgs__rosidl_generator_py.so" to ""\n'}
[114.254752] (rae_msgs) StdoutLine: {'line': b'-- Installing: /ws/install/rae_msgs/share/rae_msgs/cmake/export_rae_msgs__rosidl_generator_cExport.cmake\n'}
[114.255765] (rae_msgs) StdoutLine: {'line': b'-- Installing: /ws/install/rae_msgs/share/rae_msgs/cmake/export_rae_msgs__rosidl_generator_cExport-relwithdebinfo.cmake\n'}
[114.258002] (rae_msgs) StdoutLine: {'line': b'-- Installing: /ws/install/rae_msgs/share/rae_msgs/cmake/export_rae_msgs__rosidl_typesupport_fastrtps_cExport.cmake\n'}
[114.260780] (rae_msgs) StdoutLine: {'line': b'-- Installing: /ws/install/rae_msgs/share/rae_msgs/cmake/export_rae_msgs__rosidl_typesupport_fastrtps_cExport-relwithdebinfo.cmake\n'}
[114.263450] (rae_msgs) StdoutLine: {'line': b'-- Installing: /ws/install/rae_msgs/share/rae_msgs/cmake/export_rae_msgs__rosidl_generator_cppExport.cmake\n'}
[114.266076] (rae_msgs) StdoutLine: {'line': b'-- Installing: /ws/install/rae_msgs/share/rae_msgs/cmake/export_rae_msgs__rosidl_typesupport_fastrtps_cppExport.cmake\n'}
[114.268596] (rae_msgs) StdoutLine: {'line': b'-- Installing: /ws/install/rae_msgs/share/rae_msgs/cmake/export_rae_msgs__rosidl_typesupport_fastrtps_cppExport-relwithdebinfo.cmake\n'}
[114.271590] (rae_msgs) StdoutLine: {'line': b'-- Installing: /ws/install/rae_msgs/share/rae_msgs/cmake/rae_msgs__rosidl_typesupport_introspection_cExport.cmake\n'}
[114.275575] (rae_msgs) StdoutLine: {'line': b'-- Installing: /ws/install/rae_msgs/share/rae_msgs/cmake/rae_msgs__rosidl_typesupport_introspection_cExport-relwithdebinfo.cmake\n'}
[114.276589] (rae_msgs) StdoutLine: {'line': b'-- Installing: /ws/install/rae_msgs/share/rae_msgs/cmake/rae_msgs__rosidl_typesupport_cExport.cmake\n'}
[114.284703] (rae_msgs) StdoutLine: {'line': b'-- Installing: /ws/install/rae_msgs/share/rae_msgs/cmake/rae_msgs__rosidl_typesupport_cExport-relwithdebinfo.cmake\n'}
[114.285768] (rae_msgs) StdoutLine: {'line': b'-- Installing: /ws/install/rae_msgs/share/rae_msgs/cmake/rae_msgs__rosidl_typesupport_introspection_cppExport.cmake\n'}
[114.286771] (rae_msgs) StdoutLine: {'line': b'-- Installing: /ws/install/rae_msgs/share/rae_msgs/cmake/rae_msgs__rosidl_typesupport_introspection_cppExport-relwithdebinfo.cmake\n'}
[114.287778] (rae_msgs) StdoutLine: {'line': b'-- Installing: /ws/install/rae_msgs/share/rae_msgs/cmake/rae_msgs__rosidl_typesupport_cppExport.cmake\n'}
[114.288806] (rae_msgs) StdoutLine: {'line': b'-- Installing: /ws/install/rae_msgs/share/rae_msgs/cmake/rae_msgs__rosidl_typesupport_cppExport-relwithdebinfo.cmake\n'}
[114.289866] (rae_msgs) StdoutLine: {'line': b'-- Installing: /ws/install/rae_msgs/share/rae_msgs/cmake/export_rae_msgs__rosidl_generator_pyExport.cmake\n'}
[114.290873] (rae_msgs) StdoutLine: {'line': b'-- Installing: /ws/install/rae_msgs/share/rae_msgs/cmake/export_rae_msgs__rosidl_generator_pyExport-relwithdebinfo.cmake\n'}
[114.324271] (rae_msgs) CommandEnded: {'returncode': 0}
[114.362687] (-) TimerEvent: {}
[114.465677] (-) TimerEvent: {}
[114.566641] (-) TimerEvent: {}
[114.668196] (-) TimerEvent: {}
[114.768900] (-) TimerEvent: {}
[114.869637] (-) TimerEvent: {}
[114.970340] (-) TimerEvent: {}
[115.076136] (-) TimerEvent: {}
[115.176815] (-) TimerEvent: {}
[115.277864] (-) TimerEvent: {}
[115.378630] (-) TimerEvent: {}
[115.479481] (-) TimerEvent: {}
[115.580300] (-) TimerEvent: {}
[115.681131] (-) TimerEvent: {}
[115.781981] (-) TimerEvent: {}
[115.882689] (-) TimerEvent: {}
[115.983486] (-) TimerEvent: {}
[116.084313] (-) TimerEvent: {}
[116.185526] (-) TimerEvent: {}
[116.286283] (-) TimerEvent: {}
[116.387104] (-) TimerEvent: {}
[116.487807] (-) TimerEvent: {}
[116.588520] (-) TimerEvent: {}
[116.689358] (-) TimerEvent: {}
[116.790085] (-) TimerEvent: {}
[116.890758] (-) TimerEvent: {}
[116.991530] (-) TimerEvent: {}
[117.097455] (-) TimerEvent: {}
[117.198157] (-) TimerEvent: {}
[117.298915] (-) TimerEvent: {}
[117.399614] (-) TimerEvent: {}
[117.500362] (-) TimerEvent: {}
[117.601145] (-) TimerEvent: {}
[117.701967] (-) TimerEvent: {}
[117.802763] (-) TimerEvent: {}
[117.903555] (-) TimerEvent: {}
[118.004369] (-) TimerEvent: {}
[118.105172] (-) TimerEvent: {}
[118.207531] (-) TimerEvent: {}
[118.311055] (-) TimerEvent: {}
[118.411727] (-) TimerEvent: {}
[118.512392] (-) TimerEvent: {}
[118.613209] (-) TimerEvent: {}
[118.713920] (-) TimerEvent: {}
[118.816483] (-) TimerEvent: {}
[118.920253] (-) TimerEvent: {}
[119.023353] (-) TimerEvent: {}
[119.124221] (-) TimerEvent: {}
[119.224916] (-) TimerEvent: {}
[119.325590] (-) TimerEvent: {}
[119.426293] (-) TimerEvent: {}
[119.527018] (-) TimerEvent: {}
[119.627816] (-) TimerEvent: {}
[119.728640] (-) TimerEvent: {}
[119.829496] (-) TimerEvent: {}
[119.930201] (-) TimerEvent: {}
[120.030850] (-) TimerEvent: {}
[120.131582] (-) TimerEvent: {}
[120.232403] (-) TimerEvent: {}
[120.333131] (-) TimerEvent: {}
[120.433815] (-) TimerEvent: {}
[120.537975] (-) TimerEvent: {}
[120.645482] (-) TimerEvent: {}
[120.751279] (-) TimerEvent: {}
[120.851925] (-) TimerEvent: {}
[120.952719] (-) TimerEvent: {}
[121.053740] (-) TimerEvent: {}
[121.154797] (-) TimerEvent: {}
[121.255295] (-) TimerEvent: {}
[121.356248] (-) TimerEvent: {}
[121.461560] (-) TimerEvent: {}
[121.565499] (-) TimerEvent: {}
[121.647753] (rae_msgs) JobEnded: {'identifier': 'rae_msgs', 'rc': 0}
[121.652329] (rae_hw) JobStarted: {'identifier': 'rae_hw'}
[121.666167] (-) TimerEvent: {}
[121.766986] (-) TimerEvent: {}
[121.868088] (-) TimerEvent: {}
[121.969090] (-) TimerEvent: {}
[122.069811] (-) TimerEvent: {}
[122.170464] (-) TimerEvent: {}
[122.271472] (-) TimerEvent: {}
[122.372077] (-) TimerEvent: {}
[122.472718] (-) TimerEvent: {}
[122.573549] (-) TimerEvent: {}
[122.677252] (-) TimerEvent: {}
[122.679795] (rae_hw) JobProgress: {'identifier': 'rae_hw', 'progress': 'cmake'}
[122.681331] (rae_hw) Command: {'cmd': ['/usr/bin/cmake', '/ws/src/rae-ros/rae_hw', '-DCMAKE_BUILD_TYPE=RelWithDebInfo', '-DAMENT_CMAKE_SYMLINK_INSTALL=1', '-DCMAKE_INSTALL_PREFIX=/ws/install/rae_hw'], 'cwd': '/ws/build/rae_hw', 'env': OrderedDict([('CMAKE_PREFIX_PATH', '/ws/install/rae_msgs:/underlay_ws/install/nav_layer_from_points:/underlay_ws/install/laserscan_kinect:/underlay_ws/install/ira_laser_tools:/underlay_ws/install/gst_bridge:/underlay_ws/install/depthai-ros:/underlay_ws/install/depthai_ros_driver:/underlay_ws/install/depthai_filters:/underlay_ws/install/depthai_examples:/underlay_ws/install/depthai_bridge:/underlay_ws/install/depthai_ros_msgs:/underlay_ws/install/depthai_descriptions:/underlay_ws/install/depth_sensor_pose:/underlay_ws/install/cliff_detector:/underlay_ws/install/audio_msgs:/underlay_ws/install/gst_pipeline:/opt/ros/humble'), ('OTEL_TRACES_EXPORTER', 'otlp'), ('COLCON', '1'), ('PYTHONPATH', '/ws/install/rae_msgs/local/lib/python3.10/dist-packages:/underlay_ws/build/gst_pipeline:/underlay_ws/install/gst_pipeline/lib/python3.10/site-packages:/underlay_ws/install/depthai_ros_driver/local/lib/python3.10/dist-packages:/underlay_ws/install/depthai_ros_msgs/local/lib/python3.10/dist-packages:/underlay_ws/install/audio_msgs/local/lib/python3.10/dist-packages:/opt/ros/humble/lib/python3.10/site-packages:/opt/ros/humble/local/lib/python3.10/dist-packages'), ('PWD', '/ws/build/rae_hw'), ('LC_ALL', 'C.UTF-8'), ('CORE_NUM', '1'), ('AMENT_PREFIX_PATH', '/ws/install/rae_msgs:/underlay_ws/install/nav_layer_from_points:/underlay_ws/install/laserscan_kinect:/underlay_ws/install/ira_laser_tools:/underlay_ws/install/gst_pipeline:/underlay_ws/install/gst_bridge:/underlay_ws/install/depthai-ros:/underlay_ws/install/depthai_ros_driver:/underlay_ws/install/depthai_filters:/underlay_ws/install/depthai_examples:/underlay_ws/install/depthai_bridge:/underlay_ws/install/depthai_ros_msgs:/underlay_ws/install/depthai_descriptions:/underlay_ws/install/depth_sensor_pose:/underlay_ws/install/cliff_detector:/underlay_ws/install/audio_msgs:/opt/ros/humble'), ('DEBIAN_FRONTEND', 'noninteractive'), ('LANG', 'C.UTF-8'), ('OTEL_EXPORTER_OTLP_TRACES_ENDPOINT', 'unix:///dev/otel-grpc.sock'), ('TRACEPARENT', '00-a325a00a556cc4a91e6d856ce0600ab1-77458a73ef04520e-01'), ('PATH', '/opt/ros/humble/bin:/usr/local/sbin:/usr/local/bin:/usr/sbin:/usr/bin:/sbin:/bin'), ('ROS_LOCALHOST_ONLY', '0'), ('ROS_VERSION', '2'), ('COLCON_PREFIX_PATH', '/underlay_ws/install'), ('ROS_DISTRO', 'humble'), ('UNDERLAY_WS', '/underlay_ws'), ('OTEL_TRACE_PARENT', '00-a325a00a556cc4a91e6d856ce0600ab1-77458a73ef04520e-01'), ('ROS_PYTHON_VERSION', '3'), ('BUILD_TYPE', 'RelWithDebInfo'), ('OLDPWD', '/'), ('HOME', '/root'), ('LD_LIBRARY_PATH', '/ws/install/rae_msgs/lib:/underlay_ws/install/nav_layer_from_points/lib:/underlay_ws/install/laserscan_kinect/lib:/underlay_ws/install/ira_laser_tools/lib:/underlay_ws/install/gst_bridge/lib:/underlay_ws/install/depthai_ros_driver/lib:/underlay_ws/install/depthai_filters/lib:/underlay_ws/install/depthai_bridge/lib:/underlay_ws/install/depthai_ros_msgs/lib:/underlay_ws/install/depth_sensor_pose/lib:/underlay_ws/install/cliff_detector/lib:/underlay_ws/install/audio_msgs/lib:/opt/ros/humble/opt/rviz_ogre_vendor/lib:/opt/ros/humble/lib/aarch64-linux-gnu:/opt/ros/humble/lib'), ('WS', '/ws'), ('OTEL_EXPORTER_OTLP_TRACES_PROTOCOL', 'grpc'), ('SIM', '0')]), 'shell': False}
[122.777717] (-) TimerEvent: {}
[122.878597] (-) TimerEvent: {}
[122.979405] (-) TimerEvent: {}
[123.080221] (-) TimerEvent: {}
[123.181014] (-) TimerEvent: {}
[123.282439] (-) TimerEvent: {}
[123.383243] (-) TimerEvent: {}
[123.484027] (-) TimerEvent: {}
[123.584833] (-) TimerEvent: {}
[123.685675] (-) TimerEvent: {}
[123.786517] (-) TimerEvent: {}
[123.887326] (-) TimerEvent: {}
[123.988110] (-) TimerEvent: {}
[124.088883] (-) TimerEvent: {}
[124.189723] (-) TimerEvent: {}
[124.290561] (-) TimerEvent: {}
[124.391394] (-) TimerEvent: {}
[124.492203] (-) TimerEvent: {}
[124.593030] (-) TimerEvent: {}
[124.693883] (-) TimerEvent: {}
[124.794708] (-) TimerEvent: {}
[124.895546] (-) TimerEvent: {}
[124.996368] (-) TimerEvent: {}
[125.097151] (-) TimerEvent: {}
[125.197957] (-) TimerEvent: {}
[125.298765] (-) TimerEvent: {}
[125.347281] (rae_hw) StdoutLine: {'line': b'-- The C compiler identification is GNU 11.4.0\n'}
[125.399047] (-) TimerEvent: {}
[125.499838] (-) TimerEvent: {}
[125.600665] (-) TimerEvent: {}
[125.701477] (-) TimerEvent: {}
[125.802293] (-) TimerEvent: {}
[125.903112] (-) TimerEvent: {}
[126.003926] (-) TimerEvent: {}
[126.104716] (-) TimerEvent: {}
[126.205527] (-) TimerEvent: {}
[126.306325] (-) TimerEvent: {}
[126.407138] (-) TimerEvent: {}
[126.507956] (-) TimerEvent: {}
[126.608753] (-) TimerEvent: {}
[126.709556] (-) TimerEvent: {}
[126.810349] (-) TimerEvent: {}
[126.911169] (-) TimerEvent: {}
[127.012013] (-) TimerEvent: {}
[127.112856] (-) TimerEvent: {}
[127.204086] (rae_hw) StdoutLine: {'line': b'-- The CXX compiler identification is GNU 11.4.0\n'}
[127.212977] (-) TimerEvent: {}
[127.313752] (-) TimerEvent: {}
[127.349648] (rae_hw) StdoutLine: {'line': b'-- Detecting C compiler ABI info\n'}
[127.414111] (-) TimerEvent: {}
[127.514998] (-) TimerEvent: {}
[127.615800] (-) TimerEvent: {}
[127.716651] (-) TimerEvent: {}
[127.817501] (-) TimerEvent: {}
[127.918280] (-) TimerEvent: {}
[128.019056] (-) TimerEvent: {}
[128.119858] (-) TimerEvent: {}
[128.220721] (-) TimerEvent: {}
[128.322193] (-) TimerEvent: {}
[128.422992] (-) TimerEvent: {}
[128.523799] (-) TimerEvent: {}
[128.624588] (-) TimerEvent: {}
[128.725427] (-) TimerEvent: {}
[128.826270] (-) TimerEvent: {}
[128.927078] (-) TimerEvent: {}
[129.027873] (-) TimerEvent: {}
[129.128738] (-) TimerEvent: {}
[129.229593] (-) TimerEvent: {}
[129.330433] (-) TimerEvent: {}
[129.431258] (-) TimerEvent: {}
[129.532061] (-) TimerEvent: {}
[129.632887] (-) TimerEvent: {}
[129.733714] (-) TimerEvent: {}
[129.834509] (-) TimerEvent: {}
[129.935305] (-) TimerEvent: {}
[130.036123] (-) TimerEvent: {}
[130.136929] (-) TimerEvent: {}
[130.237755] (-) TimerEvent: {}
[130.307701] (rae_hw) StdoutLine: {'line': b'-- Detecting C compiler ABI info - done\n'}
[130.337889] (-) TimerEvent: {}
[130.438577] (-) TimerEvent: {}
[130.535188] (rae_hw) StdoutLine: {'line': b'-- Check for working C compiler: /usr/bin/cc - skipped\n'}
[130.537718] (rae_hw) StdoutLine: {'line': b'-- Detecting C compile features\n'}
[130.538709] (-) TimerEvent: {}
[130.543496] (rae_hw) StdoutLine: {'line': b'-- Detecting C compile features - done\n'}
[130.579680] (rae_hw) StdoutLine: {'line': b'-- Detecting CXX compiler ABI info\n'}
[130.639156] (-) TimerEvent: {}
[130.739975] (-) TimerEvent: {}
[130.840745] (-) TimerEvent: {}
[130.941564] (-) TimerEvent: {}
[131.042342] (-) TimerEvent: {}
[131.143134] (-) TimerEvent: {}
[131.243923] (-) TimerEvent: {}
[131.344714] (-) TimerEvent: {}
[131.445512] (-) TimerEvent: {}
[131.546302] (-) TimerEvent: {}
[131.647077] (-) TimerEvent: {}
[131.747897] (-) TimerEvent: {}
[131.848699] (-) TimerEvent: {}
[131.949498] (-) TimerEvent: {}
[132.050307] (-) TimerEvent: {}
[132.151085] (-) TimerEvent: {}
[132.251991] (-) TimerEvent: {}
[132.352786] (-) TimerEvent: {}
[132.453576] (-) TimerEvent: {}
[132.554360] (-) TimerEvent: {}
[132.655130] (-) TimerEvent: {}
[132.755898] (-) TimerEvent: {}
[132.856676] (-) TimerEvent: {}
[132.961597] (-) TimerEvent: {}
[132.996216] (rae_hw) StdoutLine: {'line': b'-- Detecting CXX compiler ABI info - done\n'}
[133.061897] (-) TimerEvent: {}
[133.162687] (-) TimerEvent: {}
[133.236144] (rae_hw) StdoutLine: {'line': b'-- Check for working CXX compiler: /usr/bin/c++ - skipped\n'}
[133.238634] (rae_hw) StdoutLine: {'line': b'-- Detecting CXX compile features\n'}
[133.245847] (rae_hw) StdoutLine: {'line': b'-- Detecting CXX compile features - done\n'}
[133.262791] (-) TimerEvent: {}
[133.308850] (rae_hw) StdoutLine: {'line': b'-- Found ament_cmake_auto: 1.3.5 (/opt/ros/humble/share/ament_cmake_auto/cmake)\n'}
[133.363248] (-) TimerEvent: {}
[133.464110] (-) TimerEvent: {}
[133.564914] (-) TimerEvent: {}
[133.665769] (-) TimerEvent: {}
[133.766600] (-) TimerEvent: {}
[133.867372] (-) TimerEvent: {}
[133.968151] (-) TimerEvent: {}
[134.068951] (-) TimerEvent: {}
[134.169770] (-) TimerEvent: {}
[134.270954] (-) TimerEvent: {}
[134.371745] (-) TimerEvent: {}
[134.472539] (-) TimerEvent: {}
[134.573364] (-) TimerEvent: {}
[134.674162] (-) TimerEvent: {}
[134.774941] (-) TimerEvent: {}
[134.875750] (-) TimerEvent: {}
[134.976601] (-) TimerEvent: {}
[135.077468] (-) TimerEvent: {}
[135.178331] (-) TimerEvent: {}
[135.279192] (-) TimerEvent: {}
[135.380022] (-) TimerEvent: {}
[135.480861] (-) TimerEvent: {}
[135.581686] (-) TimerEvent: {}
[135.682495] (-) TimerEvent: {}
[135.783305] (-) TimerEvent: {}
[135.884140] (-) TimerEvent: {}
[135.984998] (-) TimerEvent: {}
[136.085837] (-) TimerEvent: {}
[136.186686] (-) TimerEvent: {}
[136.287540] (-) TimerEvent: {}
[136.388410] (-) TimerEvent: {}
[136.489304] (-) TimerEvent: {}
[136.590097] (-) TimerEvent: {}
[136.690915] (-) TimerEvent: {}
[136.791757] (-) TimerEvent: {}
[136.892617] (-) TimerEvent: {}
[136.993557] (-) TimerEvent: {}
[137.094439] (-) TimerEvent: {}
[137.195293] (-) TimerEvent: {}
[137.296198] (-) TimerEvent: {}
[137.397159] (-) TimerEvent: {}
[137.498131] (-) TimerEvent: {}
[137.598956] (-) TimerEvent: {}
[137.699794] (-) TimerEvent: {}
[137.800661] (-) TimerEvent: {}
[137.901506] (-) TimerEvent: {}
[138.002334] (-) TimerEvent: {}
[138.103148] (-) TimerEvent: {}
[138.203982] (-) TimerEvent: {}
[138.304810] (-) TimerEvent: {}
[138.405659] (-) TimerEvent: {}
[138.506464] (-) TimerEvent: {}
[138.607267] (-) TimerEvent: {}
[138.708065] (-) TimerEvent: {}
[138.779168] (rae_hw) StdoutLine: {'line': b'-- Found Python3: /usr/bin/python3.10 (found version "3.10.12") found components: Interpreter \n'}
[138.808436] (-) TimerEvent: {}
[138.909279] (-) TimerEvent: {}
[139.010078] (-) TimerEvent: {}
[139.110910] (-) TimerEvent: {}
[139.211781] (-) TimerEvent: {}
[139.312684] (-) TimerEvent: {}
[139.413503] (-) TimerEvent: {}
[139.514323] (-) TimerEvent: {}
[139.615137] (-) TimerEvent: {}
[139.715913] (-) TimerEvent: {}
[139.816703] (-) TimerEvent: {}
[139.917492] (-) TimerEvent: {}
[140.029596] (-) TimerEvent: {}
[140.130372] (-) TimerEvent: {}
[140.231169] (-) TimerEvent: {}
[140.257497] (rae_hw) StdoutLine: {'line': b'-- Override CMake install command with custom implementation using symlinks instead of copying resources\n'}
[140.331516] (-) TimerEvent: {}
[140.432364] (-) TimerEvent: {}
[140.533153] (-) TimerEvent: {}
[140.633975] (-) TimerEvent: {}
[140.734799] (-) TimerEvent: {}
[140.835655] (-) TimerEvent: {}
[140.936524] (-) TimerEvent: {}
[141.037369] (-) TimerEvent: {}
[141.138180] (-) TimerEvent: {}
[141.239027] (-) TimerEvent: {}
[141.339864] (-) TimerEvent: {}
[141.440705] (-) TimerEvent: {}
[141.541554] (-) TimerEvent: {}
[141.642360] (-) TimerEvent: {}
[141.743154] (-) TimerEvent: {}
[141.843963] (-) TimerEvent: {}
[141.944803] (-) TimerEvent: {}
[142.045712] (-) TimerEvent: {}
[142.146626] (-) TimerEvent: {}
[142.247760] (-) TimerEvent: {}
[142.348713] (-) TimerEvent: {}
[142.449631] (-) TimerEvent: {}
[142.550492] (-) TimerEvent: {}
[142.651388] (-) TimerEvent: {}
[142.752316] (-) TimerEvent: {}
[142.853231] (-) TimerEvent: {}
[142.954086] (-) TimerEvent: {}
[143.054924] (-) TimerEvent: {}
[143.165699] (-) TimerEvent: {}
[143.193937] (rae_hw) StdoutLine: {'line': b'-- Found rosidl_generator_c: 3.1.5 (/opt/ros/humble/share/rosidl_generator_c/cmake)\n'}
[143.266101] (-) TimerEvent: {}
[143.307485] (rae_hw) StdoutLine: {'line': b'-- Found rosidl_adapter: 3.1.5 (/opt/ros/humble/share/rosidl_adapter/cmake)\n'}
[143.366489] (-) TimerEvent: {}
[143.466735] (rae_hw) StdoutLine: {'line': b'-- Found rosidl_generator_cpp: 3.1.5 (/opt/ros/humble/share/rosidl_generator_cpp/cmake)\n'}
[143.468977] (-) TimerEvent: {}
[143.569711] (-) TimerEvent: {}
[143.670523] (-) TimerEvent: {}
[143.730941] (rae_hw) StdoutLine: {'line': b'-- Using all available rosidl_typesupport_c: rosidl_typesupport_fastrtps_c;rosidl_typesupport_introspection_c\n'}
[143.770892] (-) TimerEvent: {}
[143.871670] (-) TimerEvent: {}
[143.972464] (-) TimerEvent: {}
[144.073300] (-) TimerEvent: {}
[144.174114] (-) TimerEvent: {}
[144.270841] (rae_hw) StdoutLine: {'line': b'-- Using all available rosidl_typesupport_cpp: rosidl_typesupport_fastrtps_cpp;rosidl_typesupport_introspection_cpp\n'}
[144.274274] (-) TimerEvent: {}
[144.375000] (-) TimerEvent: {}
[144.475873] (-) TimerEvent: {}
[144.576739] (-) TimerEvent: {}
[144.677600] (-) TimerEvent: {}
[144.778458] (-) TimerEvent: {}
[144.879323] (-) TimerEvent: {}
[144.980157] (-) TimerEvent: {}
[145.080975] (-) TimerEvent: {}
[145.181848] (-) TimerEvent: {}
[145.282699] (-) TimerEvent: {}
[145.383555] (-) TimerEvent: {}
[145.484388] (-) TimerEvent: {}
[145.585169] (-) TimerEvent: {}
[145.685959] (-) TimerEvent: {}
[145.786747] (-) TimerEvent: {}
[145.887538] (-) TimerEvent: {}
[145.988368] (-) TimerEvent: {}
[146.089153] (-) TimerEvent: {}
[146.189986] (-) TimerEvent: {}
[146.290776] (-) TimerEvent: {}
[146.391563] (-) TimerEvent: {}
[146.492356] (-) TimerEvent: {}
[146.593150] (-) TimerEvent: {}
[146.694004] (-) TimerEvent: {}
[146.794807] (-) TimerEvent: {}
[146.895588] (-) TimerEvent: {}
[146.996409] (-) TimerEvent: {}
[147.097243] (-) TimerEvent: {}
[147.198072] (-) TimerEvent: {}
[147.298922] (-) TimerEvent: {}
[147.399773] (-) TimerEvent: {}
[147.500647] (-) TimerEvent: {}
[147.601595] (-) TimerEvent: {}
[147.702538] (-) TimerEvent: {}
[147.803384] (-) TimerEvent: {}
[147.904199] (-) TimerEvent: {}
[148.005021] (-) TimerEvent: {}
[148.105843] (-) TimerEvent: {}
[148.206673] (-) TimerEvent: {}
[148.307530] (-) TimerEvent: {}
[148.417624] (-) TimerEvent: {}
[148.518471] (-) TimerEvent: {}
[148.619668] (-) TimerEvent: {}
[148.720484] (-) TimerEvent: {}
[148.821357] (-) TimerEvent: {}
[148.922159] (-) TimerEvent: {}
[149.022983] (-) TimerEvent: {}
[149.123831] (-) TimerEvent: {}
[149.224672] (-) TimerEvent: {}
[149.325501] (-) TimerEvent: {}
[149.426293] (-) TimerEvent: {}
[149.527070] (-) TimerEvent: {}
[149.627850] (-) TimerEvent: {}
[149.728638] (-) TimerEvent: {}
[149.829436] (-) TimerEvent: {}
[149.930258] (-) TimerEvent: {}
[150.031053] (-) TimerEvent: {}
[150.131833] (-) TimerEvent: {}
[150.232665] (-) TimerEvent: {}
[150.333526] (-) TimerEvent: {}
[150.434356] (-) TimerEvent: {}
[150.535245] (-) TimerEvent: {}
[150.636173] (-) TimerEvent: {}
[150.737072] (-) TimerEvent: {}
[150.837948] (-) TimerEvent: {}
[150.938820] (-) TimerEvent: {}
[151.039668] (-) TimerEvent: {}
[151.140523] (-) TimerEvent: {}
[151.241397] (-) TimerEvent: {}
[151.342260] (-) TimerEvent: {}
[151.443131] (-) TimerEvent: {}
[151.543992] (-) TimerEvent: {}
[151.644837] (-) TimerEvent: {}
[151.745713] (-) TimerEvent: {}
[151.846567] (-) TimerEvent: {}
[151.947424] (-) TimerEvent: {}
[152.048288] (-) TimerEvent: {}
[152.149163] (-) TimerEvent: {}
[152.250064] (-) TimerEvent: {}
[152.350896] (-) TimerEvent: {}
[152.451782] (-) TimerEvent: {}
[152.552689] (-) TimerEvent: {}
[152.653567] (-) TimerEvent: {}
[152.754430] (-) TimerEvent: {}
[152.855344] (-) TimerEvent: {}
[152.956304] (-) TimerEvent: {}
[153.057288] (-) TimerEvent: {}
[153.158212] (-) TimerEvent: {}
[153.259139] (-) TimerEvent: {}
[153.360101] (-) TimerEvent: {}
[153.461056] (-) TimerEvent: {}
[153.562023] (-) TimerEvent: {}
[153.663433] (-) TimerEvent: {}
[153.764376] (-) TimerEvent: {}
[153.865320] (-) TimerEvent: {}
[153.966218] (-) TimerEvent: {}
[154.067142] (-) TimerEvent: {}
[154.168053] (-) TimerEvent: {}
[154.268918] (-) TimerEvent: {}
[154.369873] (-) TimerEvent: {}
[154.470749] (-) TimerEvent: {}
[154.571626] (-) TimerEvent: {}
[154.672565] (-) TimerEvent: {}
[154.773559] (-) TimerEvent: {}
[154.874465] (-) TimerEvent: {}
[154.975384] (-) TimerEvent: {}
[155.076380] (-) TimerEvent: {}
[155.177342] (-) TimerEvent: {}
[155.278276] (-) TimerEvent: {}
[155.379202] (-) TimerEvent: {}
[155.480135] (-) TimerEvent: {}
[155.581084] (-) TimerEvent: {}
[155.682053] (-) TimerEvent: {}
[155.782986] (-) TimerEvent: {}
[155.883842] (-) TimerEvent: {}
[155.984686] (-) TimerEvent: {}
[156.085637] (-) TimerEvent: {}
[156.186564] (-) TimerEvent: {}
[156.287480] (-) TimerEvent: {}
[156.388400] (-) TimerEvent: {}
[156.489366] (-) TimerEvent: {}
[156.590331] (-) TimerEvent: {}
[156.691259] (-) TimerEvent: {}
[156.792166] (-) TimerEvent: {}
[156.893119] (-) TimerEvent: {}
[156.994097] (-) TimerEvent: {}
[157.095052] (-) TimerEvent: {}
[157.195989] (-) TimerEvent: {}
[157.296937] (-) TimerEvent: {}
[157.397872] (-) TimerEvent: {}
[157.498769] (-) TimerEvent: {}
[157.599629] (-) TimerEvent: {}
[157.700464] (-) TimerEvent: {}
[157.801372] (-) TimerEvent: {}
[157.902282] (-) TimerEvent: {}
[158.003216] (-) TimerEvent: {}
[158.104153] (-) TimerEvent: {}
[158.205078] (-) TimerEvent: {}
[158.306008] (-) TimerEvent: {}
[158.406951] (-) TimerEvent: {}
[158.507863] (-) TimerEvent: {}
[158.608806] (-) TimerEvent: {}
[158.710197] (-) TimerEvent: {}
[158.811114] (-) TimerEvent: {}
[158.912086] (-) TimerEvent: {}
[159.013028] (-) TimerEvent: {}
[159.025863] (rae_hw) StdoutLine: {'line': b'-- Found rmw_implementation_cmake: 6.1.1 (/opt/ros/humble/share/rmw_implementation_cmake/cmake)\n'}
[159.112952] (rae_hw) StdoutLine: {'line': b'-- Found rmw_fastrtps_cpp: 6.2.4 (/opt/ros/humble/share/rmw_fastrtps_cpp/cmake)\n'}
[159.114658] (-) TimerEvent: {}
[159.215406] (-) TimerEvent: {}
[159.316382] (-) TimerEvent: {}
[159.417362] (-) TimerEvent: {}
[159.518244] (-) TimerEvent: {}
[159.619126] (-) TimerEvent: {}
[159.720023] (-) TimerEvent: {}
[159.820923] (-) TimerEvent: {}
[159.921910] (-) TimerEvent: {}
[160.022850] (-) TimerEvent: {}
[160.123671] (-) TimerEvent: {}
[160.224539] (-) TimerEvent: {}
[160.325496] (-) TimerEvent: {}
[160.426383] (-) TimerEvent: {}
[160.527284] (-) TimerEvent: {}
[160.628221] (-) TimerEvent: {}
[160.729153] (-) TimerEvent: {}
[160.830118] (-) TimerEvent: {}
[160.931055] (-) TimerEvent: {}
[161.031997] (-) TimerEvent: {}
[161.132955] (-) TimerEvent: {}
[161.235049] (-) TimerEvent: {}
[161.335860] (-) TimerEvent: {}
[161.436693] (-) TimerEvent: {}
[161.537550] (-) TimerEvent: {}
[161.638380] (-) TimerEvent: {}
[161.739263] (-) TimerEvent: {}
[161.840191] (-) TimerEvent: {}
[161.941146] (-) TimerEvent: {}
[162.042105] (-) TimerEvent: {}
[162.142987] (-) TimerEvent: {}
[162.243937] (-) TimerEvent: {}
[162.326045] (rae_hw) StdoutLine: {'line': b'-- Found OpenSSL: /usr/lib/aarch64-linux-gnu/libcrypto.so (found version "3.0.2")  \n'}
[162.344223] (-) TimerEvent: {}
[162.445092] (-) TimerEvent: {}
[162.546039] (-) TimerEvent: {}
[162.646980] (-) TimerEvent: {}
[162.747925] (-) TimerEvent: {}
[162.764709] (rae_hw) StdoutLine: {'line': b'-- Found FastRTPS: /opt/ros/humble/include  \n'}
[162.848298] (-) TimerEvent: {}
[162.949264] (-) TimerEvent: {}
[163.050214] (-) TimerEvent: {}
[163.151098] (-) TimerEvent: {}
[163.251889] (-) TimerEvent: {}
[163.353668] (-) TimerEvent: {}
[163.454530] (-) TimerEvent: {}
[163.555387] (-) TimerEvent: {}
[163.562583] (rae_hw) StdoutLine: {'line': b"-- Using RMW implementation 'rmw_fastrtps_cpp' as default\n"}
[163.655761] (-) TimerEvent: {}
[163.757046] (-) TimerEvent: {}
[163.773651] (rae_hw) StdoutLine: {'line': b'-- Looking for pthread.h\n'}
[163.857450] (-) TimerEvent: {}
[163.958359] (-) TimerEvent: {}
[164.059282] (-) TimerEvent: {}
[164.160195] (-) TimerEvent: {}
[164.261129] (-) TimerEvent: {}
[164.362059] (-) TimerEvent: {}
[164.467435] (-) TimerEvent: {}
[164.568350] (-) TimerEvent: {}
[164.669272] (-) TimerEvent: {}
[164.770212] (-) TimerEvent: {}
[164.871156] (-) TimerEvent: {}
[164.972098] (-) TimerEvent: {}
[165.073066] (-) TimerEvent: {}
[165.174054] (-) TimerEvent: {}
[165.275024] (-) TimerEvent: {}
[165.375957] (-) TimerEvent: {}
[165.480399] (-) TimerEvent: {}
[165.581363] (-) TimerEvent: {}
[165.682285] (-) TimerEvent: {}
[165.783149] (-) TimerEvent: {}
[165.884047] (-) TimerEvent: {}
[165.984929] (-) TimerEvent: {}
[166.085842] (-) TimerEvent: {}
[166.186720] (-) TimerEvent: {}
[166.287577] (-) TimerEvent: {}
[166.388496] (-) TimerEvent: {}
[166.489431] (-) TimerEvent: {}
[166.609627] (-) TimerEvent: {}
[166.696620] (rae_hw) StdoutLine: {'line': b'-- Looking for pthread.h - found\n'}
[166.699391] (rae_hw) StdoutLine: {'line': b'-- Performing Test CMAKE_HAVE_LIBC_PTHREAD\n'}
[166.709999] (-) TimerEvent: {}
[166.810883] (-) TimerEvent: {}
[166.911790] (-) TimerEvent: {}
[167.012707] (-) TimerEvent: {}
[167.113609] (-) TimerEvent: {}
[167.214464] (-) TimerEvent: {}
[167.315371] (-) TimerEvent: {}
[167.416323] (-) TimerEvent: {}
[167.517234] (-) TimerEvent: {}
[167.618131] (-) TimerEvent: {}
[167.719033] (-) TimerEvent: {}
[167.819918] (-) TimerEvent: {}
[167.920857] (-) TimerEvent: {}
[168.021823] (-) TimerEvent: {}
[168.122729] (-) TimerEvent: {}
[168.223633] (-) TimerEvent: {}
[168.324520] (-) TimerEvent: {}
[168.425394] (-) TimerEvent: {}
[168.526214] (-) TimerEvent: {}
[168.627099] (-) TimerEvent: {}
[168.728046] (-) TimerEvent: {}
[168.828962] (-) TimerEvent: {}
[168.929896] (-) TimerEvent: {}
[169.030842] (-) TimerEvent: {}
[169.131800] (-) TimerEvent: {}
[169.232762] (-) TimerEvent: {}
[169.333716] (-) TimerEvent: {}
[169.434638] (-) TimerEvent: {}
[169.535576] (-) TimerEvent: {}
[169.636504] (-) TimerEvent: {}
[169.737423] (-) TimerEvent: {}
[169.845943] (-) TimerEvent: {}
[169.946788] (-) TimerEvent: {}
[170.047732] (-) TimerEvent: {}
[170.124997] (rae_hw) StdoutLine: {'line': b'-- Performing Test CMAKE_HAVE_LIBC_PTHREAD - Success\n'}
[170.135895] (rae_hw) StdoutLine: {'line': b'-- Found Threads: TRUE  \n'}
[170.148125] (-) TimerEvent: {}
[170.249031] (-) TimerEvent: {}
[170.349912] (-) TimerEvent: {}
[170.450793] (-) TimerEvent: {}
[170.551703] (-) TimerEvent: {}
[170.652601] (-) TimerEvent: {}
[170.753522] (-) TimerEvent: {}
[170.854401] (-) TimerEvent: {}
[170.955315] (-) TimerEvent: {}
[171.056213] (-) TimerEvent: {}
[171.157077] (-) TimerEvent: {}
[171.257946] (-) TimerEvent: {}
[171.358808] (-) TimerEvent: {}
[171.459680] (-) TimerEvent: {}
[171.560591] (-) TimerEvent: {}
[171.661578] (-) TimerEvent: {}
[171.762567] (-) TimerEvent: {}
[171.863491] (-) TimerEvent: {}
[171.973632] (-) TimerEvent: {}
[172.074540] (-) TimerEvent: {}
[172.175456] (-) TimerEvent: {}
[172.276381] (-) TimerEvent: {}
[172.377384] (-) TimerEvent: {}
[172.478338] (-) TimerEvent: {}
[172.579254] (-) TimerEvent: {}
[172.680133] (-) TimerEvent: {}
[172.781065] (-) TimerEvent: {}
[172.882033] (-) TimerEvent: {}
[172.982970] (-) TimerEvent: {}
[173.083937] (-) TimerEvent: {}
[173.184867] (-) TimerEvent: {}
[173.285784] (-) TimerEvent: {}
[173.386699] (-) TimerEvent: {}
[173.487597] (-) TimerEvent: {}
[173.588497] (-) TimerEvent: {}
[173.689409] (-) TimerEvent: {}
[173.790345] (-) TimerEvent: {}
[173.891277] (-) TimerEvent: {}
[173.992208] (-) TimerEvent: {}
[174.101601] (-) TimerEvent: {}
[174.202494] (-) TimerEvent: {}
[174.303446] (-) TimerEvent: {}
[174.404385] (-) TimerEvent: {}
[174.505362] (-) TimerEvent: {}
[174.606297] (-) TimerEvent: {}
[174.707234] (-) TimerEvent: {}
[174.808149] (-) TimerEvent: {}
[174.909069] (-) TimerEvent: {}
[175.010017] (-) TimerEvent: {}
[175.110961] (-) TimerEvent: {}
[175.211854] (-) TimerEvent: {}
[175.312722] (-) TimerEvent: {}
[175.413588] (-) TimerEvent: {}
[175.514424] (-) TimerEvent: {}
[175.615291] (-) TimerEvent: {}
[175.716200] (-) TimerEvent: {}
[175.817083] (-) TimerEvent: {}
[175.917978] (-) TimerEvent: {}
[176.018826] (-) TimerEvent: {}
[176.119652] (-) TimerEvent: {}
[176.220456] (-) TimerEvent: {}
[176.321300] (-) TimerEvent: {}
[176.422145] (-) TimerEvent: {}
[176.523063] (-) TimerEvent: {}
[176.623985] (-) TimerEvent: {}
[176.724913] (-) TimerEvent: {}
[176.825844] (-) TimerEvent: {}
[176.926739] (-) TimerEvent: {}
[177.027667] (-) TimerEvent: {}
[177.128624] (-) TimerEvent: {}
[177.229577] (-) TimerEvent: {}
[177.337653] (-) TimerEvent: {}
[177.438589] (-) TimerEvent: {}
[177.539473] (-) TimerEvent: {}
[177.640414] (-) TimerEvent: {}
[177.741406] (-) TimerEvent: {}
[177.842361] (-) TimerEvent: {}
[177.943273] (-) TimerEvent: {}
[178.044216] (-) TimerEvent: {}
[178.145202] (-) TimerEvent: {}
[178.246156] (-) TimerEvent: {}
[178.347087] (-) TimerEvent: {}
[178.448026] (-) TimerEvent: {}
[178.548981] (-) TimerEvent: {}
[178.649959] (-) TimerEvent: {}
[178.750929] (-) TimerEvent: {}
[178.851894] (-) TimerEvent: {}
[178.952864] (-) TimerEvent: {}
[179.054262] (-) TimerEvent: {}
[179.155228] (-) TimerEvent: {}
[179.256194] (-) TimerEvent: {}
[179.357160] (-) TimerEvent: {}
[179.458142] (-) TimerEvent: {}
[179.559079] (-) TimerEvent: {}
[179.660003] (-) TimerEvent: {}
[179.760918] (-) TimerEvent: {}
[179.861906] (-) TimerEvent: {}
[179.962829] (-) TimerEvent: {}
[180.063760] (-) TimerEvent: {}
[180.164684] (-) TimerEvent: {}
[180.265657] (-) TimerEvent: {}
[180.366557] (-) TimerEvent: {}
[180.467511] (-) TimerEvent: {}
[180.568450] (-) TimerEvent: {}
[180.669335] (-) TimerEvent: {}
[180.770241] (-) TimerEvent: {}
[180.871160] (-) TimerEvent: {}
[180.972124] (-) TimerEvent: {}
[181.073076] (-) TimerEvent: {}
[181.174038] (-) TimerEvent: {}
[181.274999] (-) TimerEvent: {}
[181.375950] (-) TimerEvent: {}
[181.476916] (-) TimerEvent: {}
[181.577884] (-) TimerEvent: {}
[181.678740] (-) TimerEvent: {}
[181.779627] (-) TimerEvent: {}
[181.880550] (-) TimerEvent: {}
[181.981531] (-) TimerEvent: {}
[182.082432] (-) TimerEvent: {}
[182.183356] (-) TimerEvent: {}
[182.284279] (-) TimerEvent: {}
[182.385244] (-) TimerEvent: {}
[182.486126] (-) TimerEvent: {}
[182.587039] (-) TimerEvent: {}
[182.687987] (-) TimerEvent: {}
[182.788894] (-) TimerEvent: {}
[182.889776] (-) TimerEvent: {}
[182.990650] (-) TimerEvent: {}
[183.091540] (-) TimerEvent: {}
[183.192427] (-) TimerEvent: {}
[183.293352] (-) TimerEvent: {}
[183.394237] (-) TimerEvent: {}
[183.495103] (-) TimerEvent: {}
[183.596016] (-) TimerEvent: {}
[183.696965] (-) TimerEvent: {}
[183.797963] (-) TimerEvent: {}
[183.898910] (-) TimerEvent: {}
[183.999826] (-) TimerEvent: {}
[184.101174] (-) TimerEvent: {}
[184.202031] (-) TimerEvent: {}
[184.303006] (-) TimerEvent: {}
[184.404023] (-) TimerEvent: {}
[184.505020] (-) TimerEvent: {}
[184.606007] (-) TimerEvent: {}
[184.706922] (-) TimerEvent: {}
[184.807847] (-) TimerEvent: {}
[184.917599] (-) TimerEvent: {}
[185.018538] (-) TimerEvent: {}
[185.119417] (-) TimerEvent: {}
[185.209883] (rae_hw) StdoutLine: {'line': b'-- Found parameter_traits: 0.3.6 (/opt/ros/humble/share/parameter_traits/cmake)\n'}
[185.219726] (-) TimerEvent: {}
[185.320618] (-) TimerEvent: {}
[185.421598] (-) TimerEvent: {}
[185.522501] (-) TimerEvent: {}
[185.623422] (-) TimerEvent: {}
[185.724361] (-) TimerEvent: {}
[185.825313] (-) TimerEvent: {}
[185.926257] (-) TimerEvent: {}
[186.037663] (-) TimerEvent: {}
[186.138563] (-) TimerEvent: {}
[186.239474] (-) TimerEvent: {}
[186.340408] (-) TimerEvent: {}
[186.441343] (-) TimerEvent: {}
[186.542300] (-) TimerEvent: {}
[186.643242] (-) TimerEvent: {}
[186.744192] (-) TimerEvent: {}
[186.845140] (-) TimerEvent: {}
[186.946124] (-) TimerEvent: {}
[187.057668] (-) TimerEvent: {}
[187.158596] (-) TimerEvent: {}
[187.259531] (-) TimerEvent: {}
[187.360444] (-) TimerEvent: {}
[187.461350] (-) TimerEvent: {}
[187.562283] (-) TimerEvent: {}
[187.663223] (-) TimerEvent: {}
[187.764143] (-) TimerEvent: {}
[187.865049] (-) TimerEvent: {}
[187.965975] (-) TimerEvent: {}
[188.066906] (-) TimerEvent: {}
[188.173573] (-) TimerEvent: {}
[188.274381] (-) TimerEvent: {}
[188.375258] (-) TimerEvent: {}
[188.476091] (-) TimerEvent: {}
[188.576967] (-) TimerEvent: {}
[188.677865] (-) TimerEvent: {}
[188.778762] (-) TimerEvent: {}
[188.879644] (-) TimerEvent: {}
[188.980516] (-) TimerEvent: {}
[189.081436] (-) TimerEvent: {}
[189.182714] (-) TimerEvent: {}
[189.283565] (-) TimerEvent: {}
[189.384434] (-) TimerEvent: {}
[189.485517] (-) TimerEvent: {}
[189.586476] (-) TimerEvent: {}
[189.687405] (-) TimerEvent: {}
[189.788311] (-) TimerEvent: {}
[189.889251] (-) TimerEvent: {}
[189.990199] (-) TimerEvent: {}
[190.091102] (-) TimerEvent: {}
[190.192001] (-) TimerEvent: {}
[190.292961] (-) TimerEvent: {}
[190.393911] (-) TimerEvent: {}
[190.494851] (-) TimerEvent: {}
[190.595783] (-) TimerEvent: {}
[190.696760] (-) TimerEvent: {}
[190.797737] (-) TimerEvent: {}
[190.898662] (-) TimerEvent: {}
[190.999537] (-) TimerEvent: {}
[191.100425] (-) TimerEvent: {}
[191.201317] (-) TimerEvent: {}
[191.302225] (-) TimerEvent: {}
[191.403036] (-) TimerEvent: {}
[191.503920] (-) TimerEvent: {}
[191.604841] (-) TimerEvent: {}
[191.706733] (-) TimerEvent: {}
[191.807613] (-) TimerEvent: {}
[191.908500] (-) TimerEvent: {}
[192.009413] (-) TimerEvent: {}
[192.110336] (-) TimerEvent: {}
[192.211263] (-) TimerEvent: {}
[192.312178] (-) TimerEvent: {}
[192.413127] (-) TimerEvent: {}
[192.514259] (-) TimerEvent: {}
[192.615195] (-) TimerEvent: {}
[192.716128] (-) TimerEvent: {}
[192.817081] (-) TimerEvent: {}
[192.918055] (-) TimerEvent: {}
[193.018966] (-) TimerEvent: {}
[193.119894] (-) TimerEvent: {}
[193.220827] (-) TimerEvent: {}
[193.321776] (-) TimerEvent: {}
[193.422669] (-) TimerEvent: {}
[193.523569] (-) TimerEvent: {}
[193.637086] (-) TimerEvent: {}
[193.737992] (-) TimerEvent: {}
[193.838884] (-) TimerEvent: {}
[193.939767] (-) TimerEvent: {}
[194.040684] (-) TimerEvent: {}
[194.141663] (-) TimerEvent: {}
[194.242954] (-) TimerEvent: {}
[194.343865] (-) TimerEvent: {}
[194.444787] (-) TimerEvent: {}
[194.545729] (-) TimerEvent: {}
[194.646623] (-) TimerEvent: {}
[194.747491] (-) TimerEvent: {}
[194.848436] (-) TimerEvent: {}
[194.949362] (-) TimerEvent: {}
[195.050298] (-) TimerEvent: {}
[195.151196] (-) TimerEvent: {}
[195.252099] (-) TimerEvent: {}
[195.353011] (-) TimerEvent: {}
[195.453951] (-) TimerEvent: {}
[195.554904] (-) TimerEvent: {}
[195.655828] (-) TimerEvent: {}
[195.765587] (-) TimerEvent: {}
[195.866463] (-) TimerEvent: {}
[195.967354] (-) TimerEvent: {}
[196.068284] (-) TimerEvent: {}
[196.169296] (-) TimerEvent: {}
[196.270245] (-) TimerEvent: {}
[196.371134] (-) TimerEvent: {}
[196.472087] (-) TimerEvent: {}
[196.573030] (-) TimerEvent: {}
[196.673970] (-) TimerEvent: {}
[196.774900] (-) TimerEvent: {}
[196.875691] (-) TimerEvent: {}
[196.976501] (-) TimerEvent: {}
[197.077349] (-) TimerEvent: {}
[197.178265] (-) TimerEvent: {}
[197.279247] (-) TimerEvent: {}
[197.380137] (-) TimerEvent: {}
[197.480956] (-) TimerEvent: {}
[197.581772] (-) TimerEvent: {}
[197.684251] (-) TimerEvent: {}
[197.785065] (-) TimerEvent: {}
[197.885897] (-) TimerEvent: {}
[197.986683] (-) TimerEvent: {}
[198.087463] (-) TimerEvent: {}
[198.188296] (-) TimerEvent: {}
[198.289110] (-) TimerEvent: {}
[198.390001] (-) TimerEvent: {}
[198.490944] (-) TimerEvent: {}
[198.591859] (-) TimerEvent: {}
[198.692795] (-) TimerEvent: {}
[198.793722] (-) TimerEvent: {}
[198.894662] (-) TimerEvent: {}
[198.995578] (-) TimerEvent: {}
[199.113269] (-) TimerEvent: {}
[199.214190] (-) TimerEvent: {}
[199.315114] (-) TimerEvent: {}
[199.416054] (-) TimerEvent: {}
[199.516970] (-) TimerEvent: {}
[199.617881] (-) TimerEvent: {}
[199.718817] (-) TimerEvent: {}
[199.819723] (-) TimerEvent: {}
[199.920696] (-) TimerEvent: {}
[200.021640] (-) TimerEvent: {}
[200.122487] (-) TimerEvent: {}
[200.223264] (-) TimerEvent: {}
[200.324083] (-) TimerEvent: {}
[200.424876] (-) TimerEvent: {}
[200.525750] (-) TimerEvent: {}
[200.626704] (-) TimerEvent: {}
[200.727668] (-) TimerEvent: {}
[200.828602] (-) TimerEvent: {}
[200.929536] (-) TimerEvent: {}
[201.030431] (-) TimerEvent: {}
[201.131342] (-) TimerEvent: {}
[201.232194] (-) TimerEvent: {}
[201.333110] (-) TimerEvent: {}
[201.434096] (-) TimerEvent: {}
[201.535013] (-) TimerEvent: {}
[201.635895] (-) TimerEvent: {}
[201.736761] (-) TimerEvent: {}
[201.837615] (-) TimerEvent: {}
[201.938499] (-) TimerEvent: {}
[202.039400] (-) TimerEvent: {}
[202.140296] (-) TimerEvent: {}
[202.241174] (-) TimerEvent: {}
[202.342042] (-) TimerEvent: {}
[202.442900] (-) TimerEvent: {}
[202.543811] (-) TimerEvent: {}
[202.640228] (rae_hw) StdoutLine: {'line': b'-- Found ALSA: /usr/lib/aarch64-linux-gnu/libasound.so (found version "1.2.6.1") \n'}
[202.643949] (-) TimerEvent: {}
[202.720306] (rae_hw) StdoutLine: {'line': b'-- Found PkgConfig: /usr/bin/pkg-config (found version "0.29.2") \n'}
[202.732609] (rae_hw) StdoutLine: {'line': b"-- Checking for module 'libmpg123'\n"}
[202.744274] (-) TimerEvent: {}
[202.845093] (-) TimerEvent: {}
[202.946023] (-) TimerEvent: {}
[203.046977] (-) TimerEvent: {}
[203.147994] (-) TimerEvent: {}
[203.193961] (rae_hw) StdoutLine: {'line': b'--   Found libmpg123, version 1.29.3\n'}
[203.248313] (-) TimerEvent: {}
[203.349169] (-) TimerEvent: {}
[203.450073] (-) TimerEvent: {}
[203.550919] (-) TimerEvent: {}
[203.651813] (-) TimerEvent: {}
[203.752776] (-) TimerEvent: {}
[203.853740] (-) TimerEvent: {}
[203.954667] (-) TimerEvent: {}
[204.055579] (-) TimerEvent: {}
[204.156513] (-) TimerEvent: {}
[204.257460] (-) TimerEvent: {}
[204.365631] (-) TimerEvent: {}
[204.466541] (-) TimerEvent: {}
[204.567404] (-) TimerEvent: {}
[204.668355] (-) TimerEvent: {}
[204.767154] (rae_hw) StdoutLine: {'line': b"-- Checking for module 'gstreamer-1.0'\n"}
[204.768476] (-) TimerEvent: {}
[204.869269] (-) TimerEvent: {}
[204.970237] (-) TimerEvent: {}
[205.071161] (-) TimerEvent: {}
[205.172094] (-) TimerEvent: {}
[205.272934] (-) TimerEvent: {}
[205.373799] (-) TimerEvent: {}
[205.474693] (-) TimerEvent: {}
[205.518527] (rae_hw) StdoutLine: {'line': b'--   Found gstreamer-1.0, version 1.20.3\n'}
[205.575132] (-) TimerEvent: {}
[205.676056] (-) TimerEvent: {}
[205.776953] (-) TimerEvent: {}
[205.877918] (-) TimerEvent: {}
[205.978842] (-) TimerEvent: {}
[206.079748] (-) TimerEvent: {}
[206.180633] (-) TimerEvent: {}
[206.281575] (-) TimerEvent: {}
[206.382506] (-) TimerEvent: {}
[206.483417] (-) TimerEvent: {}
[206.584364] (-) TimerEvent: {}
[206.685305] (-) TimerEvent: {}
[206.786221] (-) TimerEvent: {}
[206.887144] (-) TimerEvent: {}
[206.988104] (-) TimerEvent: {}
[207.089068] (-) TimerEvent: {}
[207.190053] (-) TimerEvent: {}
[207.290967] (-) TimerEvent: {}
[207.391870] (-) TimerEvent: {}
[207.492797] (-) TimerEvent: {}
[207.593742] (-) TimerEvent: {}
[207.695673] (-) TimerEvent: {}
[207.796625] (-) TimerEvent: {}
[207.897593] (-) TimerEvent: {}
[207.998523] (-) TimerEvent: {}
[208.099494] (-) TimerEvent: {}
[208.200441] (-) TimerEvent: {}
[208.301382] (-) TimerEvent: {}
[208.402337] (-) TimerEvent: {}
[208.503296] (-) TimerEvent: {}
[208.604252] (-) TimerEvent: {}
[208.705221] (-) TimerEvent: {}
[208.806185] (-) TimerEvent: {}
[208.915776] (-) TimerEvent: {}
[209.016684] (-) TimerEvent: {}
[209.117657] (-) TimerEvent: {}
[209.218614] (-) TimerEvent: {}
[209.319534] (-) TimerEvent: {}
[209.420452] (-) TimerEvent: {}
[209.521431] (-) TimerEvent: {}
[209.622370] (-) TimerEvent: {}
[209.723310] (-) TimerEvent: {}
[209.824245] (-) TimerEvent: {}
[209.925180] (-) TimerEvent: {}
[210.026093] (-) TimerEvent: {}
[210.126942] (-) TimerEvent: {}
[210.227823] (-) TimerEvent: {}
[210.328713] (-) TimerEvent: {}
[210.429662] (-) TimerEvent: {}
[210.530624] (-) TimerEvent: {}
[210.631581] (-) TimerEvent: {}
[210.732494] (-) TimerEvent: {}
[210.833461] (-) TimerEvent: {}
[210.934393] (-) TimerEvent: {}
[211.035331] (-) TimerEvent: {}
[211.136220] (-) TimerEvent: {}
[211.237082] (-) TimerEvent: {}
[211.337927] (-) TimerEvent: {}
[211.438720] (-) TimerEvent: {}
[211.539551] (-) TimerEvent: {}
[211.640416] (-) TimerEvent: {}
[211.741384] (-) TimerEvent: {}
[211.842208] (-) TimerEvent: {}
[211.943040] (-) TimerEvent: {}
[212.043936] (-) TimerEvent: {}
[212.144880] (-) TimerEvent: {}
[212.245882] (-) TimerEvent: {}
[212.346863] (-) TimerEvent: {}
[212.447795] (-) TimerEvent: {}
[212.548698] (-) TimerEvent: {}
[212.649599] (-) TimerEvent: {}
[212.750493] (-) TimerEvent: {}
[212.851360] (-) TimerEvent: {}
[212.952278] (-) TimerEvent: {}
[213.053234] (-) TimerEvent: {}
[213.154169] (-) TimerEvent: {}
[213.255091] (-) TimerEvent: {}
[213.356009] (-) TimerEvent: {}
[213.456989] (-) TimerEvent: {}
[213.557954] (-) TimerEvent: {}
[213.658895] (-) TimerEvent: {}
[213.759794] (-) TimerEvent: {}
[213.860743] (-) TimerEvent: {}
[213.961700] (-) TimerEvent: {}
[214.062604] (-) TimerEvent: {}
[214.163559] (-) TimerEvent: {}
[214.264456] (-) TimerEvent: {}
[214.326213] (rae_hw) StdoutLine: {'line': b'-- Found ament_lint_auto: 0.12.8 (/opt/ros/humble/share/ament_lint_auto/cmake)\n'}
[214.364815] (-) TimerEvent: {}
[214.469625] (-) TimerEvent: {}
[214.570491] (-) TimerEvent: {}
[214.671355] (-) TimerEvent: {}
[214.772286] (-) TimerEvent: {}
[214.873224] (-) TimerEvent: {}
[214.974147] (-) TimerEvent: {}
[215.075098] (-) TimerEvent: {}
[215.176083] (-) TimerEvent: {}
[215.277054] (-) TimerEvent: {}
[215.378040] (-) TimerEvent: {}
[215.478952] (-) TimerEvent: {}
[215.579784] (-) TimerEvent: {}
[215.680622] (-) TimerEvent: {}
[215.781577] (-) TimerEvent: {}
[215.882502] (-) TimerEvent: {}
[215.975682] (rae_hw) StdoutLine: {'line': b"-- Added test 'cppcheck' to perform static code analysis on C / C++ code\n"}
[215.982688] (-) TimerEvent: {}
[216.012942] (rae_hw) StdoutLine: {'line': b'-- Configured cppcheck include dirs: /ws/src/rae-ros/rae_hw/include\n'}
[216.014400] (rae_hw) StdoutLine: {'line': b'-- Configured cppcheck exclude dirs and/or files: \n'}
[216.024829] (rae_hw) StdoutLine: {'line': b"-- Added test 'flake8' to check Python code syntax and style conventions\n"}
[216.037226] (rae_hw) StdoutLine: {'line': b"-- Added test 'lint_cmake' to check CMake code style\n"}
[216.048173] (rae_hw) StdoutLine: {'line': b"-- Added test 'pep257' to check Python code against some of the docstring style conventions in PEP 257\n"}
[216.070179] (rae_hw) StdoutLine: {'line': b"-- Added test 'uncrustify' to check C / C++ code style\n"}
[216.072500] (rae_hw) StdoutLine: {'line': b'-- Configured uncrustify additional arguments: \n'}
[216.082143] (rae_hw) StdoutLine: {'line': b"-- Added test 'xmllint' to check XML markup files\n"}
[216.083317] (-) TimerEvent: {}
[216.119109] (rae_hw) StdoutLine: {'line': b'-- Configuring done\n'}
[216.183809] (-) TimerEvent: {}
[216.284693] (-) TimerEvent: {}
[216.385600] (-) TimerEvent: {}
[216.486523] (-) TimerEvent: {}
[216.587476] (-) TimerEvent: {}
[216.688463] (-) TimerEvent: {}
[216.789460] (-) TimerEvent: {}
[216.890416] (-) TimerEvent: {}
[216.991386] (-) TimerEvent: {}
[217.092374] (-) TimerEvent: {}
[217.193363] (-) TimerEvent: {}
[217.294314] (-) TimerEvent: {}
[217.395288] (-) TimerEvent: {}
[217.496163] (-) TimerEvent: {}
[217.597063] (-) TimerEvent: {}
[217.638657] (rae_hw) StdoutLine: {'line': b'-- Generating done\n'}
[217.676428] (rae_hw) StdoutLine: {'line': b'-- Build files have been written to: /ws/build/rae_hw\n'}
[217.697507] (-) TimerEvent: {}
[217.798403] (-) TimerEvent: {}
[217.854593] (rae_hw) CommandEnded: {'returncode': 0}
[217.870566] (rae_hw) JobProgress: {'identifier': 'rae_hw', 'progress': 'build'}
[217.871047] (rae_hw) Command: {'cmd': ['/usr/bin/cmake', '--build', '/ws/build/rae_hw', '--', '-j4', '-l4'], 'cwd': '/ws/build/rae_hw', 'env': OrderedDict([('CMAKE_PREFIX_PATH', '/ws/install/rae_msgs:/underlay_ws/install/nav_layer_from_points:/underlay_ws/install/laserscan_kinect:/underlay_ws/install/ira_laser_tools:/underlay_ws/install/gst_bridge:/underlay_ws/install/depthai-ros:/underlay_ws/install/depthai_ros_driver:/underlay_ws/install/depthai_filters:/underlay_ws/install/depthai_examples:/underlay_ws/install/depthai_bridge:/underlay_ws/install/depthai_ros_msgs:/underlay_ws/install/depthai_descriptions:/underlay_ws/install/depth_sensor_pose:/underlay_ws/install/cliff_detector:/underlay_ws/install/audio_msgs:/underlay_ws/install/gst_pipeline:/opt/ros/humble'), ('OTEL_TRACES_EXPORTER', 'otlp'), ('COLCON', '1'), ('PYTHONPATH', '/ws/install/rae_msgs/local/lib/python3.10/dist-packages:/underlay_ws/build/gst_pipeline:/underlay_ws/install/gst_pipeline/lib/python3.10/site-packages:/underlay_ws/install/depthai_ros_driver/local/lib/python3.10/dist-packages:/underlay_ws/install/depthai_ros_msgs/local/lib/python3.10/dist-packages:/underlay_ws/install/audio_msgs/local/lib/python3.10/dist-packages:/opt/ros/humble/lib/python3.10/site-packages:/opt/ros/humble/local/lib/python3.10/dist-packages'), ('PWD', '/ws/build/rae_hw'), ('LC_ALL', 'C.UTF-8'), ('CORE_NUM', '1'), ('AMENT_PREFIX_PATH', '/ws/install/rae_msgs:/underlay_ws/install/nav_layer_from_points:/underlay_ws/install/laserscan_kinect:/underlay_ws/install/ira_laser_tools:/underlay_ws/install/gst_pipeline:/underlay_ws/install/gst_bridge:/underlay_ws/install/depthai-ros:/underlay_ws/install/depthai_ros_driver:/underlay_ws/install/depthai_filters:/underlay_ws/install/depthai_examples:/underlay_ws/install/depthai_bridge:/underlay_ws/install/depthai_ros_msgs:/underlay_ws/install/depthai_descriptions:/underlay_ws/install/depth_sensor_pose:/underlay_ws/install/cliff_detector:/underlay_ws/install/audio_msgs:/opt/ros/humble'), ('DEBIAN_FRONTEND', 'noninteractive'), ('LANG', 'C.UTF-8'), ('OTEL_EXPORTER_OTLP_TRACES_ENDPOINT', 'unix:///dev/otel-grpc.sock'), ('TRACEPARENT', '00-a325a00a556cc4a91e6d856ce0600ab1-77458a73ef04520e-01'), ('PATH', '/opt/ros/humble/bin:/usr/local/sbin:/usr/local/bin:/usr/sbin:/usr/bin:/sbin:/bin'), ('ROS_LOCALHOST_ONLY', '0'), ('ROS_VERSION', '2'), ('COLCON_PREFIX_PATH', '/underlay_ws/install'), ('ROS_DISTRO', 'humble'), ('UNDERLAY_WS', '/underlay_ws'), ('OTEL_TRACE_PARENT', '00-a325a00a556cc4a91e6d856ce0600ab1-77458a73ef04520e-01'), ('ROS_PYTHON_VERSION', '3'), ('BUILD_TYPE', 'RelWithDebInfo'), ('OLDPWD', '/'), ('HOME', '/root'), ('LD_LIBRARY_PATH', '/ws/install/rae_msgs/lib:/underlay_ws/install/nav_layer_from_points/lib:/underlay_ws/install/laserscan_kinect/lib:/underlay_ws/install/ira_laser_tools/lib:/underlay_ws/install/gst_bridge/lib:/underlay_ws/install/depthai_ros_driver/lib:/underlay_ws/install/depthai_filters/lib:/underlay_ws/install/depthai_bridge/lib:/underlay_ws/install/depthai_ros_msgs/lib:/underlay_ws/install/depth_sensor_pose/lib:/underlay_ws/install/cliff_detector/lib:/underlay_ws/install/audio_msgs/lib:/opt/ros/humble/opt/rviz_ogre_vendor/lib:/opt/ros/humble/lib/aarch64-linux-gnu:/opt/ros/humble/lib'), ('WS', '/ws'), ('OTEL_EXPORTER_OTLP_TRACES_PROTOCOL', 'grpc'), ('SIM', '0')]), 'shell': False}
[217.899159] (-) TimerEvent: {}
[218.000190] (-) TimerEvent: {}
[218.101116] (-) TimerEvent: {}
[218.202000] (-) TimerEvent: {}
[218.302822] (-) TimerEvent: {}
[218.403668] (-) TimerEvent: {}
[218.504513] (-) TimerEvent: {}
[218.605423] (-) TimerEvent: {}
[218.706359] (-) TimerEvent: {}
[218.807312] (-) TimerEvent: {}
[218.908280] (-) TimerEvent: {}
[219.009277] (-) TimerEvent: {}
[219.110238] (-) TimerEvent: {}
[219.211205] (-) TimerEvent: {}
[219.312201] (-) TimerEvent: {}
[219.413165] (-) TimerEvent: {}
[219.514156] (-) TimerEvent: {}
[219.615117] (-) TimerEvent: {}
[219.716053] (-) TimerEvent: {}
[219.739948] (rae_hw) StdoutLine: {'line': b'[  4%] Building CXX object CMakeFiles/rae_hw.dir/src/rae_hw.cpp.o\n'}
[219.816471] (-) TimerEvent: {}
[219.917312] (-) TimerEvent: {}
[220.018207] (-) TimerEvent: {}
[220.119149] (-) TimerEvent: {}
[220.220077] (-) TimerEvent: {}
[220.321013] (-) TimerEvent: {}
[220.421992] (-) TimerEvent: {}
[220.522957] (-) TimerEvent: {}
[220.623914] (-) TimerEvent: {}
[220.724862] (-) TimerEvent: {}
[220.825780] (-) TimerEvent: {}
[220.926668] (-) TimerEvent: {}
[221.027617] (-) TimerEvent: {}
[221.128552] (-) TimerEvent: {}
[221.229508] (-) TimerEvent: {}
[221.330470] (-) TimerEvent: {}
[221.431397] (-) TimerEvent: {}
[221.532315] (-) TimerEvent: {}
[221.633222] (-) TimerEvent: {}
[221.734564] (-) TimerEvent: {}
[221.835462] (-) TimerEvent: {}
[221.936406] (-) TimerEvent: {}
[222.037421] (-) TimerEvent: {}
[222.138299] (-) TimerEvent: {}
[222.239180] (-) TimerEvent: {}
[222.340169] (-) TimerEvent: {}
[222.441155] (-) TimerEvent: {}
[222.542156] (-) TimerEvent: {}
[222.643112] (-) TimerEvent: {}
[222.744068] (-) TimerEvent: {}
[222.845011] (-) TimerEvent: {}
[222.945990] (-) TimerEvent: {}
[223.046930] (-) TimerEvent: {}
[223.147880] (-) TimerEvent: {}
[223.248753] (-) TimerEvent: {}
[223.349624] (-) TimerEvent: {}
[223.450567] (-) TimerEvent: {}
[223.551535] (-) TimerEvent: {}
[223.652497] (-) TimerEvent: {}
[223.753418] (-) TimerEvent: {}
[223.854252] (-) TimerEvent: {}
[223.955092] (-) TimerEvent: {}
[224.055961] (-) TimerEvent: {}
[224.156863] (-) TimerEvent: {}
[224.257734] (-) TimerEvent: {}
[224.358548] (-) TimerEvent: {}
[224.444136] (rae_camera) StderrLine: {'line': b'/ws/src/rae-ros/rae_camera/src/camera.cpp: In function \xe2\x80\x98dai::Pipeline createPipeline(bool, bool)\xe2\x80\x99:\n'}
[224.448300] (rae_camera) StderrLine: {'line': b'/ws/src/rae-ros/rae_camera/src/camera.cpp:29:56: warning: \xe2\x80\x98dai::CameraBoardSocket::RGB\xe2\x80\x99 is deprecated [-Wdeprecated-declarations]\n'}
[224.449426] (rae_camera) StderrLine: {'line': b'   29 |         camRgb->setBoardSocket(dai::CameraBoardSocket::RGB);\n'}
[224.450509] (rae_camera) StderrLine: {'line': b'      |                                                        ^~~\n'}
[224.451572] (rae_camera) StderrLine: {'line': b'In file included from /usr/local/include/depthai/common/CameraBoardSocket.hpp:5,\n'}
[224.452573] (rae_camera) StderrLine: {'line': b'                 from /usr/local/include/depthai/device/DeviceBase.hpp:18,\n'}
[224.453714] (rae_camera) StderrLine: {'line': b'                 from /usr/local/include/depthai/device/Device.hpp:14,\n'}
[224.454825] (rae_camera) StderrLine: {'line': b'                 from /ws/src/rae-ros/rae_camera/src/camera.cpp:13:\n'}
[224.455942] (rae_camera) StderrLine: {'line': b'/usr/local/include/depthai-shared/common/CameraBoardSocket.hpp:23:5: note: declared here\n'}
[224.457055] (rae_camera) StderrLine: {'line': b'   23 |     RGB [[deprecated]] = CAM_A,\n'}
[224.470673] (-) TimerEvent: {}
[224.471016] (rae_camera) StderrLine: {'line': b'      |     ^~~\n'}
[224.472167] (rae_camera) StderrLine: {'line': b'/ws/src/rae-ros/rae_camera/src/camera.cpp:29:56: warning: \xe2\x80\x98dai::CameraBoardSocket::RGB\xe2\x80\x99 is deprecated [-Wdeprecated-declarations]\n'}
[224.473432] (rae_camera) StderrLine: {'line': b'   29 |         camRgb->setBoardSocket(dai::CameraBoardSocket::RGB);\n'}
[224.474573] (rae_camera) StderrLine: {'line': b'      |                                                        ^~~\n'}
[224.475723] (rae_camera) StderrLine: {'line': b'In file included from /usr/local/include/depthai/common/CameraBoardSocket.hpp:5,\n'}
[224.476940] (rae_camera) StderrLine: {'line': b'                 from /usr/local/include/depthai/device/DeviceBase.hpp:18,\n'}
[224.478181] (rae_camera) StderrLine: {'line': b'                 from /usr/local/include/depthai/device/Device.hpp:14,\n'}
[224.479359] (rae_camera) StderrLine: {'line': b'                 from /ws/src/rae-ros/rae_camera/src/camera.cpp:13:\n'}
[224.480487] (rae_camera) StderrLine: {'line': b'/usr/local/include/depthai-shared/common/CameraBoardSocket.hpp:23:5: note: declared here\n'}
[224.494101] (rae_camera) StderrLine: {'line': b'   23 |     RGB [[deprecated]] = CAM_A,\n'}
[224.495338] (rae_camera) StderrLine: {'line': b'      |     ^~~\n'}
[224.500540] (rae_camera) StderrLine: {'line': b'/ws/src/rae-ros/rae_camera/src/camera.cpp:58:55: warning: \xe2\x80\x98dai::CameraBoardSocket::LEFT\xe2\x80\x99 is deprecated [-Wdeprecated-declarations]\n'}
[224.501940] (rae_camera) StderrLine: {'line': b'   58 |     leftFront->setBoardSocket(dai::CameraBoardSocket::LEFT);\n'}
[224.503103] (rae_camera) StderrLine: {'line': b'      |                                                       ^~~~\n'}
[224.515708] (rae_camera) StderrLine: {'line': b'In file included from /usr/local/include/depthai/common/CameraBoardSocket.hpp:5,\n'}
[224.517264] (rae_camera) StderrLine: {'line': b'                 from /usr/local/include/depthai/device/DeviceBase.hpp:18,\n'}
[224.518495] (rae_camera) StderrLine: {'line': b'                 from /usr/local/include/depthai/device/Device.hpp:14,\n'}
[224.519720] (rae_camera) StderrLine: {'line': b'                 from /ws/src/rae-ros/rae_camera/src/camera.cpp:13:\n'}
[224.520887] (rae_camera) StderrLine: {'line': b'/usr/local/include/depthai-shared/common/CameraBoardSocket.hpp:25:5: note: declared here\n'}
[224.522074] (rae_camera) StderrLine: {'line': b'   25 |     LEFT [[deprecated]] = CAM_B,\n'}
[224.523256] (rae_camera) StderrLine: {'line': b'      |     ^~~~\n'}
[224.528052] (rae_camera) StderrLine: {'line': b'/ws/src/rae-ros/rae_camera/src/camera.cpp:58:55: warning: \xe2\x80\x98dai::CameraBoardSocket::LEFT\xe2\x80\x99 is deprecated [-Wdeprecated-declarations]\n'}
[224.529244] (rae_camera) StderrLine: {'line': b'   58 |     leftFront->setBoardSocket(dai::CameraBoardSocket::LEFT);\n'}
[224.530431] (rae_camera) StderrLine: {'line': b'      |                                                       ^~~~\n'}
[224.531615] (rae_camera) StderrLine: {'line': b'In file included from /usr/local/include/depthai/common/CameraBoardSocket.hpp:5,\n'}
[224.532782] (rae_camera) StderrLine: {'line': b'                 from /usr/local/include/depthai/device/DeviceBase.hpp:18,\n'}
[224.534029] (rae_camera) StderrLine: {'line': b'                 from /usr/local/include/depthai/device/Device.hpp:14,\n'}
[224.535159] (rae_camera) StderrLine: {'line': b'                 from /ws/src/rae-ros/rae_camera/src/camera.cpp:13:\n'}
[224.536336] (rae_camera) StderrLine: {'line': b'/usr/local/include/depthai-shared/common/CameraBoardSocket.hpp:25:5: note: declared here\n'}
[224.549966] (rae_camera) StderrLine: {'line': b'   25 |     LEFT [[deprecated]] = CAM_B,\n'}
[224.551453] (rae_camera) StderrLine: {'line': b'      |     ^~~~\n'}
[224.552611] (rae_camera) StderrLine: {'line': b'/ws/src/rae-ros/rae_camera/src/camera.cpp:60:56: warning: \xe2\x80\x98dai::CameraBoardSocket::RIGHT\xe2\x80\x99 is deprecated [-Wdeprecated-declarations]\n'}
[224.553804] (rae_camera) StderrLine: {'line': b'   60 |     rightFront->setBoardSocket(dai::CameraBoardSocket::RIGHT);\n'}
[224.554958] (rae_camera) StderrLine: {'line': b'      |                                                        ^~~~~\n'}
[224.556117] (rae_camera) StderrLine: {'line': b'In file included from /usr/local/include/depthai/common/CameraBoardSocket.hpp:5,\n'}
[224.557328] (rae_camera) StderrLine: {'line': b'                 from /usr/local/include/depthai/device/DeviceBase.hpp:18,\n'}
[224.558531] (rae_camera) StderrLine: {'line': b'                 from /usr/local/include/depthai/device/Device.hpp:14,\n'}
[224.559753] (rae_camera) StderrLine: {'line': b'                 from /ws/src/rae-ros/rae_camera/src/camera.cpp:13:\n'}
[224.560872] (rae_camera) StderrLine: {'line': b'/usr/local/include/depthai-shared/common/CameraBoardSocket.hpp:26:5: note: declared here\n'}
[224.574687] (-) TimerEvent: {}
[224.575074] (rae_camera) StderrLine: {'line': b'   26 |     RIGHT [[deprecated]] = CAM_C,\n'}
[224.576391] (rae_camera) StderrLine: {'line': b'      |     ^~~~~\n'}
[224.577523] (rae_camera) StderrLine: {'line': b'/ws/src/rae-ros/rae_camera/src/camera.cpp:60:56: warning: \xe2\x80\x98dai::CameraBoardSocket::RIGHT\xe2\x80\x99 is deprecated [-Wdeprecated-declarations]\n'}
[224.578688] (rae_camera) StderrLine: {'line': b'   60 |     rightFront->setBoardSocket(dai::CameraBoardSocket::RIGHT);\n'}
[224.579749] (rae_camera) StderrLine: {'line': b'      |                                                        ^~~~~\n'}
[224.580851] (rae_camera) StderrLine: {'line': b'In file included from /usr/local/include/depthai/common/CameraBoardSocket.hpp:5,\n'}
[224.581980] (rae_camera) StderrLine: {'line': b'                 from /usr/local/include/depthai/device/DeviceBase.hpp:18,\n'}
[224.583167] (rae_camera) StderrLine: {'line': b'                 from /usr/local/include/depthai/device/Device.hpp:14,\n'}
[224.584276] (rae_camera) StderrLine: {'line': b'                 from /ws/src/rae-ros/rae_camera/src/camera.cpp:13:\n'}
[224.597738] (rae_camera) StderrLine: {'line': b'/usr/local/include/depthai-shared/common/CameraBoardSocket.hpp:26:5: note: declared here\n'}
[224.599233] (rae_camera) StderrLine: {'line': b'   26 |     RIGHT [[deprecated]] = CAM_C,\n'}
[224.600251] (rae_camera) StderrLine: {'line': b'      |     ^~~~~\n'}
[224.675139] (-) TimerEvent: {}
[224.776054] (-) TimerEvent: {}
[224.877016] (-) TimerEvent: {}
[224.977972] (-) TimerEvent: {}
[224.982029] (rae_camera) StderrLine: {'line': b'/ws/src/rae-ros/rae_camera/src/camera.cpp: In function \xe2\x80\x98int main(int, char**)\xe2\x80\x99:\n'}
[224.983433] (rae_camera) StderrLine: {'line': b'/ws/src/rae-ros/rae_camera/src/camera.cpp:198:135: warning: \xe2\x80\x98dai::CameraBoardSocket::RIGHT\xe2\x80\x99 is deprecated [-Wdeprecated-declarations]\n'}
[224.984553] (rae_camera) StderrLine: {'line': b'  198 |         sensor_msgs::msg::CameraInfo rgbCameraInfo = rgbConverter.calibrationToCameraInfo(calibrationHandler, dai::CameraBoardSocket::RIGHT, width, height);;\n'}
[224.985767] (rae_camera) StderrLine: {'line': b'      |                                                                                                                                       ^~~~~\n'}
[224.986955] (rae_camera) StderrLine: {'line': b'In file included from /usr/local/include/depthai/common/CameraBoardSocket.hpp:5,\n'}
[224.988113] (rae_camera) StderrLine: {'line': b'                 from /usr/local/include/depthai/device/DeviceBase.hpp:18,\n'}
[224.989352] (rae_camera) StderrLine: {'line': b'                 from /usr/local/include/depthai/device/Device.hpp:14,\n'}
[224.990536] (rae_camera) StderrLine: {'line': b'                 from /ws/src/rae-ros/rae_camera/src/camera.cpp:13:\n'}
[224.991700] (rae_camera) StderrLine: {'line': b'/usr/local/include/depthai-shared/common/CameraBoardSocket.hpp:26:5: note: declared here\n'}
[224.992882] (rae_camera) StderrLine: {'line': b'   26 |     RIGHT [[deprecated]] = CAM_C,\n'}
[225.006544] (rae_camera) StderrLine: {'line': b'      |     ^~~~~\n'}
[225.007758] (rae_camera) StderrLine: {'line': b'/ws/src/rae-ros/rae_camera/src/camera.cpp:198:135: warning: \xe2\x80\x98dai::CameraBoardSocket::RIGHT\xe2\x80\x99 is deprecated [-Wdeprecated-declarations]\n'}
[225.008947] (rae_camera) StderrLine: {'line': b'  198 |         sensor_msgs::msg::CameraInfo rgbCameraInfo = rgbConverter.calibrationToCameraInfo(calibrationHandler, dai::CameraBoardSocket::RIGHT, width, height);;\n'}
[225.010112] (rae_camera) StderrLine: {'line': b'      |                                                                                                                                       ^~~~~\n'}
[225.011210] (rae_camera) StderrLine: {'line': b'In file included from /usr/local/include/depthai/common/CameraBoardSocket.hpp:5,\n'}
[225.012365] (rae_camera) StderrLine: {'line': b'                 from /usr/local/include/depthai/device/DeviceBase.hpp:18,\n'}
[225.013548] (rae_camera) StderrLine: {'line': b'                 from /usr/local/include/depthai/device/Device.hpp:14,\n'}
[225.014667] (rae_camera) StderrLine: {'line': b'                 from /ws/src/rae-ros/rae_camera/src/camera.cpp:13:\n'}
[225.015839] (rae_camera) StderrLine: {'line': b'/usr/local/include/depthai-shared/common/CameraBoardSocket.hpp:26:5: note: declared here\n'}
[225.017015] (rae_camera) StderrLine: {'line': b'   26 |     RIGHT [[deprecated]] = CAM_C,\n'}
[225.026548] (rae_camera) StderrLine: {'line': b'      |     ^~~~~\n'}
[225.078395] (-) TimerEvent: {}
[225.179363] (-) TimerEvent: {}
[225.280321] (-) TimerEvent: {}
[225.381292] (-) TimerEvent: {}
[225.482171] (-) TimerEvent: {}
[225.583010] (-) TimerEvent: {}
[225.683950] (-) TimerEvent: {}
[225.784908] (-) TimerEvent: {}
[225.885850] (-) TimerEvent: {}
[225.986800] (-) TimerEvent: {}
[226.087785] (-) TimerEvent: {}
[226.188767] (-) TimerEvent: {}
[226.289742] (-) TimerEvent: {}
[226.390682] (-) TimerEvent: {}
[226.491635] (-) TimerEvent: {}
[226.592501] (-) TimerEvent: {}
[226.693380] (-) TimerEvent: {}
[226.794315] (-) TimerEvent: {}
[226.895271] (-) TimerEvent: {}
[226.996245] (-) TimerEvent: {}
[227.097231] (-) TimerEvent: {}
[227.198150] (-) TimerEvent: {}
[227.299112] (-) TimerEvent: {}
[227.400061] (-) TimerEvent: {}
[227.501004] (-) TimerEvent: {}
[227.601931] (-) TimerEvent: {}
[227.702794] (-) TimerEvent: {}
[227.803632] (-) TimerEvent: {}
[227.904557] (-) TimerEvent: {}
[228.005474] (-) TimerEvent: {}
[228.106347] (-) TimerEvent: {}
[228.207268] (-) TimerEvent: {}
[228.308212] (-) TimerEvent: {}
[228.409231] (-) TimerEvent: {}
[228.510212] (-) TimerEvent: {}
[228.611146] (-) TimerEvent: {}
[228.712068] (-) TimerEvent: {}
[228.812985] (-) TimerEvent: {}
[228.913978] (-) TimerEvent: {}
[229.014938] (-) TimerEvent: {}
[229.115900] (-) TimerEvent: {}
[229.216795] (-) TimerEvent: {}
[229.317703] (-) TimerEvent: {}
[229.418636] (-) TimerEvent: {}
[229.519568] (-) TimerEvent: {}
[229.620519] (-) TimerEvent: {}
[229.721501] (-) TimerEvent: {}
[229.822437] (-) TimerEvent: {}
[229.923290] (-) TimerEvent: {}
[230.024154] (-) TimerEvent: {}
[230.125484] (-) TimerEvent: {}
[230.226359] (-) TimerEvent: {}
[230.327279] (-) TimerEvent: {}
[230.428221] (-) TimerEvent: {}
[230.529173] (-) TimerEvent: {}
[230.630072] (-) TimerEvent: {}
[230.730988] (-) TimerEvent: {}
[230.831909] (-) TimerEvent: {}
[230.932867] (-) TimerEvent: {}
[231.033765] (-) TimerEvent: {}
[231.134603] (-) TimerEvent: {}
[231.235548] (-) TimerEvent: {}
[231.336515] (-) TimerEvent: {}
[231.437480] (-) TimerEvent: {}
[231.538428] (-) TimerEvent: {}
[231.639366] (-) TimerEvent: {}
[231.740321] (-) TimerEvent: {}
[231.841282] (-) TimerEvent: {}
[231.942175] (-) TimerEvent: {}
[232.043122] (-) TimerEvent: {}
[232.144010] (-) TimerEvent: {}
[232.244849] (-) TimerEvent: {}
[232.345802] (-) TimerEvent: {}
[232.446715] (-) TimerEvent: {}
[232.547677] (-) TimerEvent: {}
[232.648652] (-) TimerEvent: {}
[232.749608] (-) TimerEvent: {}
[232.850535] (-) TimerEvent: {}
[232.951482] (-) TimerEvent: {}
[233.052438] (-) TimerEvent: {}
[233.153405] (-) TimerEvent: {}
[233.231445] (rae_camera) StderrLine: {'line': b'/ws/src/rae-ros/rae_camera/src/yolo.cpp: In function \xe2\x80\x98int main(int, char**)\xe2\x80\x99:\n'}
[233.234069] (rae_camera) StderrLine: {'line': b'/ws/src/rae-ros/rae_camera/src/yolo.cpp:68:54: warning: \xe2\x80\x98dai::CameraBoardSocket::LEFT\xe2\x80\x99 is deprecated [-Wdeprecated-declarations]\n'}
[233.236242] (rae_camera) StderrLine: {'line': b'   68 |     monoLeft->setBoardSocket(dai::CameraBoardSocket::LEFT);\n'}
[233.239050] (rae_camera) StderrLine: {'line': b'      |                                                      ^~~~\n'}
[233.240199] (rae_camera) StderrLine: {'line': b'In file included from /usr/local/include/depthai/device/CalibrationHandler.hpp:5,\n'}
[233.241396] (rae_camera) StderrLine: {'line': b'                 from /usr/local/include/depthai/depthai.hpp:9,\n'}
[233.242547] (rae_camera) StderrLine: {'line': b'                 from /ws/src/rae-ros/rae_camera/src/yolo.cpp:5:\n'}
[233.243602] (rae_camera) StderrLine: {'line': b'/usr/local/include/depthai-shared/common/CameraBoardSocket.hpp:25:5: note: declared here\n'}
[233.244679] (rae_camera) StderrLine: {'line': b'   25 |     LEFT [[deprecated]] = CAM_B,\n'}
[233.245846] (rae_camera) StderrLine: {'line': b'      |     ^~~~\n'}
[233.246974] (rae_camera) StderrLine: {'line': b'/ws/src/rae-ros/rae_camera/src/yolo.cpp:68:54: warning: \xe2\x80\x98dai::CameraBoardSocket::LEFT\xe2\x80\x99 is deprecated [-Wdeprecated-declarations]\n'}
[233.248164] (rae_camera) StderrLine: {'line': b'   68 |     monoLeft->setBoardSocket(dai::CameraBoardSocket::LEFT);\n'}
[233.249307] (rae_camera) StderrLine: {'line': b'      |                                                      ^~~~\n'}
[233.250434] (rae_camera) StderrLine: {'line': b'In file included from /usr/local/include/depthai/device/CalibrationHandler.hpp:5,\n'}
[233.251599] (rae_camera) StderrLine: {'line': b'                 from /usr/local/include/depthai/depthai.hpp:9,\n'}
[233.252712] (rae_camera) StderrLine: {'line': b'                 from /ws/src/rae-ros/rae_camera/src/yolo.cpp:5:\n'}
[233.253730] (-) TimerEvent: {}
[233.253997] (rae_camera) StderrLine: {'line': b'/usr/local/include/depthai-shared/common/CameraBoardSocket.hpp:25:5: note: declared here\n'}
[233.255062] (rae_camera) StderrLine: {'line': b'   25 |     LEFT [[deprecated]] = CAM_B,\n'}
[233.257747] (rae_camera) StderrLine: {'line': b'      |     ^~~~\n'}
[233.258750] (rae_camera) StderrLine: {'line': b'/ws/src/rae-ros/rae_camera/src/yolo.cpp:70:55: warning: \xe2\x80\x98dai::CameraBoardSocket::RIGHT\xe2\x80\x99 is deprecated [-Wdeprecated-declarations]\n'}
[233.259879] (rae_camera) StderrLine: {'line': b'   70 |     monoRight->setBoardSocket(dai::CameraBoardSocket::RIGHT);\n'}
[233.261014] (rae_camera) StderrLine: {'line': b'      |                                                       ^~~~~\n'}
[233.262217] (rae_camera) StderrLine: {'line': b'In file included from /usr/local/include/depthai/device/CalibrationHandler.hpp:5,\n'}
[233.263225] (rae_camera) StderrLine: {'line': b'                 from /usr/local/include/depthai/depthai.hpp:9,\n'}
[233.264321] (rae_camera) StderrLine: {'line': b'                 from /ws/src/rae-ros/rae_camera/src/yolo.cpp:5:\n'}
[233.265483] (rae_camera) StderrLine: {'line': b'/usr/local/include/depthai-shared/common/CameraBoardSocket.hpp:26:5: note: declared here\n'}
[233.266597] (rae_camera) StderrLine: {'line': b'   26 |     RIGHT [[deprecated]] = CAM_C,\n'}
[233.267673] (rae_camera) StderrLine: {'line': b'      |     ^~~~~\n'}
[233.268753] (rae_camera) StderrLine: {'line': b'/ws/src/rae-ros/rae_camera/src/yolo.cpp:70:55: warning: \xe2\x80\x98dai::CameraBoardSocket::RIGHT\xe2\x80\x99 is deprecated [-Wdeprecated-declarations]\n'}
[233.269831] (rae_camera) StderrLine: {'line': b'   70 |     monoRight->setBoardSocket(dai::CameraBoardSocket::RIGHT);\n'}
[233.270923] (rae_camera) StderrLine: {'line': b'      |                                                       ^~~~~\n'}
[233.272043] (rae_camera) StderrLine: {'line': b'In file included from /usr/local/include/depthai/device/CalibrationHandler.hpp:5,\n'}
[233.273062] (rae_camera) StderrLine: {'line': b'                 from /usr/local/include/depthai/depthai.hpp:9,\n'}
[233.274119] (rae_camera) StderrLine: {'line': b'                 from /ws/src/rae-ros/rae_camera/src/yolo.cpp:5:\n'}
[233.275234] (rae_camera) StderrLine: {'line': b'/usr/local/include/depthai-shared/common/CameraBoardSocket.hpp:26:5: note: declared here\n'}
[233.276398] (rae_camera) StderrLine: {'line': b'   26 |     RIGHT [[deprecated]] = CAM_C,\n'}
[233.277513] (rae_camera) StderrLine: {'line': b'      |     ^~~~~\n'}
[233.354240] (-) TimerEvent: {}
[233.455184] (-) TimerEvent: {}
[233.556111] (-) TimerEvent: {}
[233.657047] (-) TimerEvent: {}
[233.758002] (-) TimerEvent: {}
[233.858953] (-) TimerEvent: {}
[233.959889] (-) TimerEvent: {}
[234.060843] (-) TimerEvent: {}
[234.161825] (-) TimerEvent: {}
[234.262822] (-) TimerEvent: {}
[234.363753] (-) TimerEvent: {}
[234.464690] (-) TimerEvent: {}
[234.565626] (-) TimerEvent: {}
[234.666531] (-) TimerEvent: {}
[234.767494] (-) TimerEvent: {}
[234.868449] (-) TimerEvent: {}
[234.969437] (-) TimerEvent: {}
[235.070367] (-) TimerEvent: {}
[235.171634] (-) TimerEvent: {}
[235.272566] (-) TimerEvent: {}
[235.373541] (-) TimerEvent: {}
[235.477670] (-) TimerEvent: {}
[235.578637] (-) TimerEvent: {}
[235.679613] (-) TimerEvent: {}
[235.780566] (-) TimerEvent: {}
[235.884039] (-) TimerEvent: {}
[235.984940] (-) TimerEvent: {}
[236.085869] (-) TimerEvent: {}
[236.186773] (-) TimerEvent: {}
[236.287706] (-) TimerEvent: {}
[236.388653] (-) TimerEvent: {}
[236.489594] (-) TimerEvent: {}
[236.601669] (-) TimerEvent: {}
[236.702634] (-) TimerEvent: {}
[236.803583] (-) TimerEvent: {}
[236.904527] (-) TimerEvent: {}
[237.005507] (-) TimerEvent: {}
[237.106423] (-) TimerEvent: {}
[237.207334] (-) TimerEvent: {}
[237.308295] (-) TimerEvent: {}
[237.409260] (-) TimerEvent: {}
[237.510125] (-) TimerEvent: {}
[237.611064] (-) TimerEvent: {}
[237.721693] (-) TimerEvent: {}
[237.822640] (-) TimerEvent: {}
[237.923540] (-) TimerEvent: {}
[238.024416] (-) TimerEvent: {}
[238.125349] (-) TimerEvent: {}
[238.230385] (-) TimerEvent: {}
[238.332639] (-) TimerEvent: {}
[238.391798] (rae_camera) StderrLine: {'line': b'/ws/src/rae-ros/rae_camera/src/stereo_depth.cpp: In function \xe2\x80\x98int main()\xe2\x80\x99:\n'}
[238.393427] (rae_camera) StderrLine: {'line': b'/ws/src/rae-ros/rae_camera/src/stereo_depth.cpp:36:59: warning: \xe2\x80\x98dai::CameraBoardSocket::LEFT\xe2\x80\x99 is deprecated [-Wdeprecated-declarations]\n'}
[238.394672] (rae_camera) StderrLine: {'line': b'   36 |     monoLeftFront->setBoardSocket(dai::CameraBoardSocket::LEFT);\n'}
[238.395847] (rae_camera) StderrLine: {'line': b'      |                                                           ^~~~\n'}
[238.400557] (rae_camera) StderrLine: {'line': b'In file included from /usr/local/include/depthai/device/CalibrationHandler.hpp:5,\n'}
[238.401759] (rae_camera) StderrLine: {'line': b'                 from /usr/local/include/depthai/depthai.hpp:9,\n'}
[238.402895] (rae_camera) StderrLine: {'line': b'                 from /ws/src/rae-ros/rae_camera/src/stereo_depth.cpp:4:\n'}
[238.404021] (rae_camera) StderrLine: {'line': b'/usr/local/include/depthai-shared/common/CameraBoardSocket.hpp:25:5: note: declared here\n'}
[238.405154] (rae_camera) StderrLine: {'line': b'   25 |     LEFT [[deprecated]] = CAM_B,\n'}
[238.406300] (rae_camera) StderrLine: {'line': b'      |     ^~~~\n'}
[238.407462] (rae_camera) StderrLine: {'line': b'/ws/src/rae-ros/rae_camera/src/stereo_depth.cpp:36:59: warning: \xe2\x80\x98dai::CameraBoardSocket::LEFT\xe2\x80\x99 is deprecated [-Wdeprecated-declarations]\n'}
[238.408617] (rae_camera) StderrLine: {'line': b'   36 |     monoLeftFront->setBoardSocket(dai::CameraBoardSocket::LEFT);\n'}
[238.409816] (rae_camera) StderrLine: {'line': b'      |                                                           ^~~~\n'}
[238.411019] (rae_camera) StderrLine: {'line': b'In file included from /usr/local/include/depthai/device/CalibrationHandler.hpp:5,\n'}
[238.412154] (rae_camera) StderrLine: {'line': b'                 from /usr/local/include/depthai/depthai.hpp:9,\n'}
[238.413163] (rae_camera) StderrLine: {'line': b'                 from /ws/src/rae-ros/rae_camera/src/stereo_depth.cpp:4:\n'}
[238.431141] (rae_camera) StderrLine: {'line': b'/usr/local/include/depthai-shared/common/CameraBoardSocket.hpp:25:5: note: declared here\n'}
[238.432384] (rae_camera) StderrLine: {'line': b'   25 |     LEFT [[deprecated]] = CAM_B,\n'}
[238.433537] (-) TimerEvent: {}
[238.433843] (rae_camera) StderrLine: {'line': b'      |     ^~~~\n'}
[238.435074] (rae_camera) StderrLine: {'line': b'/ws/src/rae-ros/rae_camera/src/stereo_depth.cpp:38:60: warning: \xe2\x80\x98dai::CameraBoardSocket::RIGHT\xe2\x80\x99 is deprecated [-Wdeprecated-declarations]\n'}
[238.436190] (rae_camera) StderrLine: {'line': b'   38 |     monoRightFront->setBoardSocket(dai::CameraBoardSocket::RIGHT);\n'}
[238.437372] (rae_camera) StderrLine: {'line': b'      |                                                            ^~~~~\n'}
[238.438562] (rae_camera) StderrLine: {'line': b'In file included from /usr/local/include/depthai/device/CalibrationHandler.hpp:5,\n'}
[238.439766] (rae_camera) StderrLine: {'line': b'                 from /usr/local/include/depthai/depthai.hpp:9,\n'}
[238.440937] (rae_camera) StderrLine: {'line': b'                 from /ws/src/rae-ros/rae_camera/src/stereo_depth.cpp:4:\n'}
[238.454738] (rae_camera) StderrLine: {'line': b'/usr/local/include/depthai-shared/common/CameraBoardSocket.hpp:26:5: note: declared here\n'}
[238.455996] (rae_camera) StderrLine: {'line': b'   26 |     RIGHT [[deprecated]] = CAM_C,\n'}
[238.457152] (rae_camera) StderrLine: {'line': b'      |     ^~~~~\n'}
[238.458304] (rae_camera) StderrLine: {'line': b'/ws/src/rae-ros/rae_camera/src/stereo_depth.cpp:38:60: warning: \xe2\x80\x98dai::CameraBoardSocket::RIGHT\xe2\x80\x99 is deprecated [-Wdeprecated-declarations]\n'}
[238.459422] (rae_camera) StderrLine: {'line': b'   38 |     monoRightFront->setBoardSocket(dai::CameraBoardSocket::RIGHT);\n'}
[238.460612] (rae_camera) StderrLine: {'line': b'      |                                                            ^~~~~\n'}
[238.461783] (rae_camera) StderrLine: {'line': b'In file included from /usr/local/include/depthai/device/CalibrationHandler.hpp:5,\n'}
[238.462989] (rae_camera) StderrLine: {'line': b'                 from /usr/local/include/depthai/depthai.hpp:9,\n'}
[238.464085] (rae_camera) StderrLine: {'line': b'                 from /ws/src/rae-ros/rae_camera/src/stereo_depth.cpp:4:\n'}
[238.477484] (rae_camera) StderrLine: {'line': b'/usr/local/include/depthai-shared/common/CameraBoardSocket.hpp:26:5: note: declared here\n'}
[238.479225] (rae_camera) StderrLine: {'line': b'   26 |     RIGHT [[deprecated]] = CAM_C,\n'}
[238.480456] (rae_camera) StderrLine: {'line': b'      |     ^~~~~\n'}
[238.534057] (-) TimerEvent: {}
[238.635002] (-) TimerEvent: {}
[238.735955] (-) TimerEvent: {}
[238.836832] (-) TimerEvent: {}
[238.937690] (-) TimerEvent: {}
[239.038603] (-) TimerEvent: {}
[239.139550] (-) TimerEvent: {}
[239.240489] (-) TimerEvent: {}
[239.341461] (-) TimerEvent: {}
[239.442414] (-) TimerEvent: {}
[239.543368] (-) TimerEvent: {}
[239.644314] (-) TimerEvent: {}
[239.745299] (-) TimerEvent: {}
[239.846230] (-) TimerEvent: {}
[239.947147] (-) TimerEvent: {}
[240.048088] (-) TimerEvent: {}
[240.149056] (-) TimerEvent: {}
[240.250473] (-) TimerEvent: {}
[240.351424] (-) TimerEvent: {}
[240.452383] (-) TimerEvent: {}
[240.553350] (-) TimerEvent: {}
[240.654294] (-) TimerEvent: {}
[240.755226] (-) TimerEvent: {}
[240.856187] (-) TimerEvent: {}
[240.957154] (-) TimerEvent: {}
[241.073657] (-) TimerEvent: {}
[241.182016] (-) TimerEvent: {}
[241.282970] (-) TimerEvent: {}
[241.384079] (-) TimerEvent: {}
[241.485087] (-) TimerEvent: {}
[241.586079] (-) TimerEvent: {}
[241.686924] (-) TimerEvent: {}
[241.787850] (-) TimerEvent: {}
[241.888804] (-) TimerEvent: {}
[241.989715] (-) TimerEvent: {}
[242.090539] (-) TimerEvent: {}
[242.191462] (-) TimerEvent: {}
[242.293668] (-) TimerEvent: {}
[242.394611] (-) TimerEvent: {}
[242.495545] (-) TimerEvent: {}
[242.596502] (-) TimerEvent: {}
[242.697456] (-) TimerEvent: {}
[242.798458] (-) TimerEvent: {}
[242.899385] (-) TimerEvent: {}
[243.000311] (-) TimerEvent: {}
[243.101304] (-) TimerEvent: {}
[243.202257] (-) TimerEvent: {}
[243.303190] (-) TimerEvent: {}
[243.409629] (-) TimerEvent: {}
[243.510562] (-) TimerEvent: {}
[243.611513] (-) TimerEvent: {}
[243.712453] (-) TimerEvent: {}
[243.813406] (-) TimerEvent: {}
[243.914328] (-) TimerEvent: {}
[244.015272] (-) TimerEvent: {}
[244.116237] (-) TimerEvent: {}
[244.217202] (-) TimerEvent: {}
[244.318141] (-) TimerEvent: {}
[244.433661] (-) TimerEvent: {}
[244.534706] (-) TimerEvent: {}
[244.635635] (-) TimerEvent: {}
[244.736578] (-) TimerEvent: {}
[244.837533] (-) TimerEvent: {}
[244.938444] (-) TimerEvent: {}
[245.039299] (-) TimerEvent: {}
[245.140138] (-) TimerEvent: {}
[245.241061] (-) TimerEvent: {}
[245.342516] (-) TimerEvent: {}
[245.443476] (-) TimerEvent: {}
[245.548610] (-) TimerEvent: {}
[245.660460] (-) TimerEvent: {}
[245.761344] (-) TimerEvent: {}
[245.862256] (-) TimerEvent: {}
[245.963173] (-) TimerEvent: {}
[246.064111] (-) TimerEvent: {}
[246.165013] (-) TimerEvent: {}
[246.265932] (-) TimerEvent: {}
[246.366847] (-) TimerEvent: {}
[246.467823] (-) TimerEvent: {}
[246.568778] (-) TimerEvent: {}
[246.681689] (-) TimerEvent: {}
[246.785295] (-) TimerEvent: {}
[246.886265] (-) TimerEvent: {}
[246.987231] (-) TimerEvent: {}
[247.088211] (-) TimerEvent: {}
[247.189165] (-) TimerEvent: {}
[247.290135] (-) TimerEvent: {}
[247.391068] (-) TimerEvent: {}
[247.492000] (-) TimerEvent: {}
[247.592945] (-) TimerEvent: {}
[247.693907] (-) TimerEvent: {}
[247.805656] (-) TimerEvent: {}
[247.909654] (-) TimerEvent: {}
[248.010601] (-) TimerEvent: {}
[248.111560] (-) TimerEvent: {}
[248.212522] (-) TimerEvent: {}
[248.313507] (-) TimerEvent: {}
[248.414487] (-) TimerEvent: {}
[248.515507] (-) TimerEvent: {}
[248.616487] (-) TimerEvent: {}
[248.717463] (-) TimerEvent: {}
[248.818431] (-) TimerEvent: {}
[248.921676] (-) TimerEvent: {}
[249.037666] (-) TimerEvent: {}
[249.138619] (-) TimerEvent: {}
[249.239538] (-) TimerEvent: {}
[249.340489] (-) TimerEvent: {}
[249.441472] (-) TimerEvent: {}
[249.542842] (-) TimerEvent: {}
[249.643773] (-) TimerEvent: {}
[249.744694] (-) TimerEvent: {}
[249.845612] (-) TimerEvent: {}
[249.946534] (-) TimerEvent: {}
[250.053657] (-) TimerEvent: {}
[250.157502] (-) TimerEvent: {}
[250.258424] (-) TimerEvent: {}
[250.359760] (-) TimerEvent: {}
[250.460701] (-) TimerEvent: {}
[250.561638] (-) TimerEvent: {}
[250.662581] (-) TimerEvent: {}
[250.763527] (-) TimerEvent: {}
[250.864454] (-) TimerEvent: {}
[250.965399] (-) TimerEvent: {}
[251.066338] (-) TimerEvent: {}
[251.169656] (-) TimerEvent: {}
[251.273701] (-) TimerEvent: {}
[251.374674] (-) TimerEvent: {}
[251.475602] (-) TimerEvent: {}
[251.576521] (-) TimerEvent: {}
[251.677467] (-) TimerEvent: {}
[251.778387] (-) TimerEvent: {}
[251.879324] (-) TimerEvent: {}
[251.980246] (-) TimerEvent: {}
[252.081173] (-) TimerEvent: {}
[252.182126] (-) TimerEvent: {}
[252.293652] (-) TimerEvent: {}
[252.394525] (-) TimerEvent: {}
[252.495433] (-) TimerEvent: {}
[252.596410] (-) TimerEvent: {}
[252.697376] (-) TimerEvent: {}
[252.798300] (-) TimerEvent: {}
[252.899242] (-) TimerEvent: {}
[253.000197] (-) TimerEvent: {}
[253.101096] (-) TimerEvent: {}
[253.201972] (-) TimerEvent: {}
[253.302892] (-) TimerEvent: {}
[253.413664] (-) TimerEvent: {}
[253.517145] (-) TimerEvent: {}
[253.618034] (-) TimerEvent: {}
[253.718979] (-) TimerEvent: {}
[253.819935] (-) TimerEvent: {}
[253.920788] (-) TimerEvent: {}
[254.021648] (-) TimerEvent: {}
[254.122576] (-) TimerEvent: {}
[254.223497] (-) TimerEvent: {}
[254.324466] (-) TimerEvent: {}
[254.425432] (-) TimerEvent: {}
[254.526422] (-) TimerEvent: {}
[254.627274] (-) TimerEvent: {}
[254.728153] (-) TimerEvent: {}
[254.829113] (-) TimerEvent: {}
[254.930003] (-) TimerEvent: {}
[255.030956] (-) TimerEvent: {}
[255.131889] (-) TimerEvent: {}
[255.236954] (-) TimerEvent: {}
[255.337921] (-) TimerEvent: {}
[255.438887] (-) TimerEvent: {}
[255.539842] (-) TimerEvent: {}
[255.640787] (-) TimerEvent: {}
[255.745620] (-) TimerEvent: {}
[255.846553] (-) TimerEvent: {}
[255.947534] (-) TimerEvent: {}
[256.048534] (-) TimerEvent: {}
[256.149529] (-) TimerEvent: {}
[256.250497] (-) TimerEvent: {}
[256.351448] (-) TimerEvent: {}
[256.452386] (-) TimerEvent: {}
[256.553367] (-) TimerEvent: {}
[256.654297] (-) TimerEvent: {}
[256.755218] (-) TimerEvent: {}
[256.861648] (-) TimerEvent: {}
[256.962605] (-) TimerEvent: {}
[257.063531] (-) TimerEvent: {}
[257.164495] (-) TimerEvent: {}
[257.265508] (-) TimerEvent: {}
[257.366479] (-) TimerEvent: {}
[257.467458] (-) TimerEvent: {}
[257.568406] (-) TimerEvent: {}
[257.669385] (-) TimerEvent: {}
[257.770312] (-) TimerEvent: {}
[257.871252] (-) TimerEvent: {}
[257.989665] (-) TimerEvent: {}
[258.090585] (-) TimerEvent: {}
[258.191536] (-) TimerEvent: {}
[258.292440] (-) TimerEvent: {}
[258.393386] (-) TimerEvent: {}
[258.494314] (-) TimerEvent: {}
[258.595212] (-) TimerEvent: {}
[258.696135] (-) TimerEvent: {}
[258.797076] (-) TimerEvent: {}
[258.898065] (-) TimerEvent: {}
[258.998981] (-) TimerEvent: {}
[259.101581] (-) TimerEvent: {}
[259.202450] (-) TimerEvent: {}
[259.303417] (-) TimerEvent: {}
[259.404394] (-) TimerEvent: {}
[259.505361] (-) TimerEvent: {}
[259.606298] (-) TimerEvent: {}
[259.707229] (-) TimerEvent: {}
[259.819396] (-) TimerEvent: {}
[259.920362] (-) TimerEvent: {}
[260.021355] (-) TimerEvent: {}
[260.122317] (-) TimerEvent: {}
[260.223277] (-) TimerEvent: {}
[260.324238] (-) TimerEvent: {}
[260.425173] (-) TimerEvent: {}
[260.526153] (-) TimerEvent: {}
[260.627517] (-) TimerEvent: {}
[260.728413] (-) TimerEvent: {}
[260.829366] (-) TimerEvent: {}
[260.930325] (-) TimerEvent: {}
[261.031259] (-) TimerEvent: {}
[261.132201] (-) TimerEvent: {}
[261.233151] (-) TimerEvent: {}
[261.334084] (-) TimerEvent: {}
[261.434985] (-) TimerEvent: {}
[261.535975] (-) TimerEvent: {}
[261.636950] (-) TimerEvent: {}
[261.737992] (-) TimerEvent: {}
[261.838941] (-) TimerEvent: {}
[261.939923] (-) TimerEvent: {}
[262.040902] (-) TimerEvent: {}
[262.141833] (-) TimerEvent: {}
[262.242711] (-) TimerEvent: {}
[262.343667] (-) TimerEvent: {}
[262.444539] (-) TimerEvent: {}
[262.545337] (-) TimerEvent: {}
[262.646206] (-) TimerEvent: {}
[262.747159] (-) TimerEvent: {}
[262.848127] (-) TimerEvent: {}
[262.949091] (-) TimerEvent: {}
[263.050050] (-) TimerEvent: {}
[263.150938] (-) TimerEvent: {}
[263.251846] (-) TimerEvent: {}
[263.352776] (-) TimerEvent: {}
[263.453730] (-) TimerEvent: {}
[263.565661] (-) TimerEvent: {}
[263.666574] (-) TimerEvent: {}
[263.767476] (-) TimerEvent: {}
[263.868406] (-) TimerEvent: {}
[263.969387] (-) TimerEvent: {}
[264.070321] (-) TimerEvent: {}
[264.171221] (-) TimerEvent: {}
[264.272141] (-) TimerEvent: {}
[264.373093] (-) TimerEvent: {}
[264.474067] (-) TimerEvent: {}
[264.575030] (-) TimerEvent: {}
[264.675918] (-) TimerEvent: {}
[264.776683] (-) TimerEvent: {}
[264.877546] (-) TimerEvent: {}
[264.978496] (-) TimerEvent: {}
[265.079442] (-) TimerEvent: {}
[265.180388] (-) TimerEvent: {}
[265.281336] (-) TimerEvent: {}
[265.382631] (-) TimerEvent: {}
[265.483548] (-) TimerEvent: {}
[265.584490] (-) TimerEvent: {}
[265.685742] (-) TimerEvent: {}
[265.786538] (-) TimerEvent: {}
[265.887352] (-) TimerEvent: {}
[265.988200] (-) TimerEvent: {}
[266.089154] (-) TimerEvent: {}
[266.190121] (-) TimerEvent: {}
[266.291059] (-) TimerEvent: {}
[266.391967] (-) TimerEvent: {}
[266.492929] (-) TimerEvent: {}
[266.593914] (-) TimerEvent: {}
[266.694900] (-) TimerEvent: {}
[266.795855] (-) TimerEvent: {}
[266.896818] (-) TimerEvent: {}
[266.997711] (-) TimerEvent: {}
[267.098560] (-) TimerEvent: {}
[267.199526] (-) TimerEvent: {}
[267.300485] (-) TimerEvent: {}
[267.401485] (-) TimerEvent: {}
[267.502435] (-) TimerEvent: {}
[267.603366] (-) TimerEvent: {}
[267.704309] (-) TimerEvent: {}
[267.805279] (-) TimerEvent: {}
[267.906201] (-) TimerEvent: {}
[268.007109] (-) TimerEvent: {}
[268.107980] (-) TimerEvent: {}
[268.208881] (-) TimerEvent: {}
[268.309878] (-) TimerEvent: {}
[268.410816] (-) TimerEvent: {}
[268.511735] (-) TimerEvent: {}
[268.612662] (-) TimerEvent: {}
[268.713633] (-) TimerEvent: {}
[268.814545] (-) TimerEvent: {}
[268.915337] (-) TimerEvent: {}
[269.016216] (-) TimerEvent: {}
[269.117174] (-) TimerEvent: {}
[269.218115] (-) TimerEvent: {}
[269.318945] (-) TimerEvent: {}
[269.419858] (-) TimerEvent: {}
[269.520786] (-) TimerEvent: {}
[269.621699] (-) TimerEvent: {}
[269.722597] (-) TimerEvent: {}
[269.823550] (-) TimerEvent: {}
[269.924505] (-) TimerEvent: {}
[270.025480] (-) TimerEvent: {}
[270.126425] (-) TimerEvent: {}
[270.227353] (-) TimerEvent: {}
[270.328330] (-) TimerEvent: {}
[270.429257] (-) TimerEvent: {}
[270.530093] (-) TimerEvent: {}
[270.631016] (-) TimerEvent: {}
[270.732271] (-) TimerEvent: {}
[270.833241] (-) TimerEvent: {}
[270.934190] (-) TimerEvent: {}
[271.035137] (-) TimerEvent: {}
[271.136083] (-) TimerEvent: {}
[271.237031] (-) TimerEvent: {}
[271.337968] (-) TimerEvent: {}
[271.438869] (-) TimerEvent: {}
[271.539722] (-) TimerEvent: {}
[271.640577] (-) TimerEvent: {}
[271.741522] (-) TimerEvent: {}
[271.842412] (-) TimerEvent: {}
[271.943321] (-) TimerEvent: {}
[272.044252] (-) TimerEvent: {}
[272.145158] (-) TimerEvent: {}
[272.246117] (-) TimerEvent: {}
[272.347042] (-) TimerEvent: {}
[272.447974] (-) TimerEvent: {}
[272.548892] (-) TimerEvent: {}
[272.649969] (-) TimerEvent: {}
[272.750904] (-) TimerEvent: {}
[272.851845] (-) TimerEvent: {}
[272.952771] (-) TimerEvent: {}
[273.053644] (-) TimerEvent: {}
[273.154575] (-) TimerEvent: {}
[273.255477] (-) TimerEvent: {}
[273.356340] (-) TimerEvent: {}
[273.457322] (-) TimerEvent: {}
[273.558278] (-) TimerEvent: {}
[273.659220] (-) TimerEvent: {}
[273.761670] (-) TimerEvent: {}
[273.865654] (-) TimerEvent: {}
[273.966587] (-) TimerEvent: {}
[274.067543] (-) TimerEvent: {}
[274.168496] (-) TimerEvent: {}
[274.269486] (-) TimerEvent: {}
[274.370451] (-) TimerEvent: {}
[274.471370] (-) TimerEvent: {}
[274.572323] (-) TimerEvent: {}
[274.673217] (-) TimerEvent: {}
[274.774019] (-) TimerEvent: {}
[274.874822] (-) TimerEvent: {}
[274.975632] (-) TimerEvent: {}
[275.076466] (-) TimerEvent: {}
[275.177373] (-) TimerEvent: {}
[275.278303] (-) TimerEvent: {}
[275.379226] (-) TimerEvent: {}
[275.480170] (-) TimerEvent: {}
[275.581102] (-) TimerEvent: {}
[275.682075] (-) TimerEvent: {}
[275.783525] (-) TimerEvent: {}
[275.884429] (-) TimerEvent: {}
[275.985308] (-) TimerEvent: {}
[276.089598] (-) TimerEvent: {}
[276.190403] (-) TimerEvent: {}
[276.291212] (-) TimerEvent: {}
[276.392020] (-) TimerEvent: {}
[276.492817] (-) TimerEvent: {}
[276.593690] (-) TimerEvent: {}
[276.694587] (-) TimerEvent: {}
[276.795543] (-) TimerEvent: {}
[276.896499] (-) TimerEvent: {}
[276.997480] (-) TimerEvent: {}
[277.098431] (-) TimerEvent: {}
[277.199286] (-) TimerEvent: {}
[277.300107] (-) TimerEvent: {}
[277.400934] (-) TimerEvent: {}
[277.501870] (-) TimerEvent: {}
[277.602833] (-) TimerEvent: {}
[277.703789] (-) TimerEvent: {}
[277.804712] (-) TimerEvent: {}
[277.905580] (-) TimerEvent: {}
[278.006397] (-) TimerEvent: {}
[278.107285] (-) TimerEvent: {}
[278.208147] (-) TimerEvent: {}
[278.317606] (-) TimerEvent: {}
[278.418420] (-) TimerEvent: {}
[278.519264] (-) TimerEvent: {}
[278.620084] (-) TimerEvent: {}
[278.720982] (-) TimerEvent: {}
[278.821959] (-) TimerEvent: {}
[278.922826] (-) TimerEvent: {}
[279.023708] (-) TimerEvent: {}
[279.124661] (-) TimerEvent: {}
[279.225607] (-) TimerEvent: {}
[279.326546] (-) TimerEvent: {}
[279.427490] (-) TimerEvent: {}
[279.528438] (-) TimerEvent: {}
[279.629425] (-) TimerEvent: {}
[279.730315] (-) TimerEvent: {}
[279.831146] (-) TimerEvent: {}
[279.932035] (-) TimerEvent: {}
[280.032979] (-) TimerEvent: {}
[280.133929] (-) TimerEvent: {}
[280.234870] (-) TimerEvent: {}
[280.335792] (-) TimerEvent: {}
[280.436736] (-) TimerEvent: {}
[280.537580] (-) TimerEvent: {}
[280.638395] (-) TimerEvent: {}
[280.739219] (-) TimerEvent: {}
[280.840474] (-) TimerEvent: {}
[280.941424] (-) TimerEvent: {}
[281.042246] (-) TimerEvent: {}
[281.143148] (-) TimerEvent: {}
[281.244022] (-) TimerEvent: {}
[281.344832] (-) TimerEvent: {}
[281.445651] (-) TimerEvent: {}
[281.546453] (-) TimerEvent: {}
[281.647264] (-) TimerEvent: {}
[281.748048] (-) TimerEvent: {}
[281.848831] (-) TimerEvent: {}
[281.949711] (-) TimerEvent: {}
[282.050662] (-) TimerEvent: {}
[282.151569] (-) TimerEvent: {}
[282.252500] (-) TimerEvent: {}
[282.353450] (-) TimerEvent: {}
[282.454378] (-) TimerEvent: {}
[282.555247] (-) TimerEvent: {}
[282.656143] (-) TimerEvent: {}
[282.757027] (-) TimerEvent: {}
[282.857925] (-) TimerEvent: {}
[282.958847] (-) TimerEvent: {}
[283.059755] (-) TimerEvent: {}
[283.160619] (-) TimerEvent: {}
[283.261522] (-) TimerEvent: {}
[283.362462] (-) TimerEvent: {}
[283.463370] (-) TimerEvent: {}
[283.564240] (-) TimerEvent: {}
[283.665057] (-) TimerEvent: {}
[283.765893] (-) TimerEvent: {}
[283.866703] (-) TimerEvent: {}
[283.967579] (-) TimerEvent: {}
[284.068531] (-) TimerEvent: {}
[284.169552] (-) TimerEvent: {}
[284.270525] (-) TimerEvent: {}
[284.371497] (-) TimerEvent: {}
[284.472367] (-) TimerEvent: {}
[284.573256] (-) TimerEvent: {}
[284.679540] (-) TimerEvent: {}
[284.780474] (-) TimerEvent: {}
[284.881480] (-) TimerEvent: {}
[284.982443] (-) TimerEvent: {}
[285.083370] (-) TimerEvent: {}
[285.184313] (-) TimerEvent: {}
[285.285271] (-) TimerEvent: {}
[285.386206] (-) TimerEvent: {}
[285.487136] (-) TimerEvent: {}
[285.587996] (-) TimerEvent: {}
[285.688929] (-) TimerEvent: {}
[285.789895] (-) TimerEvent: {}
[285.891226] (-) TimerEvent: {}
[285.992175] (-) TimerEvent: {}
[286.093047] (-) TimerEvent: {}
[286.193981] (-) TimerEvent: {}
[286.294860] (-) TimerEvent: {}
[286.395756] (-) TimerEvent: {}
[286.496660] (-) TimerEvent: {}
[286.597583] (-) TimerEvent: {}
[286.698492] (-) TimerEvent: {}
[286.799398] (-) TimerEvent: {}
[286.900317] (-) TimerEvent: {}
[287.001685] (-) TimerEvent: {}
[287.102602] (-) TimerEvent: {}
[287.203543] (-) TimerEvent: {}
[287.304505] (-) TimerEvent: {}
[287.405472] (-) TimerEvent: {}
[287.506424] (-) TimerEvent: {}
[287.607371] (-) TimerEvent: {}
[287.708284] (-) TimerEvent: {}
[287.809283] (-) TimerEvent: {}
[287.910194] (-) TimerEvent: {}
[288.011134] (-) TimerEvent: {}
[288.112093] (-) TimerEvent: {}
[288.213008] (-) TimerEvent: {}
[288.313873] (-) TimerEvent: {}
[288.414742] (-) TimerEvent: {}
[288.515654] (-) TimerEvent: {}
[288.616580] (-) TimerEvent: {}
[288.717542] (-) TimerEvent: {}
[288.818439] (-) TimerEvent: {}
[288.919384] (-) TimerEvent: {}
[289.020332] (-) TimerEvent: {}
[289.121292] (-) TimerEvent: {}
[289.222229] (-) TimerEvent: {}
[289.323184] (-) TimerEvent: {}
[289.424119] (-) TimerEvent: {}
[289.525018] (-) TimerEvent: {}
[289.625906] (-) TimerEvent: {}
[289.726794] (-) TimerEvent: {}
[289.827677] (-) TimerEvent: {}
[289.928550] (-) TimerEvent: {}
[290.029481] (-) TimerEvent: {}
[290.130330] (-) TimerEvent: {}
[290.231212] (-) TimerEvent: {}
[290.332086] (-) TimerEvent: {}
[290.432970] (-) TimerEvent: {}
[290.533849] (-) TimerEvent: {}
[290.634680] (-) TimerEvent: {}
[290.735559] (-) TimerEvent: {}
[290.836444] (-) TimerEvent: {}
[290.937600] (-) TimerEvent: {}
[291.038580] (-) TimerEvent: {}
[291.139523] (-) TimerEvent: {}
[291.240387] (-) TimerEvent: {}
[291.341303] (-) TimerEvent: {}
[291.442177] (-) TimerEvent: {}
[291.543030] (-) TimerEvent: {}
[291.643900] (-) TimerEvent: {}
[291.744776] (-) TimerEvent: {}
[291.845703] (-) TimerEvent: {}
[291.946614] (-) TimerEvent: {}
[292.047471] (-) TimerEvent: {}
[292.148331] (-) TimerEvent: {}
[292.249244] (-) TimerEvent: {}
[292.350123] (-) TimerEvent: {}
[292.450973] (-) TimerEvent: {}
[292.551877] (-) TimerEvent: {}
[292.652778] (-) TimerEvent: {}
[292.753711] (-) TimerEvent: {}
[292.854628] (-) TimerEvent: {}
[292.955581] (-) TimerEvent: {}
[293.056536] (-) TimerEvent: {}
[293.157491] (-) TimerEvent: {}
[293.258364] (-) TimerEvent: {}
[293.359262] (-) TimerEvent: {}
[293.460182] (-) TimerEvent: {}
[293.561117] (-) TimerEvent: {}
[293.661979] (-) TimerEvent: {}
[293.762862] (-) TimerEvent: {}
[293.863807] (-) TimerEvent: {}
[293.964745] (-) TimerEvent: {}
[294.065702] (-) TimerEvent: {}
[294.166586] (-) TimerEvent: {}
[294.267464] (-) TimerEvent: {}
[294.368380] (-) TimerEvent: {}
[294.469261] (-) TimerEvent: {}
[294.570123] (-) TimerEvent: {}
[294.671022] (-) TimerEvent: {}
[294.771893] (-) TimerEvent: {}
[294.872818] (-) TimerEvent: {}
[294.973724] (-) TimerEvent: {}
[295.074632] (-) TimerEvent: {}
[295.175524] (-) TimerEvent: {}
[295.276429] (-) TimerEvent: {}
[295.377373] (-) TimerEvent: {}
[295.478282] (-) TimerEvent: {}
[295.579184] (-) TimerEvent: {}
[295.680085] (-) TimerEvent: {}
[295.780989] (-) TimerEvent: {}
[295.881934] (-) TimerEvent: {}
[295.982882] (-) TimerEvent: {}
[296.083821] (-) TimerEvent: {}
[296.184757] (-) TimerEvent: {}
[296.285716] (-) TimerEvent: {}
[296.386649] (-) TimerEvent: {}
[296.487577] (-) TimerEvent: {}
[296.588529] (-) TimerEvent: {}
[296.689469] (-) TimerEvent: {}
[296.790326] (-) TimerEvent: {}
[296.891225] (-) TimerEvent: {}
[296.992142] (-) TimerEvent: {}
[297.093104] (-) TimerEvent: {}
[297.194018] (-) TimerEvent: {}
[297.294840] (-) TimerEvent: {}
[297.395683] (-) TimerEvent: {}
[297.496615] (-) TimerEvent: {}
[297.600313] (-) TimerEvent: {}
[297.701275] (-) TimerEvent: {}
[297.809594] (-) TimerEvent: {}
[297.910519] (-) TimerEvent: {}
[298.011411] (-) TimerEvent: {}
[298.112308] (-) TimerEvent: {}
[298.213215] (-) TimerEvent: {}
[298.314147] (-) TimerEvent: {}
[298.417587] (-) TimerEvent: {}
[298.518447] (-) TimerEvent: {}
[298.619403] (-) TimerEvent: {}
[298.720310] (-) TimerEvent: {}
[298.824317] (-) TimerEvent: {}
[298.927871] (-) TimerEvent: {}
[299.028803] (-) TimerEvent: {}
[299.129751] (-) TimerEvent: {}
[299.230694] (-) TimerEvent: {}
[299.331588] (-) TimerEvent: {}
[299.436811] (-) TimerEvent: {}
[299.543108] (-) TimerEvent: {}
[299.643975] (-) TimerEvent: {}
[299.744907] (-) TimerEvent: {}
[299.845902] (-) TimerEvent: {}
[299.946873] (-) TimerEvent: {}
[300.047773] (-) TimerEvent: {}
[300.148691] (-) TimerEvent: {}
[300.249635] (-) TimerEvent: {}
[300.350557] (-) TimerEvent: {}
[300.451480] (-) TimerEvent: {}
[300.552392] (-) TimerEvent: {}
[300.653327] (-) TimerEvent: {}
[300.754207] (-) TimerEvent: {}
[300.855129] (-) TimerEvent: {}
[300.956007] (-) TimerEvent: {}
[301.056903] (-) TimerEvent: {}
[301.158226] (-) TimerEvent: {}
[301.259089] (-) TimerEvent: {}
[301.359970] (-) TimerEvent: {}
[301.460906] (-) TimerEvent: {}
[301.561839] (-) TimerEvent: {}
[301.662742] (-) TimerEvent: {}
[301.763628] (-) TimerEvent: {}
[301.864505] (-) TimerEvent: {}
[301.965408] (-) TimerEvent: {}
[302.066284] (-) TimerEvent: {}
[302.167222] (-) TimerEvent: {}
[302.268155] (-) TimerEvent: {}
[302.369063] (-) TimerEvent: {}
[302.469996] (-) TimerEvent: {}
[302.570920] (-) TimerEvent: {}
[302.671813] (-) TimerEvent: {}
[302.772773] (-) TimerEvent: {}
[302.873736] (-) TimerEvent: {}
[302.974695] (-) TimerEvent: {}
[303.075613] (-) TimerEvent: {}
[303.176534] (-) TimerEvent: {}
[303.277514] (-) TimerEvent: {}
[303.378460] (-) TimerEvent: {}
[303.479415] (-) TimerEvent: {}
[303.580348] (-) TimerEvent: {}
[303.681246] (-) TimerEvent: {}
[303.782170] (-) TimerEvent: {}
[303.883086] (-) TimerEvent: {}
[303.984041] (-) TimerEvent: {}
[304.085024] (-) TimerEvent: {}
[304.185969] (-) TimerEvent: {}
[304.286823] (-) TimerEvent: {}
[304.387706] (-) TimerEvent: {}
[304.488634] (-) TimerEvent: {}
[304.589533] (-) TimerEvent: {}
[304.690411] (-) TimerEvent: {}
[304.791297] (-) TimerEvent: {}
[304.892190] (-) TimerEvent: {}
[304.993149] (-) TimerEvent: {}
[305.094047] (-) TimerEvent: {}
[305.194951] (-) TimerEvent: {}
[305.295846] (-) TimerEvent: {}
[305.396770] (-) TimerEvent: {}
[305.497739] (-) TimerEvent: {}
[305.598707] (-) TimerEvent: {}
[305.699672] (-) TimerEvent: {}
[305.800592] (-) TimerEvent: {}
[305.901495] (-) TimerEvent: {}
[306.002382] (-) TimerEvent: {}
[306.103282] (-) TimerEvent: {}
[306.204676] (-) TimerEvent: {}
[306.305645] (-) TimerEvent: {}
[306.406534] (-) TimerEvent: {}
[306.507420] (-) TimerEvent: {}
[306.608353] (-) TimerEvent: {}
[306.709335] (-) TimerEvent: {}
[306.810306] (-) TimerEvent: {}
[306.911219] (-) TimerEvent: {}
[307.012108] (-) TimerEvent: {}
[307.113039] (-) TimerEvent: {}
[307.214006] (-) TimerEvent: {}
[307.314965] (-) TimerEvent: {}
[307.415895] (-) TimerEvent: {}
[307.516774] (-) TimerEvent: {}
[307.617606] (-) TimerEvent: {}
[307.718505] (-) TimerEvent: {}
[307.819449] (-) TimerEvent: {}
[307.920392] (-) TimerEvent: {}
[308.021348] (-) TimerEvent: {}
[308.122331] (-) TimerEvent: {}
[308.223263] (-) TimerEvent: {}
[308.324143] (-) TimerEvent: {}
[308.425023] (-) TimerEvent: {}
[308.525953] (-) TimerEvent: {}
[308.626895] (-) TimerEvent: {}
[308.727796] (-) TimerEvent: {}
[308.828744] (-) TimerEvent: {}
[308.929725] (-) TimerEvent: {}
[309.030646] (-) TimerEvent: {}
[309.131559] (-) TimerEvent: {}
[309.232445] (-) TimerEvent: {}
[309.333387] (-) TimerEvent: {}
[309.434331] (-) TimerEvent: {}
[309.535282] (-) TimerEvent: {}
[309.636234] (-) TimerEvent: {}
[309.737217] (-) TimerEvent: {}
[309.838150] (-) TimerEvent: {}
[309.939105] (-) TimerEvent: {}
[310.040075] (-) TimerEvent: {}
[310.141018] (-) TimerEvent: {}
[310.241996] (-) TimerEvent: {}
[310.342919] (-) TimerEvent: {}
[310.443829] (-) TimerEvent: {}
[310.544746] (-) TimerEvent: {}
[310.645681] (-) TimerEvent: {}
[310.746697] (-) TimerEvent: {}
[310.847612] (-) TimerEvent: {}
[310.948580] (-) TimerEvent: {}
[311.049554] (-) TimerEvent: {}
[311.150516] (-) TimerEvent: {}
[311.251917] (-) TimerEvent: {}
[311.352856] (-) TimerEvent: {}
[311.453845] (-) TimerEvent: {}
[311.554799] (-) TimerEvent: {}
[311.655731] (-) TimerEvent: {}
[311.756724] (-) TimerEvent: {}
[311.857631] (-) TimerEvent: {}
[311.958584] (-) TimerEvent: {}
[312.059468] (-) TimerEvent: {}
[312.160316] (-) TimerEvent: {}
[312.261251] (-) TimerEvent: {}
[312.362133] (-) TimerEvent: {}
[312.462986] (-) TimerEvent: {}
[312.563911] (-) TimerEvent: {}
[312.664860] (-) TimerEvent: {}
[312.765788] (-) TimerEvent: {}
[312.866686] (-) TimerEvent: {}
[312.967628] (-) TimerEvent: {}
[313.068514] (-) TimerEvent: {}
[313.169333] (-) TimerEvent: {}
[313.270223] (-) TimerEvent: {}
[313.371194] (-) TimerEvent: {}
[313.472191] (-) TimerEvent: {}
[313.573152] (-) TimerEvent: {}
[313.674092] (-) TimerEvent: {}
[313.774994] (-) TimerEvent: {}
[313.879021] (-) TimerEvent: {}
[313.981266] (-) TimerEvent: {}
[314.082207] (-) TimerEvent: {}
[314.183171] (-) TimerEvent: {}
[314.284157] (-) TimerEvent: {}
[314.385158] (-) TimerEvent: {}
[314.486154] (-) TimerEvent: {}
[314.587123] (-) TimerEvent: {}
[314.688073] (-) TimerEvent: {}
[314.789026] (-) TimerEvent: {}
[314.889982] (-) TimerEvent: {}
[314.990871] (-) TimerEvent: {}
[315.091785] (-) TimerEvent: {}
[315.192694] (-) TimerEvent: {}
[315.293631] (-) TimerEvent: {}
[315.394558] (-) TimerEvent: {}
[315.495460] (-) TimerEvent: {}
[315.596362] (-) TimerEvent: {}
[315.697330] (-) TimerEvent: {}
[315.798301] (-) TimerEvent: {}
[315.899264] (-) TimerEvent: {}
[316.000178] (-) TimerEvent: {}
[316.101131] (-) TimerEvent: {}
[316.202025] (-) TimerEvent: {}
[316.303413] (-) TimerEvent: {}
[316.404385] (-) TimerEvent: {}
[316.505321] (-) TimerEvent: {}
[316.606189] (-) TimerEvent: {}
[316.707076] (-) TimerEvent: {}
[316.807931] (-) TimerEvent: {}
[316.908868] (-) TimerEvent: {}
[317.009837] (-) TimerEvent: {}
[317.110780] (-) TimerEvent: {}
[317.211749] (-) TimerEvent: {}
[317.312743] (-) TimerEvent: {}
[317.414050] (-) TimerEvent: {}
[317.514989] (-) TimerEvent: {}
[317.615953] (-) TimerEvent: {}
[317.716913] (-) TimerEvent: {}
[317.817899] (-) TimerEvent: {}
[317.918917] (-) TimerEvent: {}
[318.019885] (-) TimerEvent: {}
[318.120849] (-) TimerEvent: {}
[318.221822] (-) TimerEvent: {}
[318.322751] (-) TimerEvent: {}
[318.423701] (-) TimerEvent: {}
[318.524664] (-) TimerEvent: {}
[318.625626] (-) TimerEvent: {}
[318.726565] (-) TimerEvent: {}
[318.827508] (-) TimerEvent: {}
[318.928383] (-) TimerEvent: {}
[319.029171] (-) TimerEvent: {}
[319.130034] (-) TimerEvent: {}
[319.230957] (-) TimerEvent: {}
[319.331851] (-) TimerEvent: {}
[319.432766] (-) TimerEvent: {}
[319.533704] (-) TimerEvent: {}
[319.634647] (-) TimerEvent: {}
[319.735606] (-) TimerEvent: {}
[319.836563] (-) TimerEvent: {}
[319.937493] (-) TimerEvent: {}
[320.038425] (-) TimerEvent: {}
[320.139378] (-) TimerEvent: {}
[320.240355] (-) TimerEvent: {}
[320.341340] (-) TimerEvent: {}
[320.442307] (-) TimerEvent: {}
[320.543278] (-) TimerEvent: {}
[320.644223] (-) TimerEvent: {}
[320.745115] (-) TimerEvent: {}
[320.846064] (-) TimerEvent: {}
[320.946981] (-) TimerEvent: {}
[321.047883] (-) TimerEvent: {}
[321.148821] (-) TimerEvent: {}
[321.249788] (-) TimerEvent: {}
[321.351352] (-) TimerEvent: {}
[321.452234] (-) TimerEvent: {}
[321.553159] (-) TimerEvent: {}
[321.654118] (-) TimerEvent: {}
[321.755035] (-) TimerEvent: {}
[321.855915] (-) TimerEvent: {}
[321.956782] (-) TimerEvent: {}
[322.057691] (-) TimerEvent: {}
[322.158588] (-) TimerEvent: {}
[322.259460] (-) TimerEvent: {}
[322.360335] (-) TimerEvent: {}
[322.461319] (-) TimerEvent: {}
[322.562220] (-) TimerEvent: {}
[322.663147] (-) TimerEvent: {}
[322.764068] (-) TimerEvent: {}
[322.864976] (-) TimerEvent: {}
[322.965885] (-) TimerEvent: {}
[323.066797] (-) TimerEvent: {}
[323.167724] (-) TimerEvent: {}
[323.268644] (-) TimerEvent: {}
[323.369525] (-) TimerEvent: {}
[323.470342] (-) TimerEvent: {}
[323.571228] (-) TimerEvent: {}
[323.672115] (-) TimerEvent: {}
[323.772966] (-) TimerEvent: {}
[323.873805] (-) TimerEvent: {}
[323.974631] (-) TimerEvent: {}
[324.075478] (-) TimerEvent: {}
[324.176290] (-) TimerEvent: {}
[324.277043] (-) TimerEvent: {}
[324.377907] (-) TimerEvent: {}
[324.478771] (-) TimerEvent: {}
[324.579601] (-) TimerEvent: {}
[324.680480] (-) TimerEvent: {}
[324.781363] (-) TimerEvent: {}
[324.882244] (-) TimerEvent: {}
[324.983207] (-) TimerEvent: {}
[325.084144] (-) TimerEvent: {}
[325.185071] (-) TimerEvent: {}
[325.286040] (-) TimerEvent: {}
[325.386956] (-) TimerEvent: {}
[325.487891] (-) TimerEvent: {}
[325.588770] (-) TimerEvent: {}
[325.689657] (-) TimerEvent: {}
[325.790579] (-) TimerEvent: {}
[325.891444] (-) TimerEvent: {}
[325.992294] (-) TimerEvent: {}
[326.093209] (-) TimerEvent: {}
[326.194095] (-) TimerEvent: {}
[326.294990] (-) TimerEvent: {}
[326.396257] (-) TimerEvent: {}
[326.497139] (-) TimerEvent: {}
[326.598053] (-) TimerEvent: {}
[326.698897] (-) TimerEvent: {}
[326.799717] (-) TimerEvent: {}
[326.900581] (-) TimerEvent: {}
[327.001469] (-) TimerEvent: {}
[327.102330] (-) TimerEvent: {}
[327.203171] (-) TimerEvent: {}
[327.304052] (-) TimerEvent: {}
[327.404957] (-) TimerEvent: {}
[327.505878] (-) TimerEvent: {}
[327.606731] (-) TimerEvent: {}
[327.707598] (-) TimerEvent: {}
[327.808458] (-) TimerEvent: {}
[327.909322] (-) TimerEvent: {}
[328.010169] (-) TimerEvent: {}
[328.111047] (-) TimerEvent: {}
[328.211931] (-) TimerEvent: {}
[328.312766] (-) TimerEvent: {}
[328.413575] (-) TimerEvent: {}
[328.514375] (-) TimerEvent: {}
[328.615224] (-) TimerEvent: {}
[328.716069] (-) TimerEvent: {}
[328.820478] (-) TimerEvent: {}
[328.923539] (-) TimerEvent: {}
[329.024409] (-) TimerEvent: {}
[329.125301] (-) TimerEvent: {}
[329.226205] (-) TimerEvent: {}
[329.327083] (-) TimerEvent: {}
[329.401742] (rae_hw) StdoutLine: {'line': b'[  8%] Building CXX object CMakeFiles/rae_hw.dir/src/rae_motors.cpp.o\n'}
[329.427485] (-) TimerEvent: {}
[329.528378] (-) TimerEvent: {}
[329.629305] (-) TimerEvent: {}
[329.730192] (-) TimerEvent: {}
[329.831159] (-) TimerEvent: {}
[329.932201] (-) TimerEvent: {}
[330.033048] (-) TimerEvent: {}
[330.133914] (-) TimerEvent: {}
[330.234802] (-) TimerEvent: {}
[330.335652] (-) TimerEvent: {}
[330.436545] (-) TimerEvent: {}
[330.537450] (-) TimerEvent: {}
[330.638313] (-) TimerEvent: {}
[330.739168] (-) TimerEvent: {}
[330.840068] (-) TimerEvent: {}
[330.940981] (-) TimerEvent: {}
[331.041942] (-) TimerEvent: {}
[331.142862] (-) TimerEvent: {}
[331.243742] (-) TimerEvent: {}
[331.344610] (-) TimerEvent: {}
[331.446108] (-) TimerEvent: {}
[331.546988] (-) TimerEvent: {}
[331.647850] (-) TimerEvent: {}
[331.748567] (-) TimerEvent: {}
[331.849406] (-) TimerEvent: {}
[331.950280] (-) TimerEvent: {}
[332.051209] (-) TimerEvent: {}
[332.152140] (-) TimerEvent: {}
[332.253051] (-) TimerEvent: {}
[332.353934] (-) TimerEvent: {}
[332.454802] (-) TimerEvent: {}
[332.555686] (-) TimerEvent: {}
[332.656600] (-) TimerEvent: {}
[332.757520] (-) TimerEvent: {}
[332.858463] (-) TimerEvent: {}
[332.959334] (-) TimerEvent: {}
[333.060201] (-) TimerEvent: {}
[333.161106] (-) TimerEvent: {}
[333.262026] (-) TimerEvent: {}
[333.362950] (-) TimerEvent: {}
[333.463878] (-) TimerEvent: {}
[333.564778] (-) TimerEvent: {}
[333.665704] (-) TimerEvent: {}
[333.766616] (-) TimerEvent: {}
[333.867518] (-) TimerEvent: {}
[333.968460] (-) TimerEvent: {}
[334.069471] (-) TimerEvent: {}
[334.170370] (-) TimerEvent: {}
[334.271219] (-) TimerEvent: {}
[334.372190] (-) TimerEvent: {}
[334.473168] (-) TimerEvent: {}
[334.574079] (-) TimerEvent: {}
[334.674947] (-) TimerEvent: {}
[334.775833] (-) TimerEvent: {}
[334.876732] (-) TimerEvent: {}
[334.977600] (-) TimerEvent: {}
[335.078469] (-) TimerEvent: {}
[335.179378] (-) TimerEvent: {}
[335.280311] (-) TimerEvent: {}
[335.381245] (-) TimerEvent: {}
[335.482209] (-) TimerEvent: {}
[335.583139] (-) TimerEvent: {}
[335.684034] (-) TimerEvent: {}
[335.784966] (-) TimerEvent: {}
[335.885930] (-) TimerEvent: {}
[335.986844] (-) TimerEvent: {}
[336.087754] (-) TimerEvent: {}
[336.188741] (-) TimerEvent: {}
[336.289731] (-) TimerEvent: {}
[336.390677] (-) TimerEvent: {}
[336.492177] (-) TimerEvent: {}
[336.593103] (-) TimerEvent: {}
[336.694038] (-) TimerEvent: {}
[336.794957] (-) TimerEvent: {}
[336.895872] (-) TimerEvent: {}
[336.996771] (-) TimerEvent: {}
[337.097683] (-) TimerEvent: {}
[337.198583] (-) TimerEvent: {}
[337.299477] (-) TimerEvent: {}
[337.400323] (-) TimerEvent: {}
[337.501227] (-) TimerEvent: {}
[337.602120] (-) TimerEvent: {}
[337.703035] (-) TimerEvent: {}
[337.803936] (-) TimerEvent: {}
[337.904852] (-) TimerEvent: {}
[338.005784] (-) TimerEvent: {}
[338.106689] (-) TimerEvent: {}
[338.207575] (-) TimerEvent: {}
[338.308482] (-) TimerEvent: {}
[338.409430] (-) TimerEvent: {}
[338.510346] (-) TimerEvent: {}
[338.611252] (-) TimerEvent: {}
[338.712168] (-) TimerEvent: {}
[338.813023] (-) TimerEvent: {}
[338.913880] (-) TimerEvent: {}
[339.014763] (-) TimerEvent: {}
[339.115630] (-) TimerEvent: {}
[339.216473] (-) TimerEvent: {}
[339.317382] (-) TimerEvent: {}
[339.418262] (-) TimerEvent: {}
[339.519171] (-) TimerEvent: {}
[339.620045] (-) TimerEvent: {}
[339.720905] (-) TimerEvent: {}
[339.821787] (-) TimerEvent: {}
[339.922667] (-) TimerEvent: {}
[340.023573] (-) TimerEvent: {}
[340.124492] (-) TimerEvent: {}
[340.225465] (-) TimerEvent: {}
[340.326342] (-) TimerEvent: {}
[340.427267] (-) TimerEvent: {}
[340.528164] (-) TimerEvent: {}
[340.629074] (-) TimerEvent: {}
[340.729958] (-) TimerEvent: {}
[340.830863] (-) TimerEvent: {}
[340.931784] (-) TimerEvent: {}
[341.032720] (-) TimerEvent: {}
[341.133618] (-) TimerEvent: {}
[341.234502] (-) TimerEvent: {}
[341.335412] (-) TimerEvent: {}
[341.436351] (-) TimerEvent: {}
[341.537778] (-) TimerEvent: {}
[341.638732] (-) TimerEvent: {}
[341.739691] (-) TimerEvent: {}
[341.840615] (-) TimerEvent: {}
[341.941532] (-) TimerEvent: {}
[342.042441] (-) TimerEvent: {}
[342.143394] (-) TimerEvent: {}
[342.244331] (-) TimerEvent: {}
[342.345254] (-) TimerEvent: {}
[342.446215] (-) TimerEvent: {}
[342.547206] (-) TimerEvent: {}
[342.648158] (-) TimerEvent: {}
[342.749119] (-) TimerEvent: {}
[342.850100] (-) TimerEvent: {}
[342.951020] (-) TimerEvent: {}
[343.051957] (-) TimerEvent: {}
[343.152928] (-) TimerEvent: {}
[343.253895] (-) TimerEvent: {}
[343.354837] (-) TimerEvent: {}
[343.455778] (-) TimerEvent: {}
[343.556708] (-) TimerEvent: {}
[343.657651] (-) TimerEvent: {}
[343.758615] (-) TimerEvent: {}
[343.862265] (-) TimerEvent: {}
[343.966934] (-) TimerEvent: {}
[344.067868] (-) TimerEvent: {}
[344.168832] (-) TimerEvent: {}
[344.269794] (-) TimerEvent: {}
[344.370728] (-) TimerEvent: {}
[344.471628] (-) TimerEvent: {}
[344.572544] (-) TimerEvent: {}
[344.673500] (-) TimerEvent: {}
[344.774465] (-) TimerEvent: {}
[344.875412] (-) TimerEvent: {}
[344.976336] (-) TimerEvent: {}
[345.077282] (-) TimerEvent: {}
[345.178206] (-) TimerEvent: {}
[345.279086] (-) TimerEvent: {}
[345.379976] (-) TimerEvent: {}
[345.480892] (-) TimerEvent: {}
[345.581835] (-) TimerEvent: {}
[345.682723] (-) TimerEvent: {}
[345.783641] (-) TimerEvent: {}
[345.884539] (-) TimerEvent: {}
[345.985432] (-) TimerEvent: {}
[346.086273] (-) TimerEvent: {}
[346.187117] (-) TimerEvent: {}
[346.288032] (-) TimerEvent: {}
[346.388960] (-) TimerEvent: {}
[346.489900] (-) TimerEvent: {}
[346.591238] (-) TimerEvent: {}
[346.692054] (-) TimerEvent: {}
[346.792939] (-) TimerEvent: {}
[346.893868] (-) TimerEvent: {}
[346.994800] (-) TimerEvent: {}
[347.095711] (-) TimerEvent: {}
[347.196624] (-) TimerEvent: {}
[347.297530] (-) TimerEvent: {}
[347.398381] (-) TimerEvent: {}
[347.499235] (-) TimerEvent: {}
[347.600142] (-) TimerEvent: {}
[347.701090] (-) TimerEvent: {}
[347.802043] (-) TimerEvent: {}
[347.902933] (-) TimerEvent: {}
[348.003853] (-) TimerEvent: {}
[348.104734] (-) TimerEvent: {}
[348.205593] (-) TimerEvent: {}
[348.306460] (-) TimerEvent: {}
[348.407342] (-) TimerEvent: {}
[348.508258] (-) TimerEvent: {}
[348.609180] (-) TimerEvent: {}
[348.710068] (-) TimerEvent: {}
[348.810948] (-) TimerEvent: {}
[348.911827] (-) TimerEvent: {}
[349.012752] (-) TimerEvent: {}
[349.113764] (-) TimerEvent: {}
[349.214690] (-) TimerEvent: {}
[349.315620] (-) TimerEvent: {}
[349.416522] (-) TimerEvent: {}
[349.517402] (-) TimerEvent: {}
[349.618302] (-) TimerEvent: {}
[349.719174] (-) TimerEvent: {}
[349.820067] (-) TimerEvent: {}
[349.920940] (-) TimerEvent: {}
[350.021840] (-) TimerEvent: {}
[350.122714] (-) TimerEvent: {}
[350.223580] (-) TimerEvent: {}
[350.324467] (-) TimerEvent: {}
[350.425361] (-) TimerEvent: {}
[350.526278] (-) TimerEvent: {}
[350.627219] (-) TimerEvent: {}
[350.728151] (-) TimerEvent: {}
[350.829111] (-) TimerEvent: {}
[350.930042] (-) TimerEvent: {}
[351.030883] (-) TimerEvent: {}
[351.131716] (-) TimerEvent: {}
[351.232557] (-) TimerEvent: {}
[351.333473] (-) TimerEvent: {}
[351.434328] (-) TimerEvent: {}
[351.535206] (-) TimerEvent: {}
[351.639860] (-) TimerEvent: {}
[351.740749] (-) TimerEvent: {}
[351.841639] (-) TimerEvent: {}
[351.942533] (-) TimerEvent: {}
[352.043450] (-) TimerEvent: {}
[352.144359] (-) TimerEvent: {}
[352.245288] (-) TimerEvent: {}
[352.346171] (-) TimerEvent: {}
[352.447081] (-) TimerEvent: {}
[352.547990] (-) TimerEvent: {}
[352.648897] (-) TimerEvent: {}
[352.749803] (-) TimerEvent: {}
[352.850658] (-) TimerEvent: {}
[352.951542] (-) TimerEvent: {}
[353.052422] (-) TimerEvent: {}
[353.153374] (-) TimerEvent: {}
[353.254329] (-) TimerEvent: {}
[353.355229] (-) TimerEvent: {}
[353.456103] (-) TimerEvent: {}
[353.556982] (-) TimerEvent: {}
[353.657882] (-) TimerEvent: {}
[353.758754] (-) TimerEvent: {}
[353.859653] (-) TimerEvent: {}
[353.960535] (-) TimerEvent: {}
[354.061447] (-) TimerEvent: {}
[354.162349] (-) TimerEvent: {}
[354.263173] (-) TimerEvent: {}
[354.364040] (-) TimerEvent: {}
[354.464953] (-) TimerEvent: {}
[354.565886] (-) TimerEvent: {}
[354.666822] (-) TimerEvent: {}
[354.767737] (-) TimerEvent: {}
[354.868608] (-) TimerEvent: {}
[354.969538] (-) TimerEvent: {}
[355.070426] (-) TimerEvent: {}
[355.171304] (-) TimerEvent: {}
[355.272209] (-) TimerEvent: {}
[355.373113] (-) TimerEvent: {}
[355.474017] (-) TimerEvent: {}
[355.574929] (-) TimerEvent: {}
[355.675853] (-) TimerEvent: {}
[355.776786] (-) TimerEvent: {}
[355.877709] (-) TimerEvent: {}
[355.978604] (-) TimerEvent: {}
[356.079477] (-) TimerEvent: {}
[356.180320] (-) TimerEvent: {}
[356.281176] (-) TimerEvent: {}
[356.382077] (-) TimerEvent: {}
[356.482942] (-) TimerEvent: {}
[356.583818] (-) TimerEvent: {}
[356.685011] (-) TimerEvent: {}
[356.785885] (-) TimerEvent: {}
[356.886760] (-) TimerEvent: {}
[356.987642] (-) TimerEvent: {}
[357.088493] (-) TimerEvent: {}
[357.189383] (-) TimerEvent: {}
[357.290278] (-) TimerEvent: {}
[357.391193] (-) TimerEvent: {}
[357.492066] (-) TimerEvent: {}
[357.592942] (-) TimerEvent: {}
[357.693803] (-) TimerEvent: {}
[357.794668] (-) TimerEvent: {}
[357.895614] (-) TimerEvent: {}
[357.996532] (-) TimerEvent: {}
[358.097981] (-) TimerEvent: {}
[358.198873] (-) TimerEvent: {}
[358.299736] (-) TimerEvent: {}
[358.407912] (-) TimerEvent: {}
[358.508806] (-) TimerEvent: {}
[358.609715] (-) TimerEvent: {}
[358.710580] (-) TimerEvent: {}
[358.814595] (-) TimerEvent: {}
[358.920897] (-) TimerEvent: {}
[359.024377] (-) TimerEvent: {}
[359.125258] (-) TimerEvent: {}
[359.226160] (-) TimerEvent: {}
[359.327025] (-) TimerEvent: {}
[359.427884] (-) TimerEvent: {}
[359.528749] (-) TimerEvent: {}
[359.629609] (-) TimerEvent: {}
[359.730502] (-) TimerEvent: {}
[359.831495] (-) TimerEvent: {}
[359.932483] (-) TimerEvent: {}
[360.033372] (-) TimerEvent: {}
[360.134206] (-) TimerEvent: {}
[360.235030] (-) TimerEvent: {}
[360.335896] (-) TimerEvent: {}
[360.436735] (-) TimerEvent: {}
[360.537593] (-) TimerEvent: {}
[360.638438] (-) TimerEvent: {}
[360.739270] (-) TimerEvent: {}
[360.840157] (-) TimerEvent: {}
[360.941045] (-) TimerEvent: {}
[361.041924] (-) TimerEvent: {}
[361.142795] (-) TimerEvent: {}
[361.243690] (-) TimerEvent: {}
[361.344567] (-) TimerEvent: {}
[361.445464] (-) TimerEvent: {}
[361.546352] (-) TimerEvent: {}
[361.647210] (-) TimerEvent: {}
[361.748084] (-) TimerEvent: {}
[361.848934] (-) TimerEvent: {}
[361.949863] (-) TimerEvent: {}
[362.050803] (-) TimerEvent: {}
[362.151729] (-) TimerEvent: {}
[362.252645] (-) TimerEvent: {}
[362.353531] (-) TimerEvent: {}
[362.454357] (-) TimerEvent: {}
[362.555264] (-) TimerEvent: {}
[362.656141] (-) TimerEvent: {}
[362.756998] (-) TimerEvent: {}
[362.857887] (-) TimerEvent: {}
[362.958767] (-) TimerEvent: {}
[363.059661] (-) TimerEvent: {}
[363.160554] (-) TimerEvent: {}
[363.261479] (-) TimerEvent: {}
[363.362433] (-) TimerEvent: {}
[363.463302] (-) TimerEvent: {}
[363.564130] (-) TimerEvent: {}
[363.664941] (-) TimerEvent: {}
[363.765780] (-) TimerEvent: {}
[363.866657] (-) TimerEvent: {}
[363.967538] (-) TimerEvent: {}
[364.068375] (-) TimerEvent: {}
[364.169220] (-) TimerEvent: {}
[364.270096] (-) TimerEvent: {}
[364.371004] (-) TimerEvent: {}
[364.471930] (-) TimerEvent: {}
[364.572819] (-) TimerEvent: {}
[364.673694] (-) TimerEvent: {}
[364.774587] (-) TimerEvent: {}
[364.875467] (-) TimerEvent: {}
[364.976330] (-) TimerEvent: {}
[365.077222] (-) TimerEvent: {}
[365.178093] (-) TimerEvent: {}
[365.278920] (-) TimerEvent: {}
[365.379771] (-) TimerEvent: {}
[365.480664] (-) TimerEvent: {}
[365.581573] (-) TimerEvent: {}
[365.682407] (-) TimerEvent: {}
[365.783242] (-) TimerEvent: {}
[365.884081] (-) TimerEvent: {}
[365.984975] (-) TimerEvent: {}
[366.085868] (-) TimerEvent: {}
[366.186712] (-) TimerEvent: {}
[366.287555] (-) TimerEvent: {}
[366.388412] (-) TimerEvent: {}
[366.442297] (rae_hw) StdoutLine: {'line': b'[ 13%] Building CXX object CMakeFiles/rae_hw.dir/src/peripherals/battery.cpp.o\n'}
[366.488803] (-) TimerEvent: {}
[366.589730] (-) TimerEvent: {}
[366.691225] (-) TimerEvent: {}
[366.792102] (-) TimerEvent: {}
[366.892950] (-) TimerEvent: {}
[366.993855] (-) TimerEvent: {}
[367.094708] (-) TimerEvent: {}
[367.195548] (-) TimerEvent: {}
[367.296416] (-) TimerEvent: {}
[367.397309] (-) TimerEvent: {}
[367.498183] (-) TimerEvent: {}
[367.599054] (-) TimerEvent: {}
[367.699953] (-) TimerEvent: {}
[367.800821] (-) TimerEvent: {}
[367.901691] (-) TimerEvent: {}
[368.002584] (-) TimerEvent: {}
[368.103433] (-) TimerEvent: {}
[368.204231] (-) TimerEvent: {}
[368.305078] (-) TimerEvent: {}
[368.405976] (-) TimerEvent: {}
[368.506779] (-) TimerEvent: {}
[368.607630] (-) TimerEvent: {}
[368.708499] (-) TimerEvent: {}
[368.809360] (-) TimerEvent: {}
[368.910212] (-) TimerEvent: {}
[369.011100] (-) TimerEvent: {}
[369.111955] (-) TimerEvent: {}
[369.212850] (-) TimerEvent: {}
[369.314125] (-) TimerEvent: {}
[369.414987] (-) TimerEvent: {}
[369.515860] (-) TimerEvent: {}
[369.616704] (-) TimerEvent: {}
[369.717682] (-) TimerEvent: {}
[369.818523] (-) TimerEvent: {}
[369.919384] (-) TimerEvent: {}
[370.020237] (-) TimerEvent: {}
[370.121123] (-) TimerEvent: {}
[370.222001] (-) TimerEvent: {}
[370.322862] (-) TimerEvent: {}
[370.423767] (-) TimerEvent: {}
[370.524678] (-) TimerEvent: {}
[370.625584] (-) TimerEvent: {}
[370.726401] (-) TimerEvent: {}
[370.827298] (-) TimerEvent: {}
[370.928247] (-) TimerEvent: {}
[371.029139] (-) TimerEvent: {}
[371.130007] (-) TimerEvent: {}
[371.230915] (-) TimerEvent: {}
[371.331809] (-) TimerEvent: {}
[371.432672] (-) TimerEvent: {}
[371.533546] (-) TimerEvent: {}
[371.634447] (-) TimerEvent: {}
[371.737552] (-) TimerEvent: {}
[371.838490] (-) TimerEvent: {}
[371.939452] (-) TimerEvent: {}
[372.040403] (-) TimerEvent: {}
[372.141278] (-) TimerEvent: {}
[372.242126] (-) TimerEvent: {}
[372.343010] (-) TimerEvent: {}
[372.443864] (-) TimerEvent: {}
[372.544739] (-) TimerEvent: {}
[372.645653] (-) TimerEvent: {}
[372.746563] (-) TimerEvent: {}
[372.847452] (-) TimerEvent: {}
[372.948380] (-) TimerEvent: {}
[373.049266] (-) TimerEvent: {}
[373.150152] (-) TimerEvent: {}
[373.251058] (-) TimerEvent: {}
[373.351975] (-) TimerEvent: {}
[373.452918] (-) TimerEvent: {}
[373.553798] (-) TimerEvent: {}
[373.654607] (-) TimerEvent: {}
[373.755467] (-) TimerEvent: {}
[373.859797] (-) TimerEvent: {}
[373.964896] (-) TimerEvent: {}
[374.065839] (-) TimerEvent: {}
[374.166750] (-) TimerEvent: {}
[374.267680] (-) TimerEvent: {}
[374.368601] (-) TimerEvent: {}
[374.469495] (-) TimerEvent: {}
[374.570427] (-) TimerEvent: {}
[374.671336] (-) TimerEvent: {}
[374.772185] (-) TimerEvent: {}
[374.873112] (-) TimerEvent: {}
[374.974021] (-) TimerEvent: {}
[375.074950] (-) TimerEvent: {}
[375.175822] (-) TimerEvent: {}
[375.276644] (-) TimerEvent: {}
[375.377491] (-) TimerEvent: {}
[375.478352] (-) TimerEvent: {}
[375.579253] (-) TimerEvent: {}
[375.680119] (-) TimerEvent: {}
[375.781018] (-) TimerEvent: {}
[375.881915] (-) TimerEvent: {}
[375.982746] (-) TimerEvent: {}
[376.083643] (-) TimerEvent: {}
[376.184521] (-) TimerEvent: {}
[376.285409] (-) TimerEvent: {}
[376.386308] (-) TimerEvent: {}
[376.487243] (-) TimerEvent: {}
[376.588270] (-) TimerEvent: {}
[376.689148] (-) TimerEvent: {}
[376.790070] (-) TimerEvent: {}
[376.890982] (-) TimerEvent: {}
[376.991907] (-) TimerEvent: {}
[377.109620] (-) TimerEvent: {}
[377.210523] (-) TimerEvent: {}
[377.311431] (-) TimerEvent: {}
[377.412329] (-) TimerEvent: {}
[377.513284] (-) TimerEvent: {}
[377.614244] (-) TimerEvent: {}
[377.715177] (-) TimerEvent: {}
[377.816097] (-) TimerEvent: {}
[377.917041] (-) TimerEvent: {}
[378.018052] (-) TimerEvent: {}
[378.119035] (-) TimerEvent: {}
[378.233638] (-) TimerEvent: {}
[378.337298] (-) TimerEvent: {}
[378.438203] (-) TimerEvent: {}
[378.539123] (-) TimerEvent: {}
[378.640016] (-) TimerEvent: {}
[378.740962] (-) TimerEvent: {}
[378.841898] (-) TimerEvent: {}
[378.942853] (-) TimerEvent: {}
[379.043805] (-) TimerEvent: {}
[379.144742] (-) TimerEvent: {}
[379.246007] (-) TimerEvent: {}
[379.353607] (-) TimerEvent: {}
[379.469646] (-) TimerEvent: {}
[379.570577] (-) TimerEvent: {}
[379.671479] (-) TimerEvent: {}
[379.772371] (-) TimerEvent: {}
[379.873289] (-) TimerEvent: {}
[379.974177] (-) TimerEvent: {}
[380.075094] (-) TimerEvent: {}
[380.176027] (-) TimerEvent: {}
[380.276961] (-) TimerEvent: {}
[380.377902] (-) TimerEvent: {}
[380.478781] (-) TimerEvent: {}
[380.589596] (-) TimerEvent: {}
[380.690448] (-) TimerEvent: {}
[380.791325] (-) TimerEvent: {}
[380.892181] (-) TimerEvent: {}
[380.997973] (-) TimerEvent: {}
[381.098872] (-) TimerEvent: {}
[381.199739] (-) TimerEvent: {}
[381.300610] (-) TimerEvent: {}
[381.401503] (-) TimerEvent: {}
[381.506933] (-) TimerEvent: {}
[381.607809] (-) TimerEvent: {}
[381.717641] (-) TimerEvent: {}
[381.819025] (-) TimerEvent: {}
[381.919922] (-) TimerEvent: {}
[382.020791] (-) TimerEvent: {}
[382.121686] (-) TimerEvent: {}
[382.222602] (-) TimerEvent: {}
[382.323493] (-) TimerEvent: {}
[382.424339] (-) TimerEvent: {}
[382.525223] (-) TimerEvent: {}
[382.626160] (-) TimerEvent: {}
[382.727026] (-) TimerEvent: {}
[382.827846] (-) TimerEvent: {}
[382.928746] (-) TimerEvent: {}
[383.029579] (-) TimerEvent: {}
[383.130373] (-) TimerEvent: {}
[383.231180] (-) TimerEvent: {}
[383.331983] (-) TimerEvent: {}
[383.432775] (-) TimerEvent: {}
[383.533605] (-) TimerEvent: {}
[383.634467] (-) TimerEvent: {}
[383.735276] (-) TimerEvent: {}
[383.836120] (-) TimerEvent: {}
[383.936986] (-) TimerEvent: {}
[384.037890] (-) TimerEvent: {}
[384.138781] (-) TimerEvent: {}
[384.239696] (-) TimerEvent: {}
[384.340586] (-) TimerEvent: {}
[384.441435] (-) TimerEvent: {}
[384.542232] (-) TimerEvent: {}
[384.643056] (-) TimerEvent: {}
[384.743956] (-) TimerEvent: {}
[384.844860] (-) TimerEvent: {}
[384.945785] (-) TimerEvent: {}
[385.046679] (-) TimerEvent: {}
[385.147604] (-) TimerEvent: {}
[385.248599] (-) TimerEvent: {}
[385.349529] (-) TimerEvent: {}
[385.450449] (-) TimerEvent: {}
[385.551364] (-) TimerEvent: {}
[385.652267] (-) TimerEvent: {}
[385.753221] (-) TimerEvent: {}
[385.854139] (-) TimerEvent: {}
[385.955082] (-) TimerEvent: {}
[386.056009] (-) TimerEvent: {}
[386.156926] (-) TimerEvent: {}
[386.257861] (-) TimerEvent: {}
[386.361606] (-) TimerEvent: {}
[386.462510] (-) TimerEvent: {}
[386.563412] (-) TimerEvent: {}
[386.664389] (-) TimerEvent: {}
[386.765451] (-) TimerEvent: {}
[386.866361] (-) TimerEvent: {}
[386.967290] (-) TimerEvent: {}
[387.068145] (-) TimerEvent: {}
[387.168985] (-) TimerEvent: {}
[387.269848] (-) TimerEvent: {}
[387.370690] (-) TimerEvent: {}
[387.477594] (-) TimerEvent: {}
[387.578352] (-) TimerEvent: {}
[387.679206] (-) TimerEvent: {}
[387.780069] (-) TimerEvent: {}
[387.880946] (-) TimerEvent: {}
[387.981929] (-) TimerEvent: {}
[388.082866] (-) TimerEvent: {}
[388.183776] (-) TimerEvent: {}
[388.284705] (-) TimerEvent: {}
[388.385627] (-) TimerEvent: {}
[388.486548] (-) TimerEvent: {}
[388.587589] (-) TimerEvent: {}
[388.688495] (-) TimerEvent: {}
[388.789364] (-) TimerEvent: {}
[388.890220] (-) TimerEvent: {}
[388.991062] (-) TimerEvent: {}
[389.091941] (-) TimerEvent: {}
[389.192852] (-) TimerEvent: {}
[389.293759] (-) TimerEvent: {}
[389.394666] (-) TimerEvent: {}
[389.495631] (-) TimerEvent: {}
[389.596543] (-) TimerEvent: {}
[389.697492] (-) TimerEvent: {}
[389.798432] (-) TimerEvent: {}
[389.899396] (-) TimerEvent: {}
[390.000289] (-) TimerEvent: {}
[390.101169] (-) TimerEvent: {}
[390.202080] (-) TimerEvent: {}
[390.302936] (-) TimerEvent: {}
[390.403772] (-) TimerEvent: {}
[390.504603] (-) TimerEvent: {}
[390.605425] (-) TimerEvent: {}
[390.706212] (-) TimerEvent: {}
[390.807050] (-) TimerEvent: {}
[390.907891] (-) TimerEvent: {}
[391.008754] (-) TimerEvent: {}
[391.109649] (-) TimerEvent: {}
[391.210550] (-) TimerEvent: {}
[391.311478] (-) TimerEvent: {}
[391.412378] (-) TimerEvent: {}
[391.513281] (-) TimerEvent: {}
[391.614206] (-) TimerEvent: {}
[391.715109] (-) TimerEvent: {}
[391.815977] (-) TimerEvent: {}
[391.916795] (-) TimerEvent: {}
[392.017688] (-) TimerEvent: {}
[392.118585] (-) TimerEvent: {}
[392.219511] (-) TimerEvent: {}
[392.320363] (-) TimerEvent: {}
[392.421230] (-) TimerEvent: {}
[392.522097] (-) TimerEvent: {}
[392.623015] (-) TimerEvent: {}
[392.723926] (-) TimerEvent: {}
[392.824821] (-) TimerEvent: {}
[392.925709] (-) TimerEvent: {}
[393.026605] (-) TimerEvent: {}
[393.141642] (-) TimerEvent: {}
[393.242472] (-) TimerEvent: {}
[393.343267] (-) TimerEvent: {}
[393.444051] (-) TimerEvent: {}
[393.544831] (-) TimerEvent: {}
[393.645627] (-) TimerEvent: {}
[393.746507] (-) TimerEvent: {}
[393.847504] (-) TimerEvent: {}
[393.948446] (-) TimerEvent: {}
[394.049392] (-) TimerEvent: {}
[394.150356] (-) TimerEvent: {}
[394.253619] (-) TimerEvent: {}
[394.354491] (-) TimerEvent: {}
[394.455336] (-) TimerEvent: {}
[394.556179] (-) TimerEvent: {}
[394.657029] (-) TimerEvent: {}
[394.757910] (-) TimerEvent: {}
[394.858873] (-) TimerEvent: {}
[394.959800] (-) TimerEvent: {}
[395.060709] (-) TimerEvent: {}
[395.161625] (-) TimerEvent: {}
[395.262516] (-) TimerEvent: {}
[395.363381] (-) TimerEvent: {}
[395.464275] (-) TimerEvent: {}
[395.565133] (-) TimerEvent: {}
[395.666009] (-) TimerEvent: {}
[395.766843] (-) TimerEvent: {}
[395.867712] (-) TimerEvent: {}
[395.968533] (-) TimerEvent: {}
[396.069353] (-) TimerEvent: {}
[396.170204] (-) TimerEvent: {}
[396.271072] (-) TimerEvent: {}
[396.371975] (-) TimerEvent: {}
[396.472823] (-) TimerEvent: {}
[396.573671] (-) TimerEvent: {}
[396.674457] (-) TimerEvent: {}
[396.775298] (-) TimerEvent: {}
[396.788714] (rae_camera) StdoutLine: {'line': b'[ 50%] Linking CXX executable stereo_pair\n'}
[396.875720] (-) TimerEvent: {}
[396.976684] (-) TimerEvent: {}
[397.077624] (-) TimerEvent: {}
[397.178559] (-) TimerEvent: {}
[397.279517] (-) TimerEvent: {}
[397.381613] (-) TimerEvent: {}
[397.482472] (-) TimerEvent: {}
[397.583350] (-) TimerEvent: {}
[397.685590] (-) TimerEvent: {}
[397.786406] (-) TimerEvent: {}
[397.887275] (-) TimerEvent: {}
[397.988180] (-) TimerEvent: {}
[398.089115] (-) TimerEvent: {}
[398.197628] (-) TimerEvent: {}
[398.298541] (-) TimerEvent: {}
[398.399495] (-) TimerEvent: {}
[398.500484] (-) TimerEvent: {}
[398.601435] (-) TimerEvent: {}
[398.702350] (-) TimerEvent: {}
[398.803210] (-) TimerEvent: {}
[398.904068] (-) TimerEvent: {}
[399.004958] (-) TimerEvent: {}
[399.105852] (-) TimerEvent: {}
[399.206730] (-) TimerEvent: {}
[399.307610] (-) TimerEvent: {}
[399.408512] (-) TimerEvent: {}
[399.509437] (-) TimerEvent: {}
[399.610284] (-) TimerEvent: {}
[399.711154] (-) TimerEvent: {}
[399.817597] (-) TimerEvent: {}
[399.918382] (-) TimerEvent: {}
[400.019304] (-) TimerEvent: {}
[400.120249] (-) TimerEvent: {}
[400.221227] (-) TimerEvent: {}
[400.322204] (-) TimerEvent: {}
[400.423164] (-) TimerEvent: {}
[400.524096] (-) TimerEvent: {}
[400.625040] (-) TimerEvent: {}
[400.725944] (-) TimerEvent: {}
[400.826771] (-) TimerEvent: {}
[400.929718] (-) TimerEvent: {}
[401.030629] (-) TimerEvent: {}
[401.131509] (-) TimerEvent: {}
[401.232422] (-) TimerEvent: {}
[401.333402] (-) TimerEvent: {}
[401.434337] (-) TimerEvent: {}
[401.535283] (-) TimerEvent: {}
[401.636078] (-) TimerEvent: {}
[401.736905] (-) TimerEvent: {}
[401.837787] (-) TimerEvent: {}
[401.938671] (-) TimerEvent: {}
[402.065602] (-) TimerEvent: {}
[402.166418] (-) TimerEvent: {}
[402.267223] (-) TimerEvent: {}
[402.367999] (-) TimerEvent: {}
[402.468775] (-) TimerEvent: {}
[402.569559] (-) TimerEvent: {}
[402.670322] (-) TimerEvent: {}
[402.771063] (-) TimerEvent: {}
[402.871851] (-) TimerEvent: {}
[402.972679] (-) TimerEvent: {}
[403.073486] (-) TimerEvent: {}
[403.181610] (-) TimerEvent: {}
[403.282374] (-) TimerEvent: {}
[403.383162] (-) TimerEvent: {}
[403.483984] (-) TimerEvent: {}
[403.584796] (-) TimerEvent: {}
[403.685595] (-) TimerEvent: {}
[403.778288] (rae_camera) StdoutLine: {'line': b'[ 50%] Built target stereo_pair\n'}
[403.785738] (-) TimerEvent: {}
[403.886455] (-) TimerEvent: {}
[403.987363] (-) TimerEvent: {}
[404.088305] (-) TimerEvent: {}
[404.189239] (-) TimerEvent: {}
[404.290122] (-) TimerEvent: {}
[404.390996] (-) TimerEvent: {}
[404.491850] (-) TimerEvent: {}
[404.592657] (-) TimerEvent: {}
[404.693474] (-) TimerEvent: {}
[404.794270] (-) TimerEvent: {}
[404.895059] (-) TimerEvent: {}
[404.995870] (-) TimerEvent: {}
[405.096658] (-) TimerEvent: {}
[405.197468] (-) TimerEvent: {}
[405.298256] (-) TimerEvent: {}
[405.399038] (-) TimerEvent: {}
[405.499825] (-) TimerEvent: {}
[405.600586] (-) TimerEvent: {}
[405.701397] (-) TimerEvent: {}
[405.802240] (-) TimerEvent: {}
[405.903102] (-) TimerEvent: {}
[406.003915] (-) TimerEvent: {}
[406.104716] (-) TimerEvent: {}
[406.205528] (-) TimerEvent: {}
[406.306312] (-) TimerEvent: {}
[406.407183] (-) TimerEvent: {}
[406.508040] (-) TimerEvent: {}
[406.541441] (rae_camera) StdoutLine: {'line': b'[ 60%] Linking CXX executable stereo_depth\n'}
[406.608441] (-) TimerEvent: {}
[406.709355] (-) TimerEvent: {}
[406.810240] (-) TimerEvent: {}
[406.911109] (-) TimerEvent: {}
[407.011990] (-) TimerEvent: {}
[407.112866] (-) TimerEvent: {}
[407.213753] (-) TimerEvent: {}
[407.314636] (-) TimerEvent: {}
[407.415477] (-) TimerEvent: {}
[407.516283] (-) TimerEvent: {}
[407.617136] (-) TimerEvent: {}
[407.718040] (-) TimerEvent: {}
[407.818906] (-) TimerEvent: {}
[407.919830] (-) TimerEvent: {}
[408.020739] (-) TimerEvent: {}
[408.121663] (-) TimerEvent: {}
[408.222517] (-) TimerEvent: {}
[408.323350] (-) TimerEvent: {}
[408.424228] (-) TimerEvent: {}
[408.525051] (-) TimerEvent: {}
[408.625948] (-) TimerEvent: {}
[408.726810] (-) TimerEvent: {}
[408.827696] (-) TimerEvent: {}
[408.928579] (-) TimerEvent: {}
[409.029496] (-) TimerEvent: {}
[409.130339] (-) TimerEvent: {}
[409.231127] (-) TimerEvent: {}
[409.331896] (-) TimerEvent: {}
[409.432669] (-) TimerEvent: {}
[409.533444] (-) TimerEvent: {}
[409.634215] (-) TimerEvent: {}
[409.734997] (-) TimerEvent: {}
[409.835757] (-) TimerEvent: {}
[409.936565] (-) TimerEvent: {}
[410.037434] (-) TimerEvent: {}
[410.138261] (-) TimerEvent: {}
[410.239048] (-) TimerEvent: {}
[410.339821] (-) TimerEvent: {}
[410.440637] (-) TimerEvent: {}
[410.541558] (-) TimerEvent: {}
[410.642499] (-) TimerEvent: {}
[410.676385] (rae_camera) StdoutLine: {'line': b'[ 60%] Built target stereo_depth\n'}
[410.742905] (-) TimerEvent: {}
[410.843869] (-) TimerEvent: {}
[410.944736] (-) TimerEvent: {}
[411.045625] (-) TimerEvent: {}
[411.146562] (-) TimerEvent: {}
[411.247441] (-) TimerEvent: {}
[411.348359] (-) TimerEvent: {}
[411.449321] (-) TimerEvent: {}
[411.550262] (-) TimerEvent: {}
[411.651186] (-) TimerEvent: {}
[411.752099] (-) TimerEvent: {}
[411.853037] (-) TimerEvent: {}
[411.953987] (-) TimerEvent: {}
[412.054949] (-) TimerEvent: {}
[412.155888] (-) TimerEvent: {}
[412.256815] (-) TimerEvent: {}
[412.357782] (-) TimerEvent: {}
[412.458738] (-) TimerEvent: {}
[412.559606] (-) TimerEvent: {}
[412.660358] (-) TimerEvent: {}
[412.761157] (-) TimerEvent: {}
[412.862006] (-) TimerEvent: {}
[412.962788] (-) TimerEvent: {}
[413.063565] (-) TimerEvent: {}
[413.165018] (-) TimerEvent: {}
[413.265909] (-) TimerEvent: {}
[413.366725] (-) TimerEvent: {}
[413.467573] (-) TimerEvent: {}
[413.568413] (-) TimerEvent: {}
[413.669264] (-) TimerEvent: {}
[413.770115] (-) TimerEvent: {}
[413.870974] (-) TimerEvent: {}
[413.971776] (-) TimerEvent: {}
[414.072566] (-) TimerEvent: {}
[414.173352] (-) TimerEvent: {}
[414.274217] (-) TimerEvent: {}
[414.375169] (-) TimerEvent: {}
[414.476045] (-) TimerEvent: {}
[414.576946] (-) TimerEvent: {}
[414.677955] (-) TimerEvent: {}
[414.779211] (-) TimerEvent: {}
[414.889664] (-) TimerEvent: {}
[414.990589] (-) TimerEvent: {}
[415.091536] (-) TimerEvent: {}
[415.192493] (-) TimerEvent: {}
[415.293464] (-) TimerEvent: {}
[415.403788] (-) TimerEvent: {}
[415.504758] (-) TimerEvent: {}
[415.605752] (-) TimerEvent: {}
[415.706735] (-) TimerEvent: {}
[415.807663] (-) TimerEvent: {}
[415.909659] (-) TimerEvent: {}
[416.010600] (-) TimerEvent: {}
[416.111545] (-) TimerEvent: {}
[416.212493] (-) TimerEvent: {}
[416.313448] (-) TimerEvent: {}
[416.414437] (-) TimerEvent: {}
[416.515418] (-) TimerEvent: {}
[416.616396] (-) TimerEvent: {}
[416.717363] (-) TimerEvent: {}
[416.818301] (-) TimerEvent: {}
[416.919246] (-) TimerEvent: {}
[417.021688] (-) TimerEvent: {}
[417.122652] (-) TimerEvent: {}
[417.223629] (-) TimerEvent: {}
[417.324602] (-) TimerEvent: {}
[417.425567] (-) TimerEvent: {}
[417.526541] (-) TimerEvent: {}
[417.627499] (-) TimerEvent: {}
[417.728641] (-) TimerEvent: {}
[417.829661] (-) TimerEvent: {}
[417.930626] (-) TimerEvent: {}
[418.031581] (-) TimerEvent: {}
[418.132567] (-) TimerEvent: {}
[418.234084] (-) TimerEvent: {}
[418.334998] (-) TimerEvent: {}
[418.435977] (-) TimerEvent: {}
[418.536945] (-) TimerEvent: {}
[418.637869] (-) TimerEvent: {}
[418.738788] (-) TimerEvent: {}
[418.839766] (-) TimerEvent: {}
[418.940728] (-) TimerEvent: {}
[419.041748] (-) TimerEvent: {}
[419.142710] (-) TimerEvent: {}
[419.240897] (rae_camera) StdoutLine: {'line': b'[ 70%] Linking CXX executable camera\n'}
[419.242829] (-) TimerEvent: {}
[419.343569] (-) TimerEvent: {}
[419.444514] (-) TimerEvent: {}
[419.545493] (-) TimerEvent: {}
[419.646474] (-) TimerEvent: {}
[419.747413] (-) TimerEvent: {}
[419.848338] (-) TimerEvent: {}
[419.949289] (-) TimerEvent: {}
[420.050243] (-) TimerEvent: {}
[420.151116] (-) TimerEvent: {}
[420.251950] (-) TimerEvent: {}
[420.352762] (-) TimerEvent: {}
[420.453579] (-) TimerEvent: {}
[420.554393] (-) TimerEvent: {}
[420.655222] (-) TimerEvent: {}
[420.756095] (-) TimerEvent: {}
[420.856944] (-) TimerEvent: {}
[420.957811] (-) TimerEvent: {}
[421.058608] (-) TimerEvent: {}
[421.159386] (-) TimerEvent: {}
[421.260154] (-) TimerEvent: {}
[421.360932] (-) TimerEvent: {}
[421.461764] (-) TimerEvent: {}
[421.562543] (-) TimerEvent: {}
[421.663335] (-) TimerEvent: {}
[421.764115] (-) TimerEvent: {}
[421.864882] (-) TimerEvent: {}
[421.965659] (-) TimerEvent: {}
[422.066414] (-) TimerEvent: {}
[422.167211] (-) TimerEvent: {}
[422.267977] (-) TimerEvent: {}
[422.368820] (-) TimerEvent: {}
[422.469698] (-) TimerEvent: {}
[422.534776] (rae_camera) StdoutLine: {'line': b'[ 70%] Built target camera\n'}
[422.570004] (-) TimerEvent: {}
[422.670800] (-) TimerEvent: {}
[422.771624] (-) TimerEvent: {}
[422.872447] (-) TimerEvent: {}
[422.973339] (-) TimerEvent: {}
[423.074224] (-) TimerEvent: {}
[423.175025] (-) TimerEvent: {}
[423.276372] (-) TimerEvent: {}
[423.377221] (-) TimerEvent: {}
[423.478073] (-) TimerEvent: {}
[423.579009] (-) TimerEvent: {}
[423.679918] (-) TimerEvent: {}
[423.780789] (-) TimerEvent: {}
[423.881676] (-) TimerEvent: {}
[423.982607] (-) TimerEvent: {}
[424.083508] (-) TimerEvent: {}
[424.184421] (-) TimerEvent: {}
[424.285386] (-) TimerEvent: {}
[424.386312] (-) TimerEvent: {}
[424.487228] (-) TimerEvent: {}
[424.588166] (-) TimerEvent: {}
[424.689118] (-) TimerEvent: {}
[424.790102] (-) TimerEvent: {}
[424.891079] (-) TimerEvent: {}
[424.992032] (-) TimerEvent: {}
[425.092971] (-) TimerEvent: {}
[425.193935] (-) TimerEvent: {}
[425.294859] (-) TimerEvent: {}
[425.395785] (-) TimerEvent: {}
[425.496713] (-) TimerEvent: {}
[425.597677] (-) TimerEvent: {}
[425.698658] (-) TimerEvent: {}
[425.799626] (-) TimerEvent: {}
[425.900543] (-) TimerEvent: {}
[426.001481] (-) TimerEvent: {}
[426.102420] (-) TimerEvent: {}
[426.203341] (-) TimerEvent: {}
[426.304284] (-) TimerEvent: {}
[426.405230] (-) TimerEvent: {}
[426.506103] (-) TimerEvent: {}
[426.606967] (-) TimerEvent: {}
[426.707826] (-) TimerEvent: {}
[426.808653] (-) TimerEvent: {}
[426.909490] (-) TimerEvent: {}
[427.010349] (-) TimerEvent: {}
[427.111249] (-) TimerEvent: {}
[427.212158] (-) TimerEvent: {}
[427.313083] (-) TimerEvent: {}
[427.414035] (-) TimerEvent: {}
[427.514989] (-) TimerEvent: {}
[427.615952] (-) TimerEvent: {}
[427.716888] (-) TimerEvent: {}
[427.817865] (-) TimerEvent: {}
[427.918824] (-) TimerEvent: {}
[428.019734] (-) TimerEvent: {}
[428.120627] (-) TimerEvent: {}
[428.221612] (-) TimerEvent: {}
[428.322327] (-) TimerEvent: {}
[428.365392] (rae_camera) StdoutLine: {'line': b'[ 80%] Linking CXX executable yolo\n'}
[428.422712] (-) TimerEvent: {}
[428.523547] (-) TimerEvent: {}
[428.624373] (-) TimerEvent: {}
[428.725083] (-) TimerEvent: {}
[428.825918] (-) TimerEvent: {}
[428.926830] (-) TimerEvent: {}
[429.027700] (-) TimerEvent: {}
[429.128515] (-) TimerEvent: {}
[429.229272] (-) TimerEvent: {}
[429.329990] (-) TimerEvent: {}
[429.430874] (-) TimerEvent: {}
[429.531747] (-) TimerEvent: {}
[429.632615] (-) TimerEvent: {}
[429.733481] (-) TimerEvent: {}
[429.834321] (-) TimerEvent: {}
[429.935152] (-) TimerEvent: {}
[430.035954] (-) TimerEvent: {}
[430.136725] (-) TimerEvent: {}
[430.237526] (-) TimerEvent: {}
[430.338284] (-) TimerEvent: {}
[430.439070] (-) TimerEvent: {}
[430.539881] (-) TimerEvent: {}
[430.640684] (-) TimerEvent: {}
[430.741498] (-) TimerEvent: {}
[430.842349] (-) TimerEvent: {}
[430.921617] (rae_camera) StdoutLine: {'line': b'[ 80%] Built target yolo\n'}
[430.942703] (-) TimerEvent: {}
[431.043527] (-) TimerEvent: {}
[431.144338] (-) TimerEvent: {}
[431.245160] (-) TimerEvent: {}
[431.335795] (rae_camera) StdoutLine: {'line': b'[ 90%] Building CXX object CMakeFiles/perception_ipc_rtabmap.dir/src/perception_ipc_rtabmap.cpp.o\n'}
[431.345509] (-) TimerEvent: {}
[431.446303] (-) TimerEvent: {}
[431.547213] (-) TimerEvent: {}
[431.648072] (-) TimerEvent: {}
[431.748908] (-) TimerEvent: {}
[431.849784] (-) TimerEvent: {}
[431.950630] (-) TimerEvent: {}
[432.051492] (-) TimerEvent: {}
[432.152343] (-) TimerEvent: {}
[432.253177] (-) TimerEvent: {}
[432.354069] (-) TimerEvent: {}
[432.454921] (-) TimerEvent: {}
[432.555776] (-) TimerEvent: {}
[432.656612] (-) TimerEvent: {}
[432.757470] (-) TimerEvent: {}
[432.858305] (-) TimerEvent: {}
[432.959154] (-) TimerEvent: {}
[433.060012] (-) TimerEvent: {}
[433.160861] (-) TimerEvent: {}
[433.261724] (-) TimerEvent: {}
[433.362572] (-) TimerEvent: {}
[433.463401] (-) TimerEvent: {}
[433.564222] (-) TimerEvent: {}
[433.665023] (-) TimerEvent: {}
[433.765859] (-) TimerEvent: {}
[433.866686] (-) TimerEvent: {}
[433.967483] (-) TimerEvent: {}
[434.068297] (-) TimerEvent: {}
[434.169080] (-) TimerEvent: {}
[434.269893] (-) TimerEvent: {}
[434.370695] (-) TimerEvent: {}
[434.471522] (-) TimerEvent: {}
[434.572332] (-) TimerEvent: {}
[434.673130] (-) TimerEvent: {}
[434.773951] (-) TimerEvent: {}
[434.874777] (-) TimerEvent: {}
[434.975571] (-) TimerEvent: {}
[435.076373] (-) TimerEvent: {}
[435.177156] (-) TimerEvent: {}
[435.277961] (-) TimerEvent: {}
[435.378753] (-) TimerEvent: {}
[435.479551] (-) TimerEvent: {}
[435.580399] (-) TimerEvent: {}
[435.681289] (-) TimerEvent: {}
[435.782129] (-) TimerEvent: {}
[435.882977] (-) TimerEvent: {}
[435.983816] (-) TimerEvent: {}
[436.084620] (-) TimerEvent: {}
[436.185435] (-) TimerEvent: {}
[436.286315] (-) TimerEvent: {}
[436.387154] (-) TimerEvent: {}
[436.487980] (-) TimerEvent: {}
[436.588825] (-) TimerEvent: {}
[436.689698] (-) TimerEvent: {}
[436.790558] (-) TimerEvent: {}
[436.891413] (-) TimerEvent: {}
[436.992263] (-) TimerEvent: {}
[437.092960] (-) TimerEvent: {}
[437.193772] (-) TimerEvent: {}
[437.294622] (-) TimerEvent: {}
[437.395494] (-) TimerEvent: {}
[437.496345] (-) TimerEvent: {}
[437.597233] (-) TimerEvent: {}
[437.698077] (-) TimerEvent: {}
[437.798928] (-) TimerEvent: {}
[437.899802] (-) TimerEvent: {}
[438.000659] (-) TimerEvent: {}
[438.101551] (-) TimerEvent: {}
[438.202423] (-) TimerEvent: {}
[438.287420] (rae_hw) StdoutLine: {'line': b'[ 17%] Building CXX object CMakeFiles/test_max_speed.dir/test/test_max_speed.cpp.o\n'}
[438.302796] (-) TimerEvent: {}
[438.403689] (-) TimerEvent: {}
[438.504593] (-) TimerEvent: {}
[438.613106] (-) TimerEvent: {}
[438.714051] (-) TimerEvent: {}
[438.814948] (-) TimerEvent: {}
[438.915858] (-) TimerEvent: {}
[439.016770] (-) TimerEvent: {}
[439.117708] (-) TimerEvent: {}
[439.218600] (-) TimerEvent: {}
[439.319496] (-) TimerEvent: {}
[439.420352] (-) TimerEvent: {}
[439.521423] (-) TimerEvent: {}
[439.633589] (-) TimerEvent: {}
[439.666874] (rae_hw) StdoutLine: {'line': b'[ 21%] Building CXX object CMakeFiles/test_encoders.dir/test/test_encoders.cpp.o\n'}
[439.733953] (-) TimerEvent: {}
[439.834780] (-) TimerEvent: {}
[439.935618] (-) TimerEvent: {}
[440.036490] (-) TimerEvent: {}
[440.137404] (-) TimerEvent: {}
[440.238267] (-) TimerEvent: {}
[440.339139] (-) TimerEvent: {}
[440.439987] (-) TimerEvent: {}
[440.540826] (-) TimerEvent: {}
[440.641708] (-) TimerEvent: {}
[440.742579] (-) TimerEvent: {}
[440.843459] (-) TimerEvent: {}
[440.944345] (-) TimerEvent: {}
[441.045223] (-) TimerEvent: {}
[441.146131] (-) TimerEvent: {}
[441.247069] (-) TimerEvent: {}
[441.347978] (-) TimerEvent: {}
[441.448826] (-) TimerEvent: {}
[441.549711] (-) TimerEvent: {}
[441.650594] (-) TimerEvent: {}
[441.751431] (-) TimerEvent: {}
[441.852245] (-) TimerEvent: {}
[441.953076] (-) TimerEvent: {}
[442.053971] (-) TimerEvent: {}
[442.154877] (-) TimerEvent: {}
[442.255755] (-) TimerEvent: {}
[442.340239] (rae_hw) StdoutLine: {'line': b'[ 26%] Building CXX object CMakeFiles/test_motors.dir/test/test_motors.cpp.o\n'}
[442.356156] (-) TimerEvent: {}
[442.457074] (-) TimerEvent: {}
[442.557987] (-) TimerEvent: {}
[442.658895] (-) TimerEvent: {}
[442.759851] (-) TimerEvent: {}
[442.860710] (-) TimerEvent: {}
[442.961571] (-) TimerEvent: {}
[443.062435] (-) TimerEvent: {}
[443.163331] (-) TimerEvent: {}
[443.264198] (-) TimerEvent: {}
[443.365081] (-) TimerEvent: {}
[443.466018] (-) TimerEvent: {}
[443.566891] (-) TimerEvent: {}
[443.667799] (-) TimerEvent: {}
[443.768693] (-) TimerEvent: {}
[443.869593] (-) TimerEvent: {}
[443.970443] (-) TimerEvent: {}
[444.071315] (-) TimerEvent: {}
[444.172195] (-) TimerEvent: {}
[444.273054] (-) TimerEvent: {}
[444.373953] (-) TimerEvent: {}
[444.474841] (-) TimerEvent: {}
[444.575752] (-) TimerEvent: {}
[444.676686] (-) TimerEvent: {}
[444.777715] (-) TimerEvent: {}
[444.878638] (-) TimerEvent: {}
[444.979552] (-) TimerEvent: {}
[445.080446] (-) TimerEvent: {}
[445.181352] (-) TimerEvent: {}
[445.282238] (-) TimerEvent: {}
[445.383148] (-) TimerEvent: {}
[445.484080] (-) TimerEvent: {}
[445.585002] (-) TimerEvent: {}
[445.685959] (-) TimerEvent: {}
[445.786944] (-) TimerEvent: {}
[445.887939] (-) TimerEvent: {}
[445.988894] (-) TimerEvent: {}
[446.089824] (-) TimerEvent: {}
[446.190719] (-) TimerEvent: {}
[446.291671] (-) TimerEvent: {}
[446.392600] (-) TimerEvent: {}
[446.493604] (-) TimerEvent: {}
[446.594549] (-) TimerEvent: {}
[446.695526] (-) TimerEvent: {}
[446.796491] (-) TimerEvent: {}
[446.897416] (-) TimerEvent: {}
[446.998366] (-) TimerEvent: {}
[447.099341] (-) TimerEvent: {}
[447.200286] (-) TimerEvent: {}
[447.301294] (-) TimerEvent: {}
[447.402236] (-) TimerEvent: {}
[447.503209] (-) TimerEvent: {}
[447.604166] (-) TimerEvent: {}
[447.705137] (-) TimerEvent: {}
[447.806121] (-) TimerEvent: {}
[447.907061] (-) TimerEvent: {}
[448.008016] (-) TimerEvent: {}
[448.108970] (-) TimerEvent: {}
[448.209947] (-) TimerEvent: {}
[448.310947] (-) TimerEvent: {}
[448.411942] (-) TimerEvent: {}
[448.512895] (-) TimerEvent: {}
[448.613896] (-) TimerEvent: {}
[448.714864] (-) TimerEvent: {}
[448.815746] (-) TimerEvent: {}
[448.916602] (-) TimerEvent: {}
[449.017456] (-) TimerEvent: {}
[449.118342] (-) TimerEvent: {}
[449.219244] (-) TimerEvent: {}
[449.320107] (-) TimerEvent: {}
[449.421047] (-) TimerEvent: {}
[449.522035] (-) TimerEvent: {}
[449.622954] (-) TimerEvent: {}
[449.723870] (-) TimerEvent: {}
[449.824816] (-) TimerEvent: {}
[449.925753] (-) TimerEvent: {}
[450.026626] (-) TimerEvent: {}
[450.127500] (-) TimerEvent: {}
[450.228421] (-) TimerEvent: {}
[450.329338] (-) TimerEvent: {}
[450.430237] (-) TimerEvent: {}
[450.531123] (-) TimerEvent: {}
[450.632006] (-) TimerEvent: {}
[450.732858] (-) TimerEvent: {}
[450.833740] (-) TimerEvent: {}
[450.934614] (-) TimerEvent: {}
[451.035476] (-) TimerEvent: {}
[451.136371] (-) TimerEvent: {}
[451.237346] (-) TimerEvent: {}
[451.338258] (-) TimerEvent: {}
[451.439158] (-) TimerEvent: {}
[451.540068] (-) TimerEvent: {}
[451.640991] (-) TimerEvent: {}
[451.741949] (-) TimerEvent: {}
[451.842874] (-) TimerEvent: {}
[451.943759] (-) TimerEvent: {}
[452.044595] (-) TimerEvent: {}
[452.145456] (-) TimerEvent: {}
[452.246321] (-) TimerEvent: {}
[452.347229] (-) TimerEvent: {}
[452.448123] (-) TimerEvent: {}
[452.548976] (-) TimerEvent: {}
[452.649843] (-) TimerEvent: {}
[452.750689] (-) TimerEvent: {}
[452.851546] (-) TimerEvent: {}
[452.952394] (-) TimerEvent: {}
[453.053280] (-) TimerEvent: {}
[453.154093] (-) TimerEvent: {}
[453.254887] (-) TimerEvent: {}
[453.355747] (-) TimerEvent: {}
[453.456592] (-) TimerEvent: {}
[453.557478] (-) TimerEvent: {}
[453.658355] (-) TimerEvent: {}
[453.759213] (-) TimerEvent: {}
[453.860087] (-) TimerEvent: {}
[453.960997] (-) TimerEvent: {}
[454.061948] (-) TimerEvent: {}
[454.162922] (-) TimerEvent: {}
[454.263839] (-) TimerEvent: {}
[454.364744] (-) TimerEvent: {}
[454.465695] (-) TimerEvent: {}
[454.566600] (-) TimerEvent: {}
[454.667512] (-) TimerEvent: {}
[454.768428] (-) TimerEvent: {}
[454.869340] (-) TimerEvent: {}
[454.970227] (-) TimerEvent: {}
[455.071114] (-) TimerEvent: {}
[455.172003] (-) TimerEvent: {}
[455.272858] (-) TimerEvent: {}
[455.307019] (rae_hw) StdoutLine: {'line': b'[ 30%] Building CXX object CMakeFiles/test_max_speed.dir/src/rae_motors.cpp.o\n'}
[455.373253] (-) TimerEvent: {}
[455.474077] (-) TimerEvent: {}
[455.574908] (-) TimerEvent: {}
[455.577217] (rae_hw) StdoutLine: {'line': b'[ 34%] Building CXX object CMakeFiles/test_encoders.dir/src/rae_motors.cpp.o\n'}
[455.675283] (-) TimerEvent: {}
[455.776121] (-) TimerEvent: {}
[455.876981] (-) TimerEvent: {}
[455.977883] (-) TimerEvent: {}
[456.078738] (-) TimerEvent: {}
[456.179606] (-) TimerEvent: {}
[456.280471] (-) TimerEvent: {}
[456.381371] (-) TimerEvent: {}
[456.482218] (-) TimerEvent: {}
[456.583059] (-) TimerEvent: {}
[456.683889] (-) TimerEvent: {}
[456.784717] (-) TimerEvent: {}
[456.885598] (-) TimerEvent: {}
[456.986444] (-) TimerEvent: {}
[457.087305] (-) TimerEvent: {}
[457.188155] (-) TimerEvent: {}
[457.288983] (-) TimerEvent: {}
[457.389850] (-) TimerEvent: {}
[457.490705] (-) TimerEvent: {}
[457.591543] (-) TimerEvent: {}
[457.692352] (-) TimerEvent: {}
[457.795406] (-) TimerEvent: {}
[457.896341] (-) TimerEvent: {}
[457.997220] (-) TimerEvent: {}
[458.098074] (-) TimerEvent: {}
[458.198960] (-) TimerEvent: {}
[458.299871] (-) TimerEvent: {}
[458.400788] (-) TimerEvent: {}
[458.501753] (-) TimerEvent: {}
[458.602727] (-) TimerEvent: {}
[458.703663] (-) TimerEvent: {}
[458.804597] (-) TimerEvent: {}
[458.905549] (-) TimerEvent: {}
[459.006469] (-) TimerEvent: {}
[459.107345] (-) TimerEvent: {}
[459.208243] (-) TimerEvent: {}
[459.309107] (-) TimerEvent: {}
[459.409998] (-) TimerEvent: {}
[459.510923] (-) TimerEvent: {}
[459.520034] (rae_hw) StdoutLine: {'line': b'[ 39%] Building CXX object CMakeFiles/test_motors.dir/src/rae_motors.cpp.o\n'}
[459.611314] (-) TimerEvent: {}
[459.712229] (-) TimerEvent: {}
[459.813119] (-) TimerEvent: {}
[459.914065] (-) TimerEvent: {}
[460.014975] (-) TimerEvent: {}
[460.115936] (-) TimerEvent: {}
[460.216801] (-) TimerEvent: {}
[460.317723] (-) TimerEvent: {}
[460.418610] (-) TimerEvent: {}
[460.519472] (-) TimerEvent: {}
[460.620313] (-) TimerEvent: {}
[460.721158] (-) TimerEvent: {}
[460.822101] (-) TimerEvent: {}
[460.923014] (-) TimerEvent: {}
[461.023946] (-) TimerEvent: {}
[461.124898] (-) TimerEvent: {}
[461.225849] (-) TimerEvent: {}
[461.326803] (-) TimerEvent: {}
[461.427706] (-) TimerEvent: {}
[461.528611] (-) TimerEvent: {}
[461.629530] (-) TimerEvent: {}
[461.730406] (-) TimerEvent: {}
[461.831309] (-) TimerEvent: {}
[461.932259] (-) TimerEvent: {}
[462.033127] (-) TimerEvent: {}
[462.133934] (-) TimerEvent: {}
[462.234726] (-) TimerEvent: {}
[462.335568] (-) TimerEvent: {}
[462.436502] (-) TimerEvent: {}
[462.537456] (-) TimerEvent: {}
[462.638370] (-) TimerEvent: {}
[462.739319] (-) TimerEvent: {}
[462.840246] (-) TimerEvent: {}
[462.941158] (-) TimerEvent: {}
[463.042120] (-) TimerEvent: {}
[463.143048] (-) TimerEvent: {}
[463.244023] (-) TimerEvent: {}
[463.344974] (-) TimerEvent: {}
[463.445956] (-) TimerEvent: {}
[463.546887] (-) TimerEvent: {}
[463.647758] (-) TimerEvent: {}
[463.748632] (-) TimerEvent: {}
[463.850336] (-) TimerEvent: {}
[463.951308] (-) TimerEvent: {}
[464.052274] (-) TimerEvent: {}
[464.153279] (-) TimerEvent: {}
[464.254249] (-) TimerEvent: {}
[464.355199] (-) TimerEvent: {}
[464.456146] (-) TimerEvent: {}
[464.557101] (-) TimerEvent: {}
[464.658036] (-) TimerEvent: {}
[464.758936] (-) TimerEvent: {}
[464.859889] (-) TimerEvent: {}
[464.960834] (-) TimerEvent: {}
[465.061830] (-) TimerEvent: {}
[465.162783] (-) TimerEvent: {}
[465.263705] (-) TimerEvent: {}
[465.364643] (-) TimerEvent: {}
[465.465587] (-) TimerEvent: {}
[465.566560] (-) TimerEvent: {}
[465.667516] (-) TimerEvent: {}
[465.768471] (-) TimerEvent: {}
[465.869435] (-) TimerEvent: {}
[465.970444] (-) TimerEvent: {}
[466.071464] (-) TimerEvent: {}
[466.172369] (-) TimerEvent: {}
[466.273169] (-) TimerEvent: {}
[466.374056] (-) TimerEvent: {}
[466.474967] (-) TimerEvent: {}
[466.575863] (-) TimerEvent: {}
[466.676863] (-) TimerEvent: {}
[466.778235] (-) TimerEvent: {}
[466.879143] (-) TimerEvent: {}
[466.980102] (-) TimerEvent: {}
[467.081042] (-) TimerEvent: {}
[467.181978] (-) TimerEvent: {}
[467.282864] (-) TimerEvent: {}
[467.383805] (-) TimerEvent: {}
[467.484701] (-) TimerEvent: {}
[467.591630] (-) TimerEvent: {}
[467.692558] (-) TimerEvent: {}
[467.787188] (rae_hw) StdoutLine: {'line': b'[ 43%] Building CXX object CMakeFiles/rae_hw.dir/src/peripherals/lcd.cpp.o\n'}
[467.792754] (-) TimerEvent: {}
[467.893576] (-) TimerEvent: {}
[467.994480] (-) TimerEvent: {}
[468.095439] (-) TimerEvent: {}
[468.196392] (-) TimerEvent: {}
[468.297386] (-) TimerEvent: {}
[468.398350] (-) TimerEvent: {}
[468.499335] (-) TimerEvent: {}
[468.605777] (-) TimerEvent: {}
[468.706695] (-) TimerEvent: {}
[468.807644] (-) TimerEvent: {}
[468.909900] (-) TimerEvent: {}
[469.010785] (-) TimerEvent: {}
[469.111678] (-) TimerEvent: {}
[469.212605] (-) TimerEvent: {}
[469.313537] (-) TimerEvent: {}
[469.414483] (-) TimerEvent: {}
[469.515427] (-) TimerEvent: {}
[469.616365] (-) TimerEvent: {}
[469.717327] (-) TimerEvent: {}
[469.818253] (-) TimerEvent: {}
[469.919215] (-) TimerEvent: {}
[470.020179] (-) TimerEvent: {}
[470.121077] (-) TimerEvent: {}
[470.221965] (-) TimerEvent: {}
[470.322897] (-) TimerEvent: {}
[470.423814] (-) TimerEvent: {}
[470.524756] (-) TimerEvent: {}
[470.625662] (-) TimerEvent: {}
[470.726530] (-) TimerEvent: {}
[470.827385] (-) TimerEvent: {}
[470.928243] (-) TimerEvent: {}
[471.029100] (-) TimerEvent: {}
[471.130016] (-) TimerEvent: {}
[471.230940] (-) TimerEvent: {}
[471.331839] (-) TimerEvent: {}
[471.432764] (-) TimerEvent: {}
[471.533776] (-) TimerEvent: {}
[471.634711] (-) TimerEvent: {}
[471.735607] (-) TimerEvent: {}
[471.836540] (-) TimerEvent: {}
[471.937550] (-) TimerEvent: {}
[472.038484] (-) TimerEvent: {}
[472.139381] (-) TimerEvent: {}
[472.240310] (-) TimerEvent: {}
[472.341235] (-) TimerEvent: {}
[472.442115] (-) TimerEvent: {}
[472.542986] (-) TimerEvent: {}
[472.643852] (-) TimerEvent: {}
[472.744806] (-) TimerEvent: {}
[472.845839] (-) TimerEvent: {}
[472.946670] (-) TimerEvent: {}
[473.047497] (-) TimerEvent: {}
[473.148339] (-) TimerEvent: {}
[473.249244] (-) TimerEvent: {}
[473.350118] (-) TimerEvent: {}
[473.451030] (-) TimerEvent: {}
[473.551936] (-) TimerEvent: {}
[473.652881] (-) TimerEvent: {}
[473.753844] (-) TimerEvent: {}
[473.854758] (-) TimerEvent: {}
[473.955687] (-) TimerEvent: {}
[474.056616] (-) TimerEvent: {}
[474.157520] (-) TimerEvent: {}
[474.258378] (-) TimerEvent: {}
[474.359314] (-) TimerEvent: {}
[474.460276] (-) TimerEvent: {}
[474.561253] (-) TimerEvent: {}
[474.662230] (-) TimerEvent: {}
[474.763167] (-) TimerEvent: {}
[474.864051] (-) TimerEvent: {}
[474.964884] (-) TimerEvent: {}
[475.065751] (-) TimerEvent: {}
[475.166603] (-) TimerEvent: {}
[475.267428] (-) TimerEvent: {}
[475.368338] (-) TimerEvent: {}
[475.469261] (-) TimerEvent: {}
[475.570271] (-) TimerEvent: {}
[475.671219] (-) TimerEvent: {}
[475.772097] (-) TimerEvent: {}
[475.873179] (-) TimerEvent: {}
[475.974279] (-) TimerEvent: {}
[476.075186] (-) TimerEvent: {}
[476.176099] (-) TimerEvent: {}
[476.276995] (-) TimerEvent: {}
[476.377901] (-) TimerEvent: {}
[476.478788] (-) TimerEvent: {}
[476.579692] (-) TimerEvent: {}
[476.680566] (-) TimerEvent: {}
[476.781458] (-) TimerEvent: {}
[476.882359] (-) TimerEvent: {}
[476.983253] (-) TimerEvent: {}
[477.084165] (-) TimerEvent: {}
[477.185070] (-) TimerEvent: {}
[477.286020] (-) TimerEvent: {}
[477.386912] (-) TimerEvent: {}
[477.487785] (-) TimerEvent: {}
[477.588693] (-) TimerEvent: {}
[477.689589] (-) TimerEvent: {}
[477.790526] (-) TimerEvent: {}
[477.891486] (-) TimerEvent: {}
[477.992405] (-) TimerEvent: {}
[478.096501] (-) TimerEvent: {}
[478.201588] (-) TimerEvent: {}
[478.302529] (-) TimerEvent: {}
[478.403487] (-) TimerEvent: {}
[478.504439] (-) TimerEvent: {}
[478.605408] (-) TimerEvent: {}
[478.706295] (-) TimerEvent: {}
[478.810162] (-) TimerEvent: {}
[478.916599] (-) TimerEvent: {}
[479.021611] (-) TimerEvent: {}
[479.122929] (-) TimerEvent: {}
[479.223799] (-) TimerEvent: {}
[479.324726] (-) TimerEvent: {}
[479.425651] (-) TimerEvent: {}
[479.526565] (-) TimerEvent: {}
[479.627495] (-) TimerEvent: {}
[479.728460] (-) TimerEvent: {}
[479.829425] (-) TimerEvent: {}
[479.930387] (-) TimerEvent: {}
[480.031291] (-) TimerEvent: {}
[480.132176] (-) TimerEvent: {}
[480.233089] (-) TimerEvent: {}
[480.334023] (-) TimerEvent: {}
[480.434898] (-) TimerEvent: {}
[480.535754] (-) TimerEvent: {}
[480.636671] (-) TimerEvent: {}
[480.737609] (-) TimerEvent: {}
[480.838503] (-) TimerEvent: {}
[480.939347] (-) TimerEvent: {}
[481.040238] (-) TimerEvent: {}
[481.141149] (-) TimerEvent: {}
[481.242066] (-) TimerEvent: {}
[481.342960] (-) TimerEvent: {}
[481.443827] (-) TimerEvent: {}
[481.544704] (-) TimerEvent: {}
[481.645639] (-) TimerEvent: {}
[481.746567] (-) TimerEvent: {}
[481.847519] (-) TimerEvent: {}
[481.948460] (-) TimerEvent: {}
[482.049367] (-) TimerEvent: {}
[482.150216] (-) TimerEvent: {}
[482.251108] (-) TimerEvent: {}
[482.351953] (-) TimerEvent: {}
[482.452874] (-) TimerEvent: {}
[482.553778] (-) TimerEvent: {}
[482.654675] (-) TimerEvent: {}
[482.755519] (-) TimerEvent: {}
[482.856310] (-) TimerEvent: {}
[482.957163] (-) TimerEvent: {}
[483.058095] (-) TimerEvent: {}
[483.159001] (-) TimerEvent: {}
[483.259888] (-) TimerEvent: {}
[483.360798] (-) TimerEvent: {}
[483.461698] (-) TimerEvent: {}
[483.562635] (-) TimerEvent: {}
[483.663536] (-) TimerEvent: {}
[483.764394] (-) TimerEvent: {}
[483.865343] (-) TimerEvent: {}
[483.966207] (-) TimerEvent: {}
[484.067143] (-) TimerEvent: {}
[484.168093] (-) TimerEvent: {}
[484.269021] (-) TimerEvent: {}
[484.369981] (-) TimerEvent: {}
[484.470884] (-) TimerEvent: {}
[484.571830] (-) TimerEvent: {}
[484.672814] (-) TimerEvent: {}
[484.773792] (-) TimerEvent: {}
[484.874726] (-) TimerEvent: {}
[484.975577] (-) TimerEvent: {}
[485.076414] (-) TimerEvent: {}
[485.177310] (-) TimerEvent: {}
[485.278234] (-) TimerEvent: {}
[485.379178] (-) TimerEvent: {}
[485.480097] (-) TimerEvent: {}
[485.581015] (-) TimerEvent: {}
[485.681938] (-) TimerEvent: {}
[485.782852] (-) TimerEvent: {}
[485.883784] (-) TimerEvent: {}
[485.984676] (-) TimerEvent: {}
[486.085577] (-) TimerEvent: {}
[486.186481] (-) TimerEvent: {}
[486.287415] (-) TimerEvent: {}
[486.388334] (-) TimerEvent: {}
[486.489288] (-) TimerEvent: {}
[486.590215] (-) TimerEvent: {}
[486.691125] (-) TimerEvent: {}
[486.792057] (-) TimerEvent: {}
[486.893016] (-) TimerEvent: {}
[486.994007] (-) TimerEvent: {}
[487.094920] (-) TimerEvent: {}
[487.195850] (-) TimerEvent: {}
[487.296768] (-) TimerEvent: {}
[487.397667] (-) TimerEvent: {}
[487.498521] (-) TimerEvent: {}
[487.599314] (-) TimerEvent: {}
[487.700145] (-) TimerEvent: {}
[487.801002] (-) TimerEvent: {}
[487.901950] (-) TimerEvent: {}
[488.002909] (-) TimerEvent: {}
[488.103830] (-) TimerEvent: {}
[488.204760] (-) TimerEvent: {}
[488.305939] (-) TimerEvent: {}
[488.406818] (-) TimerEvent: {}
[488.507685] (-) TimerEvent: {}
[488.608531] (-) TimerEvent: {}
[488.709379] (-) TimerEvent: {}
[488.810243] (-) TimerEvent: {}
[488.911149] (-) TimerEvent: {}
[489.012031] (-) TimerEvent: {}
[489.112926] (-) TimerEvent: {}
[489.214266] (-) TimerEvent: {}
[489.315103] (-) TimerEvent: {}
[489.415947] (-) TimerEvent: {}
[489.516809] (-) TimerEvent: {}
[489.617660] (-) TimerEvent: {}
[489.718570] (-) TimerEvent: {}
[489.819424] (-) TimerEvent: {}
[489.903274] (rae_hw) StdoutLine: {'line': b'[ 47%] Linking CXX executable test_encoders\n'}
[489.919749] (-) TimerEvent: {}
[490.020625] (-) TimerEvent: {}
[490.121568] (-) TimerEvent: {}
[490.222493] (-) TimerEvent: {}
[490.323389] (-) TimerEvent: {}
[490.424218] (-) TimerEvent: {}
[490.525074] (-) TimerEvent: {}
[490.626357] (-) TimerEvent: {}
[490.727215] (-) TimerEvent: {}
[490.828099] (-) TimerEvent: {}
[490.929010] (-) TimerEvent: {}
[491.029957] (-) TimerEvent: {}
[491.130922] (-) TimerEvent: {}
[491.231916] (-) TimerEvent: {}
[491.332814] (-) TimerEvent: {}
[491.415107] (rae_hw) StdoutLine: {'line': b'[ 52%] Linking CXX executable test_max_speed\n'}
[491.433171] (-) TimerEvent: {}
[491.534063] (-) TimerEvent: {}
[491.563503] (rae_hw) StdoutLine: {'line': b'[ 52%] Built target test_encoders\n'}
[491.634469] (-) TimerEvent: {}
[491.735339] (-) TimerEvent: {}
[491.836236] (-) TimerEvent: {}
[491.937247] (-) TimerEvent: {}
[492.038221] (-) TimerEvent: {}
[492.139162] (-) TimerEvent: {}
[492.240037] (-) TimerEvent: {}
[492.340909] (-) TimerEvent: {}
[492.441820] (-) TimerEvent: {}
[492.542738] (-) TimerEvent: {}
[492.618909] (rae_hw) StdoutLine: {'line': b'[ 52%] Built target test_max_speed\n'}
[492.643075] (-) TimerEvent: {}
[492.743901] (-) TimerEvent: {}
[492.844765] (-) TimerEvent: {}
[492.945678] (-) TimerEvent: {}
[493.046546] (-) TimerEvent: {}
[493.147415] (-) TimerEvent: {}
[493.248234] (-) TimerEvent: {}
[493.349124] (-) TimerEvent: {}
[493.449996] (-) TimerEvent: {}
[493.550842] (-) TimerEvent: {}
[493.651686] (-) TimerEvent: {}
[493.752486] (-) TimerEvent: {}
[493.853351] (-) TimerEvent: {}
[493.954236] (-) TimerEvent: {}
[494.055202] (-) TimerEvent: {}
[494.156185] (-) TimerEvent: {}
[494.178774] (rae_hw) StdoutLine: {'line': b'[ 56%] Linking CXX executable test_motors\n'}
[494.256578] (-) TimerEvent: {}
[494.357528] (-) TimerEvent: {}
[494.458434] (-) TimerEvent: {}
[494.559362] (-) TimerEvent: {}
[494.660296] (-) TimerEvent: {}
[494.761279] (-) TimerEvent: {}
[494.862219] (-) TimerEvent: {}
[494.963171] (-) TimerEvent: {}
[495.064150] (-) TimerEvent: {}
[495.165040] (-) TimerEvent: {}
[495.265960] (-) TimerEvent: {}
[495.366877] (-) TimerEvent: {}
[495.467791] (-) TimerEvent: {}
[495.568749] (-) TimerEvent: {}
[495.667779] (rae_hw) StdoutLine: {'line': b'[ 56%] Built target test_motors\n'}
[495.669318] (-) TimerEvent: {}
[495.770052] (-) TimerEvent: {}
[495.870937] (-) TimerEvent: {}
[495.971835] (-) TimerEvent: {}
[496.072794] (-) TimerEvent: {}
[496.173785] (-) TimerEvent: {}
[496.274741] (-) TimerEvent: {}
[496.375696] (-) TimerEvent: {}
[496.476643] (-) TimerEvent: {}
[496.577623] (-) TimerEvent: {}
[496.678546] (-) TimerEvent: {}
[496.779460] (-) TimerEvent: {}
[496.880326] (-) TimerEvent: {}
[496.981302] (-) TimerEvent: {}
[497.082324] (-) TimerEvent: {}
[497.183203] (-) TimerEvent: {}
[497.284132] (-) TimerEvent: {}
[497.385088] (-) TimerEvent: {}
[497.486038] (-) TimerEvent: {}
[497.586978] (-) TimerEvent: {}
[497.687902] (-) TimerEvent: {}
[497.788846] (-) TimerEvent: {}
[497.889851] (-) TimerEvent: {}
[497.990725] (-) TimerEvent: {}
[498.091524] (-) TimerEvent: {}
[498.192319] (-) TimerEvent: {}
[498.293115] (-) TimerEvent: {}
[498.393935] (-) TimerEvent: {}
[498.494733] (-) TimerEvent: {}
[498.595522] (-) TimerEvent: {}
[498.696316] (-) TimerEvent: {}
[498.797119] (-) TimerEvent: {}
[498.897963] (-) TimerEvent: {}
[498.998769] (-) TimerEvent: {}
[499.099545] (-) TimerEvent: {}
[499.200293] (-) TimerEvent: {}
[499.301064] (-) TimerEvent: {}
[499.401937] (-) TimerEvent: {}
[499.502938] (-) TimerEvent: {}
[499.603924] (-) TimerEvent: {}
[499.704892] (-) TimerEvent: {}
[499.805890] (-) TimerEvent: {}
[499.906862] (-) TimerEvent: {}
[500.007827] (-) TimerEvent: {}
[500.108763] (-) TimerEvent: {}
[500.209768] (-) TimerEvent: {}
[500.310710] (-) TimerEvent: {}
[500.411640] (-) TimerEvent: {}
[500.512504] (-) TimerEvent: {}
[500.613389] (-) TimerEvent: {}
[500.714334] (-) TimerEvent: {}
[500.816515] (-) TimerEvent: {}
[500.917504] (-) TimerEvent: {}
[501.018487] (-) TimerEvent: {}
[501.119456] (-) TimerEvent: {}
[501.220392] (-) TimerEvent: {}
[501.321353] (-) TimerEvent: {}
[501.422307] (-) TimerEvent: {}
[501.523294] (-) TimerEvent: {}
[501.624281] (-) TimerEvent: {}
[501.725295] (-) TimerEvent: {}
[501.826277] (-) TimerEvent: {}
[501.927228] (-) TimerEvent: {}
[502.028203] (-) TimerEvent: {}
[502.129123] (-) TimerEvent: {}
[502.230122] (-) TimerEvent: {}
[502.331083] (-) TimerEvent: {}
[502.432045] (-) TimerEvent: {}
[502.533022] (-) TimerEvent: {}
[502.634023] (-) TimerEvent: {}
[502.734973] (-) TimerEvent: {}
[502.835848] (-) TimerEvent: {}
[502.936629] (-) TimerEvent: {}
[503.037469] (-) TimerEvent: {}
[503.138252] (-) TimerEvent: {}
[503.239050] (-) TimerEvent: {}
[503.339844] (-) TimerEvent: {}
[503.440605] (-) TimerEvent: {}
[503.541429] (-) TimerEvent: {}
[503.642213] (-) TimerEvent: {}
[503.743002] (-) TimerEvent: {}
[503.843793] (-) TimerEvent: {}
[503.944600] (-) TimerEvent: {}
[504.045437] (-) TimerEvent: {}
[504.146272] (-) TimerEvent: {}
[504.247244] (-) TimerEvent: {}
[504.348273] (-) TimerEvent: {}
[504.449303] (-) TimerEvent: {}
[504.550295] (-) TimerEvent: {}
[504.651273] (-) TimerEvent: {}
[504.752257] (-) TimerEvent: {}
[504.853228] (-) TimerEvent: {}
[504.954266] (-) TimerEvent: {}
[505.055247] (-) TimerEvent: {}
[505.156236] (-) TimerEvent: {}
[505.257246] (-) TimerEvent: {}
[505.358214] (-) TimerEvent: {}
[505.459202] (-) TimerEvent: {}
[505.560219] (-) TimerEvent: {}
[505.661254] (-) TimerEvent: {}
[505.762239] (-) TimerEvent: {}
[505.863194] (-) TimerEvent: {}
[505.964168] (-) TimerEvent: {}
[506.065142] (-) TimerEvent: {}
[506.166140] (-) TimerEvent: {}
[506.267103] (-) TimerEvent: {}
[506.368075] (-) TimerEvent: {}
[506.469020] (-) TimerEvent: {}
[506.570033] (-) TimerEvent: {}
[506.671019] (-) TimerEvent: {}
[506.771959] (-) TimerEvent: {}
[506.872890] (-) TimerEvent: {}
[506.973907] (-) TimerEvent: {}
[507.074894] (-) TimerEvent: {}
[507.175849] (-) TimerEvent: {}
[507.276836] (-) TimerEvent: {}
[507.377858] (-) TimerEvent: {}
[507.478825] (-) TimerEvent: {}
[507.579800] (-) TimerEvent: {}
[507.680755] (-) TimerEvent: {}
[507.781747] (-) TimerEvent: {}
[507.882723] (-) TimerEvent: {}
[507.983708] (-) TimerEvent: {}
[508.084653] (-) TimerEvent: {}
[508.185629] (-) TimerEvent: {}
[508.286585] (-) TimerEvent: {}
[508.387569] (-) TimerEvent: {}
[508.488503] (-) TimerEvent: {}
[508.589479] (-) TimerEvent: {}
[508.690446] (-) TimerEvent: {}
[508.791423] (-) TimerEvent: {}
[508.892396] (-) TimerEvent: {}
[508.993430] (-) TimerEvent: {}
[509.094432] (-) TimerEvent: {}
[509.195393] (-) TimerEvent: {}
[509.296364] (-) TimerEvent: {}
[509.397360] (-) TimerEvent: {}
[509.498339] (-) TimerEvent: {}
[509.599406] (-) TimerEvent: {}
[509.700343] (-) TimerEvent: {}
[509.801304] (-) TimerEvent: {}
[509.902272] (-) TimerEvent: {}
[510.003212] (-) TimerEvent: {}
[510.104154] (-) TimerEvent: {}
[510.205130] (-) TimerEvent: {}
[510.306123] (-) TimerEvent: {}
[510.407089] (-) TimerEvent: {}
[510.508042] (-) TimerEvent: {}
[510.609006] (-) TimerEvent: {}
[510.709934] (-) TimerEvent: {}
[510.810850] (-) TimerEvent: {}
[510.911800] (-) TimerEvent: {}
[511.012794] (-) TimerEvent: {}
[511.113780] (-) TimerEvent: {}
[511.214727] (-) TimerEvent: {}
[511.315668] (-) TimerEvent: {}
[511.416651] (-) TimerEvent: {}
[511.517655] (-) TimerEvent: {}
[511.618637] (-) TimerEvent: {}
[511.719589] (-) TimerEvent: {}
[511.820461] (-) TimerEvent: {}
[511.921363] (-) TimerEvent: {}
[512.022292] (-) TimerEvent: {}
[512.123201] (-) TimerEvent: {}
[512.224050] (-) TimerEvent: {}
[512.324869] (-) TimerEvent: {}
[512.425888] (-) TimerEvent: {}
[512.526848] (-) TimerEvent: {}
[512.627815] (-) TimerEvent: {}
[512.728806] (-) TimerEvent: {}
[512.829804] (-) TimerEvent: {}
[512.930786] (-) TimerEvent: {}
[513.031765] (-) TimerEvent: {}
[513.132720] (-) TimerEvent: {}
[513.233664] (-) TimerEvent: {}
[513.334648] (-) TimerEvent: {}
[513.435617] (-) TimerEvent: {}
[513.536606] (-) TimerEvent: {}
[513.637587] (-) TimerEvent: {}
[513.738576] (-) TimerEvent: {}
[513.839572] (-) TimerEvent: {}
[513.940336] (-) TimerEvent: {}
[514.041088] (-) TimerEvent: {}
[514.142057] (-) TimerEvent: {}
[514.243023] (-) TimerEvent: {}
[514.343958] (-) TimerEvent: {}
[514.444873] (-) TimerEvent: {}
[514.545867] (-) TimerEvent: {}
[514.646824] (-) TimerEvent: {}
[514.747811] (-) TimerEvent: {}
[514.848763] (-) TimerEvent: {}
[514.949733] (-) TimerEvent: {}
[515.050702] (-) TimerEvent: {}
[515.151690] (-) TimerEvent: {}
[515.252682] (-) TimerEvent: {}
[515.353761] (-) TimerEvent: {}
[515.454723] (-) TimerEvent: {}
[515.555677] (-) TimerEvent: {}
[515.656615] (-) TimerEvent: {}
[515.757632] (-) TimerEvent: {}
[515.858637] (-) TimerEvent: {}
[515.959626] (-) TimerEvent: {}
[516.060615] (-) TimerEvent: {}
[516.161621] (-) TimerEvent: {}
[516.262578] (-) TimerEvent: {}
[516.363589] (-) TimerEvent: {}
[516.464624] (-) TimerEvent: {}
[516.565628] (-) TimerEvent: {}
[516.666552] (-) TimerEvent: {}
[516.767511] (-) TimerEvent: {}
[516.868516] (-) TimerEvent: {}
[516.969447] (-) TimerEvent: {}
[517.070345] (-) TimerEvent: {}
[517.171303] (-) TimerEvent: {}
[517.272291] (-) TimerEvent: {}
[517.373278] (-) TimerEvent: {}
[517.474254] (-) TimerEvent: {}
[517.575214] (-) TimerEvent: {}
[517.676138] (-) TimerEvent: {}
[517.777135] (-) TimerEvent: {}
[517.878136] (-) TimerEvent: {}
[517.979109] (-) TimerEvent: {}
[518.080106] (-) TimerEvent: {}
[518.181084] (-) TimerEvent: {}
[518.282074] (-) TimerEvent: {}
[518.383080] (-) TimerEvent: {}
[518.484309] (-) TimerEvent: {}
[518.585442] (-) TimerEvent: {}
[518.686373] (-) TimerEvent: {}
[518.787279] (-) TimerEvent: {}
[518.888193] (-) TimerEvent: {}
[518.989140] (-) TimerEvent: {}
[519.090129] (-) TimerEvent: {}
[519.191101] (-) TimerEvent: {}
[519.292006] (-) TimerEvent: {}
[519.392919] (-) TimerEvent: {}
[519.493915] (-) TimerEvent: {}
[519.594854] (-) TimerEvent: {}
[519.695805] (-) TimerEvent: {}
[519.796785] (-) TimerEvent: {}
[519.897805] (-) TimerEvent: {}
[519.998738] (-) TimerEvent: {}
[520.099679] (-) TimerEvent: {}
[520.200655] (-) TimerEvent: {}
[520.301662] (-) TimerEvent: {}
[520.402616] (-) TimerEvent: {}
[520.503586] (-) TimerEvent: {}
[520.604544] (-) TimerEvent: {}
[520.705529] (-) TimerEvent: {}
[520.806492] (-) TimerEvent: {}
[520.907451] (-) TimerEvent: {}
[521.008405] (-) TimerEvent: {}
[521.109391] (-) TimerEvent: {}
[521.210367] (-) TimerEvent: {}
[521.311340] (-) TimerEvent: {}
[521.412325] (-) TimerEvent: {}
[521.513238] (-) TimerEvent: {}
[521.613998] (-) TimerEvent: {}
[521.714794] (-) TimerEvent: {}
[521.815653] (-) TimerEvent: {}
[521.916474] (-) TimerEvent: {}
[522.017330] (-) TimerEvent: {}
[522.118141] (-) TimerEvent: {}
[522.218954] (-) TimerEvent: {}
[522.319775] (-) TimerEvent: {}
[522.420573] (-) TimerEvent: {}
[522.521433] (-) TimerEvent: {}
[522.622244] (-) TimerEvent: {}
[522.723063] (-) TimerEvent: {}
[522.823884] (-) TimerEvent: {}
[522.924709] (-) TimerEvent: {}
[523.025559] (-) TimerEvent: {}
[523.126362] (-) TimerEvent: {}
[523.227152] (-) TimerEvent: {}
[523.327928] (-) TimerEvent: {}
[523.428703] (-) TimerEvent: {}
[523.529521] (-) TimerEvent: {}
[523.630297] (-) TimerEvent: {}
[523.731079] (-) TimerEvent: {}
[523.832322] (-) TimerEvent: {}
[523.933324] (-) TimerEvent: {}
[524.034294] (-) TimerEvent: {}
[524.135245] (-) TimerEvent: {}
[524.236237] (-) TimerEvent: {}
[524.337275] (-) TimerEvent: {}
[524.438281] (-) TimerEvent: {}
[524.539300] (-) TimerEvent: {}
[524.640287] (-) TimerEvent: {}
[524.741303] (-) TimerEvent: {}
[524.842288] (-) TimerEvent: {}
[524.943218] (-) TimerEvent: {}
[525.044156] (-) TimerEvent: {}
[525.145100] (-) TimerEvent: {}
[525.246075] (-) TimerEvent: {}
[525.347036] (-) TimerEvent: {}
[525.447951] (-) TimerEvent: {}
[525.548881] (-) TimerEvent: {}
[525.649871] (-) TimerEvent: {}
[525.750851] (-) TimerEvent: {}
[525.851819] (-) TimerEvent: {}
[525.952811] (-) TimerEvent: {}
[526.053833] (-) TimerEvent: {}
[526.154843] (-) TimerEvent: {}
[526.255847] (-) TimerEvent: {}
[526.356805] (-) TimerEvent: {}
[526.457799] (-) TimerEvent: {}
[526.558781] (-) TimerEvent: {}
[526.659770] (-) TimerEvent: {}
[526.760671] (-) TimerEvent: {}
[526.861675] (-) TimerEvent: {}
[526.962681] (-) TimerEvent: {}
[527.063676] (-) TimerEvent: {}
[527.164686] (-) TimerEvent: {}
[527.265661] (-) TimerEvent: {}
[527.366595] (-) TimerEvent: {}
[527.467562] (-) TimerEvent: {}
[527.568593] (-) TimerEvent: {}
[527.669609] (-) TimerEvent: {}
[527.770583] (-) TimerEvent: {}
[527.871604] (-) TimerEvent: {}
[527.972631] (-) TimerEvent: {}
[528.073660] (-) TimerEvent: {}
[528.174655] (-) TimerEvent: {}
[528.275705] (-) TimerEvent: {}
[528.376719] (-) TimerEvent: {}
[528.477781] (-) TimerEvent: {}
[528.578760] (-) TimerEvent: {}
[528.679753] (-) TimerEvent: {}
[528.780758] (-) TimerEvent: {}
[528.881751] (-) TimerEvent: {}
[528.982776] (-) TimerEvent: {}
[529.083823] (-) TimerEvent: {}
[529.184808] (-) TimerEvent: {}
[529.285837] (-) TimerEvent: {}
[529.386806] (-) TimerEvent: {}
[529.487807] (-) TimerEvent: {}
[529.588810] (-) TimerEvent: {}
[529.689855] (-) TimerEvent: {}
[529.790878] (-) TimerEvent: {}
[529.891889] (-) TimerEvent: {}
[529.992895] (-) TimerEvent: {}
[530.093980] (-) TimerEvent: {}
[530.195009] (-) TimerEvent: {}
[530.296007] (-) TimerEvent: {}
[530.396997] (-) TimerEvent: {}
[530.498029] (-) TimerEvent: {}
[530.599025] (-) TimerEvent: {}
[530.699961] (-) TimerEvent: {}
[530.800883] (-) TimerEvent: {}
[530.901872] (-) TimerEvent: {}
[531.002809] (-) TimerEvent: {}
[531.103671] (-) TimerEvent: {}
[531.204538] (-) TimerEvent: {}
[531.305492] (-) TimerEvent: {}
[531.406426] (-) TimerEvent: {}
[531.507351] (-) TimerEvent: {}
[531.608274] (-) TimerEvent: {}
[531.709299] (-) TimerEvent: {}
[531.810221] (-) TimerEvent: {}
[531.911111] (-) TimerEvent: {}
[532.012053] (-) TimerEvent: {}
[532.112841] (-) TimerEvent: {}
[532.213640] (-) TimerEvent: {}
[532.314555] (-) TimerEvent: {}
[532.415485] (-) TimerEvent: {}
[532.516479] (-) TimerEvent: {}
[532.617479] (-) TimerEvent: {}
[532.718472] (-) TimerEvent: {}
[532.819461] (-) TimerEvent: {}
[532.920427] (-) TimerEvent: {}
[533.021397] (-) TimerEvent: {}
[533.122565] (-) TimerEvent: {}
[533.223823] (-) TimerEvent: {}
[533.324824] (-) TimerEvent: {}
[533.426026] (-) TimerEvent: {}
[533.526992] (-) TimerEvent: {}
[533.627996] (-) TimerEvent: {}
[533.728971] (-) TimerEvent: {}
[533.829980] (-) TimerEvent: {}
[533.930879] (-) TimerEvent: {}
[534.031757] (-) TimerEvent: {}
[534.132689] (-) TimerEvent: {}
[534.233594] (-) TimerEvent: {}
[534.334484] (-) TimerEvent: {}
[534.435370] (-) TimerEvent: {}
[534.536291] (-) TimerEvent: {}
[534.637278] (-) TimerEvent: {}
[534.738221] (-) TimerEvent: {}
[534.839117] (-) TimerEvent: {}
[534.940034] (-) TimerEvent: {}
[535.040942] (-) TimerEvent: {}
[535.141886] (-) TimerEvent: {}
[535.242852] (-) TimerEvent: {}
[535.344263] (-) TimerEvent: {}
[535.445294] (-) TimerEvent: {}
[535.546273] (-) TimerEvent: {}
[535.647223] (-) TimerEvent: {}
[535.748160] (-) TimerEvent: {}
[535.849048] (-) TimerEvent: {}
[535.949915] (-) TimerEvent: {}
[536.050776] (-) TimerEvent: {}
[536.151705] (-) TimerEvent: {}
[536.252736] (-) TimerEvent: {}
[536.353743] (-) TimerEvent: {}
[536.454717] (-) TimerEvent: {}
[536.555681] (-) TimerEvent: {}
[536.656639] (-) TimerEvent: {}
[536.757559] (-) TimerEvent: {}
[536.858389] (-) TimerEvent: {}
[536.959300] (-) TimerEvent: {}
[537.060255] (-) TimerEvent: {}
[537.161255] (-) TimerEvent: {}
[537.262289] (-) TimerEvent: {}
[537.365692] (-) TimerEvent: {}
[537.466686] (-) TimerEvent: {}
[537.567673] (-) TimerEvent: {}
[537.668648] (-) TimerEvent: {}
[537.769631] (-) TimerEvent: {}
[537.870595] (-) TimerEvent: {}
[537.971582] (-) TimerEvent: {}
[538.072535] (-) TimerEvent: {}
[538.173504] (-) TimerEvent: {}
[538.274496] (-) TimerEvent: {}
[538.375499] (-) TimerEvent: {}
[538.476475] (-) TimerEvent: {}
[538.577510] (-) TimerEvent: {}
[538.678515] (-) TimerEvent: {}
[538.779527] (-) TimerEvent: {}
[538.880480] (-) TimerEvent: {}
[538.981503] (-) TimerEvent: {}
[539.082497] (-) TimerEvent: {}
[539.183470] (-) TimerEvent: {}
[539.284418] (-) TimerEvent: {}
[539.385389] (-) TimerEvent: {}
[539.486327] (-) TimerEvent: {}
[539.587310] (-) TimerEvent: {}
[539.688327] (-) TimerEvent: {}
[539.789297] (-) TimerEvent: {}
[539.890260] (-) TimerEvent: {}
[539.991267] (-) TimerEvent: {}
[540.092273] (-) TimerEvent: {}
[540.193349] (-) TimerEvent: {}
[540.294331] (-) TimerEvent: {}
[540.395423] (-) TimerEvent: {}
[540.496429] (-) TimerEvent: {}
[540.597406] (-) TimerEvent: {}
[540.698386] (-) TimerEvent: {}
[540.799389] (-) TimerEvent: {}
[540.900379] (-) TimerEvent: {}
[541.001345] (-) TimerEvent: {}
[541.102310] (-) TimerEvent: {}
[541.203274] (-) TimerEvent: {}
[541.304228] (-) TimerEvent: {}
[541.405102] (-) TimerEvent: {}
[541.506005] (-) TimerEvent: {}
[541.606996] (-) TimerEvent: {}
[541.707977] (-) TimerEvent: {}
[541.808936] (-) TimerEvent: {}
[541.909955] (-) TimerEvent: {}
[542.010894] (-) TimerEvent: {}
[542.111846] (-) TimerEvent: {}
[542.212798] (-) TimerEvent: {}
[542.313728] (-) TimerEvent: {}
[542.414698] (-) TimerEvent: {}
[542.515695] (-) TimerEvent: {}
[542.616699] (-) TimerEvent: {}
[542.717752] (-) TimerEvent: {}
[542.818774] (-) TimerEvent: {}
[542.919706] (-) TimerEvent: {}
[543.020673] (-) TimerEvent: {}
[543.121654] (-) TimerEvent: {}
[543.222638] (-) TimerEvent: {}
[543.323561] (-) TimerEvent: {}
[543.424482] (-) TimerEvent: {}
[543.525502] (-) TimerEvent: {}
[543.626466] (-) TimerEvent: {}
[543.727449] (-) TimerEvent: {}
[543.828391] (-) TimerEvent: {}
[543.929383] (-) TimerEvent: {}
[544.030342] (-) TimerEvent: {}
[544.131320] (-) TimerEvent: {}
[544.232277] (-) TimerEvent: {}
[544.333234] (-) TimerEvent: {}
[544.434127] (-) TimerEvent: {}
[544.535026] (-) TimerEvent: {}
[544.635933] (-) TimerEvent: {}
[544.737039] (-) TimerEvent: {}
[544.838195] (-) TimerEvent: {}
[544.939070] (-) TimerEvent: {}
[545.040017] (-) TimerEvent: {}
[545.140945] (-) TimerEvent: {}
[545.241935] (-) TimerEvent: {}
[545.342875] (-) TimerEvent: {}
[545.443754] (-) TimerEvent: {}
[545.544654] (-) TimerEvent: {}
[545.645626] (-) TimerEvent: {}
[545.746564] (-) TimerEvent: {}
[545.847457] (-) TimerEvent: {}
[545.948432] (-) TimerEvent: {}
[546.049375] (-) TimerEvent: {}
[546.150292] (-) TimerEvent: {}
[546.251239] (-) TimerEvent: {}
[546.352163] (-) TimerEvent: {}
[546.452994] (-) TimerEvent: {}
[546.553961] (-) TimerEvent: {}
[546.654923] (-) TimerEvent: {}
[546.755884] (-) TimerEvent: {}
[546.857677] (-) TimerEvent: {}
[546.958641] (-) TimerEvent: {}
[547.059566] (-) TimerEvent: {}
[547.160536] (-) TimerEvent: {}
[547.261562] (-) TimerEvent: {}
[547.362530] (-) TimerEvent: {}
[547.463481] (-) TimerEvent: {}
[547.564438] (-) TimerEvent: {}
[547.665473] (-) TimerEvent: {}
[547.766416] (-) TimerEvent: {}
[547.867298] (-) TimerEvent: {}
[547.968274] (-) TimerEvent: {}
[548.069162] (-) TimerEvent: {}
[548.170135] (-) TimerEvent: {}
[548.271047] (-) TimerEvent: {}
[548.371947] (-) TimerEvent: {}
[548.472864] (-) TimerEvent: {}
[548.573801] (-) TimerEvent: {}
[548.674713] (-) TimerEvent: {}
[548.775619] (-) TimerEvent: {}
[548.876572] (-) TimerEvent: {}
[548.977503] (-) TimerEvent: {}
[549.078471] (-) TimerEvent: {}
[549.179366] (-) TimerEvent: {}
[549.280308] (-) TimerEvent: {}
[549.381326] (-) TimerEvent: {}
[549.482253] (-) TimerEvent: {}
[549.583180] (-) TimerEvent: {}
[549.684093] (-) TimerEvent: {}
[549.784995] (-) TimerEvent: {}
[549.885879] (-) TimerEvent: {}
[549.986657] (-) TimerEvent: {}
[550.087524] (-) TimerEvent: {}
[550.188481] (-) TimerEvent: {}
[550.289475] (-) TimerEvent: {}
[550.390384] (-) TimerEvent: {}
[550.491349] (-) TimerEvent: {}
[550.592258] (-) TimerEvent: {}
[550.693172] (-) TimerEvent: {}
[550.794124] (-) TimerEvent: {}
[550.895071] (-) TimerEvent: {}
[550.995996] (-) TimerEvent: {}
[551.096965] (-) TimerEvent: {}
[551.197923] (-) TimerEvent: {}
[551.298818] (-) TimerEvent: {}
[551.399777] (-) TimerEvent: {}
[551.500829] (-) TimerEvent: {}
[551.601767] (-) TimerEvent: {}
[551.702669] (-) TimerEvent: {}
[551.803577] (-) TimerEvent: {}
[551.904453] (-) TimerEvent: {}
[552.005368] (-) TimerEvent: {}
[552.106449] (-) TimerEvent: {}
[552.207506] (-) TimerEvent: {}
[552.308374] (-) TimerEvent: {}
[552.409269] (-) TimerEvent: {}
[552.510139] (-) TimerEvent: {}
[552.611021] (-) TimerEvent: {}
[552.711931] (-) TimerEvent: {}
[552.812870] (-) TimerEvent: {}
[552.913803] (-) TimerEvent: {}
[553.014690] (-) TimerEvent: {}
[553.115603] (-) TimerEvent: {}
[553.216507] (-) TimerEvent: {}
[553.317391] (-) TimerEvent: {}
[553.418285] (-) TimerEvent: {}
[553.519197] (-) TimerEvent: {}
[553.620152] (-) TimerEvent: {}
[553.721081] (-) TimerEvent: {}
[553.822076] (-) TimerEvent: {}
[553.923042] (-) TimerEvent: {}
[554.023969] (-) TimerEvent: {}
[554.124920] (-) TimerEvent: {}
[554.225874] (-) TimerEvent: {}
[554.326861] (-) TimerEvent: {}
[554.427804] (-) TimerEvent: {}
[554.528738] (-) TimerEvent: {}
[554.629658] (-) TimerEvent: {}
[554.730626] (-) TimerEvent: {}
[554.831536] (-) TimerEvent: {}
[554.932455] (-) TimerEvent: {}
[555.033370] (-) TimerEvent: {}
[555.134309] (-) TimerEvent: {}
[555.235234] (-) TimerEvent: {}
[555.336146] (-) TimerEvent: {}
[555.437041] (-) TimerEvent: {}
[555.538037] (-) TimerEvent: {}
[555.638975] (-) TimerEvent: {}
[555.740014] (-) TimerEvent: {}
[555.841206] (-) TimerEvent: {}
[555.942166] (-) TimerEvent: {}
[556.043123] (-) TimerEvent: {}
[556.144020] (-) TimerEvent: {}
[556.244947] (-) TimerEvent: {}
[556.345871] (-) TimerEvent: {}
[556.446792] (-) TimerEvent: {}
[556.547719] (-) TimerEvent: {}
[556.648656] (-) TimerEvent: {}
[556.749602] (-) TimerEvent: {}
[556.850568] (-) TimerEvent: {}
[556.951458] (-) TimerEvent: {}
[557.052366] (-) TimerEvent: {}
[557.153309] (-) TimerEvent: {}
[557.254241] (-) TimerEvent: {}
[557.355201] (-) TimerEvent: {}
[557.456113] (-) TimerEvent: {}
[557.557022] (-) TimerEvent: {}
[557.657990] (-) TimerEvent: {}
[557.758894] (-) TimerEvent: {}
[557.859808] (-) TimerEvent: {}
[557.960722] (-) TimerEvent: {}
[558.061620] (-) TimerEvent: {}
[558.162553] (-) TimerEvent: {}
[558.263537] (-) TimerEvent: {}
[558.364501] (-) TimerEvent: {}
[558.465440] (-) TimerEvent: {}
[558.566414] (-) TimerEvent: {}
[558.667365] (-) TimerEvent: {}
[558.768214] (-) TimerEvent: {}
[558.869125] (-) TimerEvent: {}
[558.970097] (-) TimerEvent: {}
[559.071009] (-) TimerEvent: {}
[559.171919] (-) TimerEvent: {}
[559.272870] (-) TimerEvent: {}
[559.373833] (-) TimerEvent: {}
[559.474722] (-) TimerEvent: {}
[559.575629] (-) TimerEvent: {}
[559.676608] (-) TimerEvent: {}
[559.777565] (-) TimerEvent: {}
[559.878457] (-) TimerEvent: {}
[559.979342] (-) TimerEvent: {}
[560.080341] (-) TimerEvent: {}
[560.181293] (-) TimerEvent: {}
[560.282177] (-) TimerEvent: {}
[560.383323] (-) TimerEvent: {}
[560.484363] (-) TimerEvent: {}
[560.585309] (-) TimerEvent: {}
[560.686267] (-) TimerEvent: {}
[560.787222] (-) TimerEvent: {}
[560.888135] (-) TimerEvent: {}
[560.989035] (-) TimerEvent: {}
[561.090015] (-) TimerEvent: {}
[561.190944] (-) TimerEvent: {}
[561.291834] (-) TimerEvent: {}
[561.392755] (-) TimerEvent: {}
[561.493705] (-) TimerEvent: {}
[561.594596] (-) TimerEvent: {}
[561.695495] (-) TimerEvent: {}
[561.796348] (-) TimerEvent: {}
[561.897276] (-) TimerEvent: {}
[561.998237] (-) TimerEvent: {}
[562.099206] (-) TimerEvent: {}
[562.200111] (-) TimerEvent: {}
[562.301053] (-) TimerEvent: {}
[562.402024] (-) TimerEvent: {}
[562.502929] (-) TimerEvent: {}
[562.603878] (-) TimerEvent: {}
[562.704787] (-) TimerEvent: {}
[562.805779] (-) TimerEvent: {}
[562.906716] (-) TimerEvent: {}
[563.007685] (-) TimerEvent: {}
[563.108623] (-) TimerEvent: {}
[563.209557] (-) TimerEvent: {}
[563.310477] (-) TimerEvent: {}
[563.411372] (-) TimerEvent: {}
[563.512257] (-) TimerEvent: {}
[563.613150] (-) TimerEvent: {}
[563.714109] (-) TimerEvent: {}
[563.815063] (-) TimerEvent: {}
[563.915996] (-) TimerEvent: {}
[564.016908] (-) TimerEvent: {}
[564.117842] (-) TimerEvent: {}
[564.218787] (-) TimerEvent: {}
[564.319726] (-) TimerEvent: {}
[564.420622] (-) TimerEvent: {}
[564.521633] (-) TimerEvent: {}
[564.622568] (-) TimerEvent: {}
[564.723456] (-) TimerEvent: {}
[564.824342] (-) TimerEvent: {}
[564.925310] (-) TimerEvent: {}
[565.026229] (-) TimerEvent: {}
[565.127145] (-) TimerEvent: {}
[565.228013] (-) TimerEvent: {}
[565.328946] (-) TimerEvent: {}
[565.429880] (-) TimerEvent: {}
[565.530784] (-) TimerEvent: {}
[565.631768] (-) TimerEvent: {}
[565.732717] (-) TimerEvent: {}
[565.833644] (-) TimerEvent: {}
[565.934579] (-) TimerEvent: {}
[566.035500] (-) TimerEvent: {}
[566.136418] (-) TimerEvent: {}
[566.237372] (-) TimerEvent: {}
[566.338280] (-) TimerEvent: {}
[566.439196] (-) TimerEvent: {}
[566.540141] (-) TimerEvent: {}
[566.641043] (-) TimerEvent: {}
[566.742004] (-) TimerEvent: {}
[566.842966] (-) TimerEvent: {}
[566.943906] (-) TimerEvent: {}
[567.044801] (-) TimerEvent: {}
[567.145723] (-) TimerEvent: {}
[567.246623] (-) TimerEvent: {}
[567.347574] (-) TimerEvent: {}
[567.448538] (-) TimerEvent: {}
[567.549538] (-) TimerEvent: {}
[567.650424] (-) TimerEvent: {}
[567.751351] (-) TimerEvent: {}
[567.852260] (-) TimerEvent: {}
[567.953248] (-) TimerEvent: {}
[568.054209] (-) TimerEvent: {}
[568.155204] (-) TimerEvent: {}
[568.256208] (-) TimerEvent: {}
[568.357205] (-) TimerEvent: {}
[568.458154] (-) TimerEvent: {}
[568.559099] (-) TimerEvent: {}
[568.660076] (-) TimerEvent: {}
[568.761000] (-) TimerEvent: {}
[568.862023] (-) TimerEvent: {}
[568.962895] (-) TimerEvent: {}
[569.063814] (-) TimerEvent: {}
[569.164692] (-) TimerEvent: {}
[569.265615] (-) TimerEvent: {}
[569.366520] (-) TimerEvent: {}
[569.467386] (-) TimerEvent: {}
[569.568237] (-) TimerEvent: {}
[569.669079] (-) TimerEvent: {}
[569.769995] (-) TimerEvent: {}
[569.870972] (-) TimerEvent: {}
[569.971900] (-) TimerEvent: {}
[570.072820] (-) TimerEvent: {}
[570.173829] (-) TimerEvent: {}
[570.274789] (-) TimerEvent: {}
[570.375699] (-) TimerEvent: {}
[570.476651] (-) TimerEvent: {}
[570.577611] (-) TimerEvent: {}
[570.678558] (-) TimerEvent: {}
[570.779667] (-) TimerEvent: {}
[570.880652] (-) TimerEvent: {}
[570.981591] (-) TimerEvent: {}
[571.082494] (-) TimerEvent: {}
[571.183451] (-) TimerEvent: {}
[571.284304] (-) TimerEvent: {}
[571.385121] (-) TimerEvent: {}
[571.486026] (-) TimerEvent: {}
[571.586932] (-) TimerEvent: {}
[571.687809] (-) TimerEvent: {}
[571.788696] (-) TimerEvent: {}
[571.889606] (-) TimerEvent: {}
[571.991604] (-) TimerEvent: {}
[572.092516] (-) TimerEvent: {}
[572.193612] (-) TimerEvent: {}
[572.294715] (-) TimerEvent: {}
[572.395678] (-) TimerEvent: {}
[572.496624] (-) TimerEvent: {}
[572.597488] (-) TimerEvent: {}
[572.698528] (-) TimerEvent: {}
[572.799450] (-) TimerEvent: {}
[572.900389] (-) TimerEvent: {}
[573.001356] (-) TimerEvent: {}
[573.102293] (-) TimerEvent: {}
[573.203243] (-) TimerEvent: {}
[573.304176] (-) TimerEvent: {}
[573.405128] (-) TimerEvent: {}
[573.506095] (-) TimerEvent: {}
[573.607000] (-) TimerEvent: {}
[573.707924] (-) TimerEvent: {}
[573.808870] (-) TimerEvent: {}
[573.909840] (-) TimerEvent: {}
[574.010800] (-) TimerEvent: {}
[574.111790] (-) TimerEvent: {}
[574.212748] (-) TimerEvent: {}
[574.313737] (-) TimerEvent: {}
[574.414671] (-) TimerEvent: {}
[574.515590] (-) TimerEvent: {}
[574.616489] (-) TimerEvent: {}
[574.717422] (-) TimerEvent: {}
[574.818307] (-) TimerEvent: {}
[574.919183] (-) TimerEvent: {}
[575.020076] (-) TimerEvent: {}
[575.120997] (-) TimerEvent: {}
[575.222003] (-) TimerEvent: {}
[575.322924] (-) TimerEvent: {}
[575.423868] (-) TimerEvent: {}
[575.524824] (-) TimerEvent: {}
[575.625776] (-) TimerEvent: {}
[575.726705] (-) TimerEvent: {}
[575.827624] (-) TimerEvent: {}
[575.928557] (-) TimerEvent: {}
[576.029500] (-) TimerEvent: {}
[576.130392] (-) TimerEvent: {}
[576.231284] (-) TimerEvent: {}
[576.332187] (-) TimerEvent: {}
[576.432969] (-) TimerEvent: {}
[576.533814] (-) TimerEvent: {}
[576.634788] (-) TimerEvent: {}
[576.735754] (-) TimerEvent: {}
[576.836675] (-) TimerEvent: {}
[576.937601] (-) TimerEvent: {}
[577.038507] (-) TimerEvent: {}
[577.139469] (-) TimerEvent: {}
[577.240399] (-) TimerEvent: {}
[577.341387] (-) TimerEvent: {}
[577.442319] (-) TimerEvent: {}
[577.543233] (-) TimerEvent: {}
[577.644188] (-) TimerEvent: {}
[577.745128] (-) TimerEvent: {}
[577.846126] (-) TimerEvent: {}
[577.947018] (-) TimerEvent: {}
[578.047871] (-) TimerEvent: {}
[578.148773] (-) TimerEvent: {}
[578.250041] (-) TimerEvent: {}
[578.350909] (-) TimerEvent: {}
[578.451812] (-) TimerEvent: {}
[578.552706] (-) TimerEvent: {}
[578.653623] (-) TimerEvent: {}
[578.754520] (-) TimerEvent: {}
[578.855382] (-) TimerEvent: {}
[578.956226] (-) TimerEvent: {}
[579.057124] (-) TimerEvent: {}
[579.158140] (-) TimerEvent: {}
[579.259053] (-) TimerEvent: {}
[579.359942] (-) TimerEvent: {}
[579.460900] (-) TimerEvent: {}
[579.561843] (-) TimerEvent: {}
[579.662732] (-) TimerEvent: {}
[579.763620] (-) TimerEvent: {}
[579.864518] (-) TimerEvent: {}
[579.965437] (-) TimerEvent: {}
[580.066364] (-) TimerEvent: {}
[580.167319] (-) TimerEvent: {}
[580.268225] (-) TimerEvent: {}
[580.369113] (-) TimerEvent: {}
[580.470051] (-) TimerEvent: {}
[580.570995] (-) TimerEvent: {}
[580.671854] (-) TimerEvent: {}
[580.772728] (-) TimerEvent: {}
[580.873646] (-) TimerEvent: {}
[580.974595] (-) TimerEvent: {}
[581.075597] (-) TimerEvent: {}
[581.176563] (-) TimerEvent: {}
[581.277547] (-) TimerEvent: {}
[581.378451] (-) TimerEvent: {}
[581.479354] (-) TimerEvent: {}
[581.580244] (-) TimerEvent: {}
[581.681172] (-) TimerEvent: {}
[581.782130] (-) TimerEvent: {}
[581.883069] (-) TimerEvent: {}
[581.984007] (-) TimerEvent: {}
[582.084873] (-) TimerEvent: {}
[582.185753] (-) TimerEvent: {}
[582.286668] (-) TimerEvent: {}
[582.387556] (-) TimerEvent: {}
[582.488443] (-) TimerEvent: {}
[582.589393] (-) TimerEvent: {}
[582.690311] (-) TimerEvent: {}
[582.791304] (-) TimerEvent: {}
[582.892267] (-) TimerEvent: {}
[582.993219] (-) TimerEvent: {}
[583.094115] (-) TimerEvent: {}
[583.194991] (-) TimerEvent: {}
[583.295919] (-) TimerEvent: {}
[583.396868] (-) TimerEvent: {}
[583.497858] (-) TimerEvent: {}
[583.598809] (-) TimerEvent: {}
[583.699719] (-) TimerEvent: {}
[583.800671] (-) TimerEvent: {}
[583.901636] (-) TimerEvent: {}
[584.002530] (-) TimerEvent: {}
[584.103414] (-) TimerEvent: {}
[584.204268] (-) TimerEvent: {}
[584.305171] (-) TimerEvent: {}
[584.406115] (-) TimerEvent: {}
[584.507009] (-) TimerEvent: {}
[584.607887] (-) TimerEvent: {}
[584.708764] (-) TimerEvent: {}
[584.809656] (-) TimerEvent: {}
[584.910600] (-) TimerEvent: {}
[585.011568] (-) TimerEvent: {}
[585.112520] (-) TimerEvent: {}
[585.213473] (-) TimerEvent: {}
[585.314422] (-) TimerEvent: {}
[585.415380] (-) TimerEvent: {}
[585.516334] (-) TimerEvent: {}
[585.617227] (-) TimerEvent: {}
[585.718159] (-) TimerEvent: {}
[585.819111] (-) TimerEvent: {}
[585.920063] (-) TimerEvent: {}
[586.021658] (-) TimerEvent: {}
[586.122691] (-) TimerEvent: {}
[586.223621] (-) TimerEvent: {}
[586.324552] (-) TimerEvent: {}
[586.425489] (-) TimerEvent: {}
[586.526399] (-) TimerEvent: {}
[586.627356] (-) TimerEvent: {}
[586.728285] (-) TimerEvent: {}
[586.829155] (-) TimerEvent: {}
[586.930087] (-) TimerEvent: {}
[587.031202] (-) TimerEvent: {}
[587.132252] (-) TimerEvent: {}
[587.233234] (-) TimerEvent: {}
[587.334163] (-) TimerEvent: {}
[587.435027] (-) TimerEvent: {}
[587.535859] (-) TimerEvent: {}
[587.636742] (-) TimerEvent: {}
[587.737646] (-) TimerEvent: {}
[587.838573] (-) TimerEvent: {}
[587.939454] (-) TimerEvent: {}
[588.040359] (-) TimerEvent: {}
[588.141289] (-) TimerEvent: {}
[588.242193] (-) TimerEvent: {}
[588.343126] (-) TimerEvent: {}
[588.444009] (-) TimerEvent: {}
[588.544871] (-) TimerEvent: {}
[588.645803] (-) TimerEvent: {}
[588.746736] (-) TimerEvent: {}
[588.847659] (-) TimerEvent: {}
[588.948597] (-) TimerEvent: {}
[589.049515] (-) TimerEvent: {}
[589.150417] (-) TimerEvent: {}
[589.251332] (-) TimerEvent: {}
[589.352217] (-) TimerEvent: {}
[589.453058] (-) TimerEvent: {}
[589.553974] (-) TimerEvent: {}
[589.654852] (-) TimerEvent: {}
[589.755703] (-) TimerEvent: {}
[589.856477] (-) TimerEvent: {}
[589.957266] (-) TimerEvent: {}
[590.058076] (-) TimerEvent: {}
[590.158926] (-) TimerEvent: {}
[590.259773] (-) TimerEvent: {}
[590.360641] (-) TimerEvent: {}
[590.461525] (-) TimerEvent: {}
[590.562410] (-) TimerEvent: {}
[590.663287] (-) TimerEvent: {}
[590.764157] (-) TimerEvent: {}
[590.865016] (-) TimerEvent: {}
[590.965892] (-) TimerEvent: {}
[591.066736] (-) TimerEvent: {}
[591.167581] (-) TimerEvent: {}
[591.268420] (-) TimerEvent: {}
[591.369285] (-) TimerEvent: {}
[591.470090] (-) TimerEvent: {}
[591.570892] (-) TimerEvent: {}
[591.671773] (-) TimerEvent: {}
[591.772646] (-) TimerEvent: {}
[591.873513] (-) TimerEvent: {}
[591.974333] (-) TimerEvent: {}
[592.075144] (-) TimerEvent: {}
[592.175973] (-) TimerEvent: {}
[592.276800] (-) TimerEvent: {}
[592.377683] (-) TimerEvent: {}
[592.478595] (-) TimerEvent: {}
[592.579374] (-) TimerEvent: {}
[592.680071] (-) TimerEvent: {}
[592.780797] (-) TimerEvent: {}
[592.881610] (-) TimerEvent: {}
[592.982540] (-) TimerEvent: {}
[593.083450] (-) TimerEvent: {}
[593.184370] (-) TimerEvent: {}
[593.285333] (-) TimerEvent: {}
[593.386210] (-) TimerEvent: {}
[593.487073] (-) TimerEvent: {}
[593.588031] (-) TimerEvent: {}
[593.688971] (-) TimerEvent: {}
[593.789906] (-) TimerEvent: {}
[593.890816] (-) TimerEvent: {}
[593.991749] (-) TimerEvent: {}
[594.092689] (-) TimerEvent: {}
[594.193641] (-) TimerEvent: {}
[594.294535] (-) TimerEvent: {}
[594.395399] (-) TimerEvent: {}
[594.496293] (-) TimerEvent: {}
[594.597231] (-) TimerEvent: {}
[594.698134] (-) TimerEvent: {}
[594.799071] (-) TimerEvent: {}
[594.900018] (-) TimerEvent: {}
[595.000936] (-) TimerEvent: {}
[595.101876] (-) TimerEvent: {}
[595.202693] (-) TimerEvent: {}
[595.303511] (-) TimerEvent: {}
[595.404362] (-) TimerEvent: {}
[595.505244] (-) TimerEvent: {}
[595.606099] (-) TimerEvent: {}
[595.706984] (-) TimerEvent: {}
[595.807867] (-) TimerEvent: {}
[595.908743] (-) TimerEvent: {}
[596.009619] (-) TimerEvent: {}
[596.110465] (-) TimerEvent: {}
[596.211321] (-) TimerEvent: {}
[596.312192] (-) TimerEvent: {}
[596.413078] (-) TimerEvent: {}
[596.513995] (-) TimerEvent: {}
[596.614899] (-) TimerEvent: {}
[596.715762] (-) TimerEvent: {}
[596.816619] (-) TimerEvent: {}
[596.917518] (-) TimerEvent: {}
[597.018312] (-) TimerEvent: {}
[597.119127] (-) TimerEvent: {}
[597.219935] (-) TimerEvent: {}
[597.320794] (-) TimerEvent: {}
[597.421668] (-) TimerEvent: {}
[597.522540] (-) TimerEvent: {}
[597.623423] (-) TimerEvent: {}
[597.724324] (-) TimerEvent: {}
[597.825230] (-) TimerEvent: {}
[597.926115] (-) TimerEvent: {}
[598.026964] (-) TimerEvent: {}
[598.127820] (-) TimerEvent: {}
[598.229115] (-) TimerEvent: {}
[598.330006] (-) TimerEvent: {}
[598.430885] (-) TimerEvent: {}
[598.531634] (-) TimerEvent: {}
[598.632231] (-) TimerEvent: {}
[598.732928] (-) TimerEvent: {}
[598.833838] (-) TimerEvent: {}
[598.934739] (-) TimerEvent: {}
[599.035610] (-) TimerEvent: {}
[599.136475] (-) TimerEvent: {}
[599.237351] (-) TimerEvent: {}
[599.338170] (-) TimerEvent: {}
[599.439034] (-) TimerEvent: {}
[599.539881] (-) TimerEvent: {}
[599.640718] (-) TimerEvent: {}
[599.741535] (-) TimerEvent: {}
[599.842294] (-) TimerEvent: {}
[599.943057] (-) TimerEvent: {}
[600.043790] (-) TimerEvent: {}
[600.144568] (-) TimerEvent: {}
[600.245390] (-) TimerEvent: {}
[600.346191] (-) TimerEvent: {}
[600.446982] (-) TimerEvent: {}
[600.520124] (rae_camera) StdoutLine: {'line': b'[100%] Linking CXX executable perception_ipc_rtabmap\n'}
[600.547223] (-) TimerEvent: {}
[600.647928] (-) TimerEvent: {}
[600.748720] (-) TimerEvent: {}
[600.849581] (-) TimerEvent: {}
[600.950440] (-) TimerEvent: {}
[601.051260] (-) TimerEvent: {}
[601.152094] (-) TimerEvent: {}
[601.252938] (-) TimerEvent: {}
[601.353650] (-) TimerEvent: {}
[601.454314] (-) TimerEvent: {}
[601.555094] (-) TimerEvent: {}
[601.655845] (-) TimerEvent: {}
[601.717173] (rae_hw) StdoutLine: {'line': b'[ 60%] Building CXX object CMakeFiles/rae_hw.dir/src/peripherals/led.cpp.o\n'}
[601.756067] (-) TimerEvent: {}
[601.758881] (rae_hw) StdoutLine: {'line': b'[ 65%] Building CXX object CMakeFiles/rae_hw.dir/src/peripherals/mic.cpp.o\n'}
[601.856474] (-) TimerEvent: {}
[601.957324] (-) TimerEvent: {}
[602.058167] (-) TimerEvent: {}
[602.159020] (-) TimerEvent: {}
[602.259871] (-) TimerEvent: {}
[602.360712] (-) TimerEvent: {}
[602.461564] (-) TimerEvent: {}
[602.562401] (-) TimerEvent: {}
[602.663292] (-) TimerEvent: {}
[602.764147] (-) TimerEvent: {}
[602.864997] (-) TimerEvent: {}
[602.965873] (-) TimerEvent: {}
[603.066711] (-) TimerEvent: {}
[603.168041] (-) TimerEvent: {}
[603.268897] (-) TimerEvent: {}
[603.370125] (-) TimerEvent: {}
[603.470982] (-) TimerEvent: {}
[603.571841] (-) TimerEvent: {}
[603.672773] (-) TimerEvent: {}
[603.773759] (-) TimerEvent: {}
[603.874702] (-) TimerEvent: {}
[603.975732] (-) TimerEvent: {}
[604.076684] (-) TimerEvent: {}
[604.177592] (-) TimerEvent: {}
[604.278768] (-) TimerEvent: {}
[604.379716] (-) TimerEvent: {}
[604.480668] (-) TimerEvent: {}
[604.581638] (-) TimerEvent: {}
[604.682570] (-) TimerEvent: {}
[604.783474] (-) TimerEvent: {}
[604.884413] (-) TimerEvent: {}
[604.985384] (-) TimerEvent: {}
[605.086363] (-) TimerEvent: {}
[605.187328] (-) TimerEvent: {}
[605.288309] (-) TimerEvent: {}
[605.389279] (-) TimerEvent: {}
[605.490213] (-) TimerEvent: {}
[605.591168] (-) TimerEvent: {}
[605.692095] (-) TimerEvent: {}
[605.793021] (-) TimerEvent: {}
[605.893986] (-) TimerEvent: {}
[605.994931] (-) TimerEvent: {}
[606.095896] (-) TimerEvent: {}
[606.196837] (-) TimerEvent: {}
[606.297807] (-) TimerEvent: {}
[606.398747] (-) TimerEvent: {}
[606.499701] (-) TimerEvent: {}
[606.600676] (-) TimerEvent: {}
[606.701628] (-) TimerEvent: {}
[606.802550] (-) TimerEvent: {}
[606.903480] (-) TimerEvent: {}
[607.004377] (-) TimerEvent: {}
[607.105347] (-) TimerEvent: {}
[607.206286] (-) TimerEvent: {}
[607.307234] (-) TimerEvent: {}
[607.408157] (-) TimerEvent: {}
[607.509091] (-) TimerEvent: {}
[607.610061] (-) TimerEvent: {}
[607.711027] (-) TimerEvent: {}
[607.811989] (-) TimerEvent: {}
[607.912930] (-) TimerEvent: {}
[608.013891] (-) TimerEvent: {}
[608.114831] (-) TimerEvent: {}
[608.216236] (-) TimerEvent: {}
[608.317144] (-) TimerEvent: {}
[608.418147] (-) TimerEvent: {}
[608.519087] (-) TimerEvent: {}
[608.620001] (-) TimerEvent: {}
[608.720933] (-) TimerEvent: {}
[608.821919] (-) TimerEvent: {}
[608.922899] (-) TimerEvent: {}
[609.023834] (-) TimerEvent: {}
[609.124770] (-) TimerEvent: {}
[609.225712] (-) TimerEvent: {}
[609.327128] (-) TimerEvent: {}
[609.428134] (-) TimerEvent: {}
[609.529091] (-) TimerEvent: {}
[609.630065] (-) TimerEvent: {}
[609.730986] (-) TimerEvent: {}
[609.831861] (-) TimerEvent: {}
[609.932795] (-) TimerEvent: {}
[610.033722] (-) TimerEvent: {}
[610.134680] (-) TimerEvent: {}
[610.235630] (-) TimerEvent: {}
[610.336593] (-) TimerEvent: {}
[610.437524] (-) TimerEvent: {}
[610.538439] (-) TimerEvent: {}
[610.635179] (rae_camera) StdoutLine: {'line': b'[100%] Built target perception_ipc_rtabmap\n'}
[610.638566] (-) TimerEvent: {}
[610.739294] (-) TimerEvent: {}
[610.840230] (-) TimerEvent: {}
[610.852704] (rae_camera) CommandEnded: {'returncode': 0}
[610.940790] (-) TimerEvent: {}
[611.041823] (-) TimerEvent: {}
[611.142757] (-) TimerEvent: {}
[611.243667] (-) TimerEvent: {}
[611.344610] (-) TimerEvent: {}
[611.445440] (-) TimerEvent: {}
[611.546272] (-) TimerEvent: {}
[611.647145] (-) TimerEvent: {}
[611.748035] (-) TimerEvent: {}
[611.848911] (-) TimerEvent: {}
[611.949827] (-) TimerEvent: {}
[612.051441] (-) TimerEvent: {}
[612.152150] (-) TimerEvent: {}
[612.252857] (-) TimerEvent: {}
[612.353669] (-) TimerEvent: {}
[612.418497] (rae_camera) JobProgress: {'identifier': 'rae_camera', 'progress': 'install'}
[612.422236] (rae_camera) Command: {'cmd': ['/usr/bin/cmake', '--install', '/ws/build/rae_camera'], 'cwd': '/ws/build/rae_camera', 'env': OrderedDict([('CMAKE_PREFIX_PATH', '/underlay_ws/install/nav_layer_from_points:/underlay_ws/install/laserscan_kinect:/underlay_ws/install/ira_laser_tools:/underlay_ws/install/gst_bridge:/underlay_ws/install/depthai-ros:/underlay_ws/install/depthai_ros_driver:/underlay_ws/install/depthai_filters:/underlay_ws/install/depthai_examples:/underlay_ws/install/depthai_bridge:/underlay_ws/install/depthai_ros_msgs:/underlay_ws/install/depthai_descriptions:/underlay_ws/install/depth_sensor_pose:/underlay_ws/install/cliff_detector:/underlay_ws/install/audio_msgs:/underlay_ws/install/gst_pipeline:/opt/ros/humble'), ('OTEL_TRACES_EXPORTER', 'otlp'), ('COLCON', '1'), ('PYTHONPATH', '/underlay_ws/build/gst_pipeline:/underlay_ws/install/gst_pipeline/lib/python3.10/site-packages:/underlay_ws/install/depthai_ros_driver/local/lib/python3.10/dist-packages:/underlay_ws/install/depthai_ros_msgs/local/lib/python3.10/dist-packages:/underlay_ws/install/audio_msgs/local/lib/python3.10/dist-packages:/opt/ros/humble/lib/python3.10/site-packages:/opt/ros/humble/local/lib/python3.10/dist-packages'), ('PWD', '/ws/build/rae_camera'), ('LC_ALL', 'C.UTF-8'), ('CORE_NUM', '1'), ('AMENT_PREFIX_PATH', '/underlay_ws/install/nav_layer_from_points:/underlay_ws/install/laserscan_kinect:/underlay_ws/install/ira_laser_tools:/underlay_ws/install/gst_pipeline:/underlay_ws/install/gst_bridge:/underlay_ws/install/depthai-ros:/underlay_ws/install/depthai_ros_driver:/underlay_ws/install/depthai_filters:/underlay_ws/install/depthai_examples:/underlay_ws/install/depthai_bridge:/underlay_ws/install/depthai_ros_msgs:/underlay_ws/install/depthai_descriptions:/underlay_ws/install/depth_sensor_pose:/underlay_ws/install/cliff_detector:/underlay_ws/install/audio_msgs:/opt/ros/humble'), ('DEBIAN_FRONTEND', 'noninteractive'), ('LANG', 'C.UTF-8'), ('OTEL_EXPORTER_OTLP_TRACES_ENDPOINT', 'unix:///dev/otel-grpc.sock'), ('TRACEPARENT', '00-a325a00a556cc4a91e6d856ce0600ab1-77458a73ef04520e-01'), ('PATH', '/opt/ros/humble/bin:/usr/local/sbin:/usr/local/bin:/usr/sbin:/usr/bin:/sbin:/bin'), ('ROS_LOCALHOST_ONLY', '0'), ('ROS_VERSION', '2'), ('COLCON_PREFIX_PATH', '/underlay_ws/install'), ('ROS_DISTRO', 'humble'), ('UNDERLAY_WS', '/underlay_ws'), ('OTEL_TRACE_PARENT', '00-a325a00a556cc4a91e6d856ce0600ab1-77458a73ef04520e-01'), ('ROS_PYTHON_VERSION', '3'), ('BUILD_TYPE', 'RelWithDebInfo'), ('OLDPWD', '/'), ('HOME', '/root'), ('LD_LIBRARY_PATH', '/underlay_ws/install/nav_layer_from_points/lib:/underlay_ws/install/laserscan_kinect/lib:/underlay_ws/install/ira_laser_tools/lib:/underlay_ws/install/gst_bridge/lib:/underlay_ws/install/depthai_ros_driver/lib:/underlay_ws/install/depthai_filters/lib:/underlay_ws/install/depthai_bridge/lib:/underlay_ws/install/depthai_ros_msgs/lib:/underlay_ws/install/depth_sensor_pose/lib:/underlay_ws/install/cliff_detector/lib:/underlay_ws/install/audio_msgs/lib:/opt/ros/humble/opt/rviz_ogre_vendor/lib:/opt/ros/humble/lib/aarch64-linux-gnu:/opt/ros/humble/lib'), ('WS', '/ws'), ('OTEL_EXPORTER_OTLP_TRACES_PROTOCOL', 'grpc'), ('SIM', '0')]), 'shell': False}
[612.454049] (-) TimerEvent: {}
[612.554873] (-) TimerEvent: {}
[612.558428] (rae_camera) StdoutLine: {'line': b'-- Install configuration: "RelWithDebInfo"\n'}
[612.567861] (rae_camera) StdoutLine: {'line': b'-- Execute custom install script\n'}
[612.576540] (rae_camera) StdoutLine: {'line': b'-- Symlinking: /ws/install/rae_camera/share/cmake/xtl/xtlConfig.cmake\n'}
[612.655243] (-) TimerEvent: {}
[612.682333] (rae_camera) StdoutLine: {'line': b'-- Symlinking: /ws/install/rae_camera/share/cmake/xtl/xtlConfigVersion.cmake\n'}
[612.760662] (-) TimerEvent: {}
[612.790598] (rae_camera) StdoutLine: {'line': b'-- Symlinking: /ws/install/rae_camera/share/pkgconfig//xtl.pc\n'}
[612.861026] (-) TimerEvent: {}
[612.893734] (rae_camera) StdoutLine: {'line': b'-- Symlinking: /ws/install/rae_camera/include/xtensor/xaccessible.hpp\n'}
[612.961408] (-) TimerEvent: {}
[612.994333] (rae_camera) StdoutLine: {'line': b'-- Symlinking: /ws/install/rae_camera/include/xtensor/xaccumulator.hpp\n'}
[613.061766] (-) TimerEvent: {}
[613.094551] (rae_camera) StdoutLine: {'line': b'-- Symlinking: /ws/install/rae_camera/include/xtensor/xadapt.hpp\n'}
[613.162134] (-) TimerEvent: {}
[613.195525] (rae_camera) StdoutLine: {'line': b'-- Symlinking: /ws/install/rae_camera/include/xtensor/xarray.hpp\n'}
[613.262471] (-) TimerEvent: {}
[613.295617] (rae_camera) StdoutLine: {'line': b'-- Symlinking: /ws/install/rae_camera/include/xtensor/xassign.hpp\n'}
[613.362850] (-) TimerEvent: {}
[613.395656] (rae_camera) StdoutLine: {'line': b'-- Symlinking: /ws/install/rae_camera/include/xtensor/xaxis_iterator.hpp\n'}
[613.463223] (-) TimerEvent: {}
[613.497071] (rae_camera) StdoutLine: {'line': b'-- Symlinking: /ws/install/rae_camera/include/xtensor/xaxis_slice_iterator.hpp\n'}
[613.563607] (-) TimerEvent: {}
[613.598867] (rae_camera) StdoutLine: {'line': b'-- Symlinking: /ws/install/rae_camera/include/xtensor/xblockwise_reducer.hpp\n'}
[613.663972] (-) TimerEvent: {}
[613.699503] (rae_camera) StdoutLine: {'line': b'-- Symlinking: /ws/install/rae_camera/include/xtensor/xblockwise_reducer_functors.hpp\n'}
[613.764333] (-) TimerEvent: {}
[613.812872] (rae_camera) StdoutLine: {'line': b'-- Symlinking: /ws/install/rae_camera/include/xtensor/xbroadcast.hpp\n'}
[613.864738] (-) TimerEvent: {}
[613.923980] (rae_camera) StdoutLine: {'line': b'-- Symlinking: /ws/install/rae_camera/include/xtensor/xbuffer_adaptor.hpp\n'}
[613.965105] (-) TimerEvent: {}
[614.025174] (rae_camera) StdoutLine: {'line': b'-- Symlinking: /ws/install/rae_camera/include/xtensor/xbuilder.hpp\n'}
[614.065508] (-) TimerEvent: {}
[614.126065] (rae_camera) StdoutLine: {'line': b'-- Symlinking: /ws/install/rae_camera/include/xtensor/xchunked_array.hpp\n'}
[614.165864] (-) TimerEvent: {}
[614.225279] (rae_camera) StdoutLine: {'line': b'-- Symlinking: /ws/install/rae_camera/include/xtensor/xchunked_assign.hpp\n'}
[614.266233] (-) TimerEvent: {}
[614.327907] (rae_camera) StdoutLine: {'line': b'-- Symlinking: /ws/install/rae_camera/include/xtensor/xchunked_view.hpp\n'}
[614.366594] (-) TimerEvent: {}
[614.427659] (rae_camera) StdoutLine: {'line': b'-- Symlinking: /ws/install/rae_camera/include/xtensor/xcomplex.hpp\n'}
[614.466948] (-) TimerEvent: {}
[614.528296] (rae_camera) StdoutLine: {'line': b'-- Symlinking: /ws/install/rae_camera/include/xtensor/xcontainer.hpp\n'}
[614.567324] (-) TimerEvent: {}
[614.628886] (rae_camera) StdoutLine: {'line': b'-- Symlinking: /ws/install/rae_camera/include/xtensor/xcsv.hpp\n'}
[614.667676] (-) TimerEvent: {}
[614.729754] (rae_camera) StdoutLine: {'line': b'-- Symlinking: /ws/install/rae_camera/include/xtensor/xdynamic_view.hpp\n'}
[614.768036] (-) TimerEvent: {}
[614.837794] (rae_camera) StdoutLine: {'line': b'-- Symlinking: /ws/install/rae_camera/include/xtensor/xeval.hpp\n'}
[614.868341] (-) TimerEvent: {}
[614.938750] (rae_camera) StdoutLine: {'line': b'-- Symlinking: /ws/install/rae_camera/include/xtensor/xexception.hpp\n'}
[614.968708] (-) TimerEvent: {}
[615.039932] (rae_camera) StdoutLine: {'line': b'-- Symlinking: /ws/install/rae_camera/include/xtensor/xexpression.hpp\n'}
[615.069063] (-) TimerEvent: {}
[615.140899] (rae_camera) StdoutLine: {'line': b'-- Symlinking: /ws/install/rae_camera/include/xtensor/xexpression_holder.hpp\n'}
[615.169444] (-) TimerEvent: {}
[615.240721] (rae_camera) StdoutLine: {'line': b'-- Symlinking: /ws/install/rae_camera/include/xtensor/xexpression_traits.hpp\n'}
[615.269809] (-) TimerEvent: {}
[615.342358] (rae_camera) StdoutLine: {'line': b'-- Symlinking: /ws/install/rae_camera/include/xtensor/xfixed.hpp\n'}
[615.370183] (-) TimerEvent: {}
[615.443704] (rae_camera) StdoutLine: {'line': b'-- Symlinking: /ws/install/rae_camera/include/xtensor/xfunction.hpp\n'}
[615.470534] (-) TimerEvent: {}
[615.545720] (rae_camera) StdoutLine: {'line': b'-- Symlinking: /ws/install/rae_camera/include/xtensor/xfunctor_view.hpp\n'}
[615.570869] (-) TimerEvent: {}
[615.648476] (rae_camera) StdoutLine: {'line': b'-- Symlinking: /ws/install/rae_camera/include/xtensor/xgenerator.hpp\n'}
[615.671238] (-) TimerEvent: {}
[615.750337] (rae_camera) StdoutLine: {'line': b'-- Symlinking: /ws/install/rae_camera/include/xtensor/xhistogram.hpp\n'}
[615.771598] (-) TimerEvent: {}
[615.857361] (rae_camera) StdoutLine: {'line': b'-- Symlinking: /ws/install/rae_camera/include/xtensor/xindex_view.hpp\n'}
[615.871912] (-) TimerEvent: {}
[615.957772] (rae_camera) StdoutLine: {'line': b'-- Symlinking: /ws/install/rae_camera/include/xtensor/xinfo.hpp\n'}
[615.972228] (-) TimerEvent: {}
[616.058256] (rae_camera) StdoutLine: {'line': b'-- Symlinking: /ws/install/rae_camera/include/xtensor/xio.hpp\n'}
[616.072565] (-) TimerEvent: {}
[616.158408] (rae_camera) StdoutLine: {'line': b'-- Symlinking: /ws/install/rae_camera/include/xtensor/xiterable.hpp\n'}
[616.172884] (-) TimerEvent: {}
[616.258759] (rae_camera) StdoutLine: {'line': b'-- Symlinking: /ws/install/rae_camera/include/xtensor/xiterator.hpp\n'}
[616.273139] (-) TimerEvent: {}
[616.359077] (rae_camera) StdoutLine: {'line': b'-- Symlinking: /ws/install/rae_camera/include/xtensor/xjson.hpp\n'}
[616.373526] (-) TimerEvent: {}
[616.458017] (rae_camera) StdoutLine: {'line': b'-- Symlinking: /ws/install/rae_camera/include/xtensor/xlayout.hpp\n'}
[616.473813] (-) TimerEvent: {}
[616.558214] (rae_camera) StdoutLine: {'line': b'-- Symlinking: /ws/install/rae_camera/include/xtensor/xmanipulation.hpp\n'}
[616.574032] (-) TimerEvent: {}
[616.657534] (rae_camera) StdoutLine: {'line': b'-- Symlinking: /ws/install/rae_camera/include/xtensor/xmasked_view.hpp\n'}
[616.674422] (-) TimerEvent: {}
[616.757530] (rae_camera) StdoutLine: {'line': b'-- Symlinking: /ws/install/rae_camera/include/xtensor/xmath.hpp\n'}
[616.774769] (-) TimerEvent: {}
[616.864453] (rae_camera) StdoutLine: {'line': b'-- Symlinking: /ws/install/rae_camera/include/xtensor/xmime.hpp\n'}
[616.874993] (-) TimerEvent: {}
[616.965553] (rae_camera) StdoutLine: {'line': b'-- Symlinking: /ws/install/rae_camera/include/xtensor/xmultiindex_iterator.hpp\n'}
[616.975233] (-) TimerEvent: {}
[617.066049] (rae_camera) StdoutLine: {'line': b'-- Symlinking: /ws/install/rae_camera/include/xtensor/xnoalias.hpp\n'}
[617.075458] (-) TimerEvent: {}
[617.171745] (rae_camera) StdoutLine: {'line': b'-- Symlinking: /ws/install/rae_camera/include/xtensor/xnorm.hpp\n'}
[617.175672] (-) TimerEvent: {}
[617.271842] (rae_camera) StdoutLine: {'line': b'-- Symlinking: /ws/install/rae_camera/include/xtensor/xnpy.hpp\n'}
[617.275850] (-) TimerEvent: {}
[617.371701] (rae_camera) StdoutLine: {'line': b'-- Symlinking: /ws/install/rae_camera/include/xtensor/xoffset_view.hpp\n'}
[617.376068] (-) TimerEvent: {}
[617.471226] (rae_camera) StdoutLine: {'line': b'-- Symlinking: /ws/install/rae_camera/include/xtensor/xoperation.hpp\n'}
[617.476292] (-) TimerEvent: {}
[617.572136] (rae_camera) StdoutLine: {'line': b'-- Symlinking: /ws/install/rae_camera/include/xtensor/xoptional.hpp\n'}
[617.576500] (-) TimerEvent: {}
[617.672744] (rae_camera) StdoutLine: {'line': b'-- Symlinking: /ws/install/rae_camera/include/xtensor/xoptional_assembly.hpp\n'}
[617.676751] (-) TimerEvent: {}
[617.773690] (rae_camera) StdoutLine: {'line': b'-- Symlinking: /ws/install/rae_camera/include/xtensor/xoptional_assembly_base.hpp\n'}
[617.776955] (-) TimerEvent: {}
[617.877654] (-) TimerEvent: {}
[617.881430] (rae_camera) StdoutLine: {'line': b'-- Symlinking: /ws/install/rae_camera/include/xtensor/xoptional_assembly_storage.hpp\n'}
[617.978034] (-) TimerEvent: {}
[617.984169] (rae_camera) StdoutLine: {'line': b'-- Symlinking: /ws/install/rae_camera/include/xtensor/xpad.hpp\n'}
[618.078404] (-) TimerEvent: {}
[618.085510] (rae_camera) StdoutLine: {'line': b'-- Symlinking: /ws/install/rae_camera/include/xtensor/xrandom.hpp\n'}
[618.180302] (-) TimerEvent: {}
[618.186593] (rae_camera) StdoutLine: {'line': b'-- Symlinking: /ws/install/rae_camera/include/xtensor/xreducer.hpp\n'}
[618.280650] (-) TimerEvent: {}
[618.287410] (rae_camera) StdoutLine: {'line': b'-- Symlinking: /ws/install/rae_camera/include/xtensor/xrepeat.hpp\n'}
[618.381005] (-) TimerEvent: {}
[618.387555] (rae_camera) StdoutLine: {'line': b'-- Symlinking: /ws/install/rae_camera/include/xtensor/xscalar.hpp\n'}
[618.481460] (-) TimerEvent: {}
[618.488694] (rae_camera) StdoutLine: {'line': b'-- Symlinking: /ws/install/rae_camera/include/xtensor/xsemantic.hpp\n'}
[618.581837] (-) TimerEvent: {}
[618.590299] (rae_camera) StdoutLine: {'line': b'-- Symlinking: /ws/install/rae_camera/include/xtensor/xset_operation.hpp\n'}
[618.682193] (-) TimerEvent: {}
[618.690804] (rae_camera) StdoutLine: {'line': b'-- Symlinking: /ws/install/rae_camera/include/xtensor/xshape.hpp\n'}
[618.782575] (-) TimerEvent: {}
[618.793362] (rae_camera) StdoutLine: {'line': b'-- Symlinking: /ws/install/rae_camera/include/xtensor/xslice.hpp\n'}
[618.889670] (-) TimerEvent: {}
[618.900862] (rae_camera) StdoutLine: {'line': b'-- Symlinking: /ws/install/rae_camera/include/xtensor/xsort.hpp\n'}
[618.990054] (-) TimerEvent: {}
[619.003041] (rae_camera) StdoutLine: {'line': b'-- Symlinking: /ws/install/rae_camera/include/xtensor/xstorage.hpp\n'}
[619.090410] (-) TimerEvent: {}
[619.103612] (rae_camera) StdoutLine: {'line': b'-- Symlinking: /ws/install/rae_camera/include/xtensor/xstrided_view.hpp\n'}
[619.190797] (-) TimerEvent: {}
[619.205708] (rae_camera) StdoutLine: {'line': b'-- Symlinking: /ws/install/rae_camera/include/xtensor/xstrided_view_base.hpp\n'}
[619.291158] (-) TimerEvent: {}
[619.307796] (rae_camera) StdoutLine: {'line': b'-- Symlinking: /ws/install/rae_camera/include/xtensor/xstrides.hpp\n'}
[619.391542] (-) TimerEvent: {}
[619.409332] (rae_camera) StdoutLine: {'line': b'-- Symlinking: /ws/install/rae_camera/include/xtensor/xtensor.hpp\n'}
[619.491941] (-) TimerEvent: {}
[619.510579] (rae_camera) StdoutLine: {'line': b'-- Symlinking: /ws/install/rae_camera/include/xtensor/xtensor_config.hpp\n'}
[619.592292] (-) TimerEvent: {}
[619.612237] (rae_camera) StdoutLine: {'line': b'-- Symlinking: /ws/install/rae_camera/include/xtensor/xtensor_forward.hpp\n'}
[619.692658] (-) TimerEvent: {}
[619.713376] (rae_camera) StdoutLine: {'line': b'-- Symlinking: /ws/install/rae_camera/include/xtensor/xtensor_simd.hpp\n'}
[619.793025] (-) TimerEvent: {}
[619.816296] (rae_camera) StdoutLine: {'line': b'-- Symlinking: /ws/install/rae_camera/include/xtensor/xutils.hpp\n'}
[619.893419] (-) TimerEvent: {}
[619.923499] (rae_camera) StdoutLine: {'line': b'-- Symlinking: /ws/install/rae_camera/include/xtensor/xvectorize.hpp\n'}
[619.993794] (-) TimerEvent: {}
[620.024406] (rae_camera) StdoutLine: {'line': b'-- Symlinking: /ws/install/rae_camera/include/xtensor/xview.hpp\n'}
[620.094194] (-) TimerEvent: {}
[620.125271] (rae_camera) StdoutLine: {'line': b'-- Symlinking: /ws/install/rae_camera/include/xtensor/xview_utils.hpp\n'}
[620.194541] (-) TimerEvent: {}
[620.227862] (rae_camera) StdoutLine: {'line': b'-- Symlinking: /ws/install/rae_camera/lib/cmake/xtensor/xtensorConfig.cmake\n'}
[620.294906] (-) TimerEvent: {}
[620.329257] (rae_camera) StdoutLine: {'line': b'-- Symlinking: /ws/install/rae_camera/lib/cmake/xtensor/xtensorConfigVersion.cmake\n'}
[620.395277] (-) TimerEvent: {}
[620.431784] (rae_camera) StdoutLine: {'line': b'-- Symlinking: /ws/install/rae_camera/lib/pkgconfig//xtensor.pc\n'}
[620.495648] (-) TimerEvent: {}
[620.532613] (rae_camera) StdoutLine: {'line': b'-- Symlinking: /ws/install/rae_camera/include/xtensor.hpp\n'}
[620.596020] (-) TimerEvent: {}
[620.635155] (rae_camera) StdoutLine: {'line': b'-- Symlinking: /ws/install/rae_camera/lib/rae_camera/camera\n'}
[620.696398] (-) TimerEvent: {}
[620.737957] (rae_camera) StdoutLine: {'line': b'-- Symlinking: /ws/install/rae_camera/lib/rae_camera/stereo_depth\n'}
[620.796787] (-) TimerEvent: {}
[620.841630] (rae_camera) StdoutLine: {'line': b'-- Symlinking: /ws/install/rae_camera/lib/rae_camera/stereo_pair\n'}
[620.897153] (-) TimerEvent: {}
[620.952283] (rae_camera) StdoutLine: {'line': b'-- Symlinking: /ws/install/rae_camera/lib/rae_camera/yolo\n'}
[620.997536] (-) TimerEvent: {}
[621.055183] (rae_camera) StdoutLine: {'line': b'-- Symlinking: /ws/install/rae_camera/lib/rae_camera/perception_ipc_rtabmap\n'}
[621.097939] (-) TimerEvent: {}
[621.168091] (rae_camera) StdoutLine: {'line': b'-- Symlinking: /ws/install/rae_camera/share/rae_camera/launch/perception_ipc.launch.py\n'}
[621.198315] (-) TimerEvent: {}
[621.269426] (rae_camera) StdoutLine: {'line': b'-- Symlinking: /ws/install/rae_camera/share/rae_camera/launch/rae_camera.launch.py\n'}
[621.298662] (-) TimerEvent: {}
[621.371575] (rae_camera) StdoutLine: {'line': b'-- Symlinking: /ws/install/rae_camera/share/rae_camera/config/cal.json\n'}
[621.399093] (-) TimerEvent: {}
[621.473374] (rae_camera) StdoutLine: {'line': b'-- Symlinking: /ws/install/rae_camera/share/rae_camera/config/camera.yaml\n'}
[621.499436] (-) TimerEvent: {}
[621.573086] (rae_camera) StdoutLine: {'line': b'-- Symlinking: /ws/install/rae_camera/share/rae_camera/config/ipc.yaml\n'}
[621.599795] (-) TimerEvent: {}
[621.674391] (rae_camera) StdoutLine: {'line': b'-- Symlinking: /ws/install/rae_camera/share/rae_camera/config/laserscan_kinect.yaml\n'}
[621.700195] (-) TimerEvent: {}
[621.776048] (rae_camera) StdoutLine: {'line': b'-- Symlinking: /ws/install/rae_camera/share/rae_camera/config/yolo.json\n'}
[621.800560] (-) TimerEvent: {}
[621.877337] (rae_camera) StdoutLine: {'line': b'-- Symlinking: /ws/install/rae_camera/share/ament_index/resource_index/package_run_dependencies/rae_camera\n'}
[621.900940] (-) TimerEvent: {}
[621.988934] (rae_camera) StdoutLine: {'line': b'-- Symlinking: /ws/install/rae_camera/share/ament_index/resource_index/parent_prefix_path/rae_camera\n'}
[622.001165] (-) TimerEvent: {}
[622.088375] (rae_camera) StdoutLine: {'line': b'-- Symlinking: /ws/install/rae_camera/share/rae_camera/environment/ament_prefix_path.sh\n'}
[622.101532] (-) TimerEvent: {}
[622.189909] (rae_camera) StdoutLine: {'line': b'-- Symlinking: /ws/install/rae_camera/share/rae_camera/environment/ament_prefix_path.dsv\n'}
[622.201857] (-) TimerEvent: {}
[622.291934] (rae_camera) StdoutLine: {'line': b'-- Symlinking: /ws/install/rae_camera/share/rae_camera/environment/path.sh\n'}
[622.302172] (-) TimerEvent: {}
[622.394857] (rae_camera) StdoutLine: {'line': b'-- Symlinking: /ws/install/rae_camera/share/rae_camera/environment/path.dsv\n'}
[622.402388] (-) TimerEvent: {}
[622.496583] (rae_camera) StdoutLine: {'line': b'-- Symlinking: /ws/install/rae_camera/share/rae_camera/local_setup.bash\n'}
[622.502576] (-) TimerEvent: {}
[622.598248] (rae_camera) StdoutLine: {'line': b'-- Symlinking: /ws/install/rae_camera/share/rae_camera/local_setup.sh\n'}
[622.602914] (-) TimerEvent: {}
[622.700970] (rae_camera) StdoutLine: {'line': b'-- Symlinking: /ws/install/rae_camera/share/rae_camera/local_setup.zsh\n'}
[622.703050] (-) TimerEvent: {}
[622.803395] (rae_camera) StdoutLine: {'line': b'-- Symlinking: /ws/install/rae_camera/share/rae_camera/local_setup.dsv\n'}
[622.804692] (-) TimerEvent: {}
[622.903926] (rae_camera) StdoutLine: {'line': b'-- Symlinking: /ws/install/rae_camera/share/rae_camera/package.dsv\n'}
[622.905279] (-) TimerEvent: {}
[623.005954] (-) TimerEvent: {}
[623.013613] (rae_camera) StdoutLine: {'line': b'-- Symlinking: /ws/install/rae_camera/share/ament_index/resource_index/packages/rae_camera\n'}
[623.106312] (-) TimerEvent: {}
[623.114692] (rae_camera) StdoutLine: {'line': b'-- Symlinking: /ws/install/rae_camera/share/rae_camera/cmake/ament_cmake_export_include_directories-extras.cmake\n'}
[623.206691] (-) TimerEvent: {}
[623.216577] (rae_camera) StdoutLine: {'line': b'-- Symlinking: /ws/install/rae_camera/share/rae_camera/cmake/ament_cmake_export_dependencies-extras.cmake\n'}
[623.307074] (-) TimerEvent: {}
[623.317990] (rae_camera) StdoutLine: {'line': b'-- Symlinking: /ws/install/rae_camera/share/rae_camera/cmake/rae_cameraConfig.cmake\n'}
[623.407449] (-) TimerEvent: {}
[623.418827] (rae_camera) StdoutLine: {'line': b'-- Symlinking: /ws/install/rae_camera/share/rae_camera/cmake/rae_cameraConfig-version.cmake\n'}
[623.507818] (-) TimerEvent: {}
[623.520061] (rae_camera) StdoutLine: {'line': b'-- Symlinking: /ws/install/rae_camera/share/rae_camera/package.xml\n'}
[623.608204] (-) TimerEvent: {}
[623.624389] (rae_camera) StdoutLine: {'line': b'-- Installing: /ws/install/rae_camera/include/xtl/xany.hpp\n'}
[623.627173] (rae_camera) StdoutLine: {'line': b'-- Installing: /ws/install/rae_camera/include/xtl/xbasic_fixed_string.hpp\n'}
[623.628772] (rae_camera) StdoutLine: {'line': b'-- Installing: /ws/install/rae_camera/include/xtl/xbase64.hpp\n'}
[623.634353] (rae_camera) StdoutLine: {'line': b'-- Installing: /ws/install/rae_camera/include/xtl/xclosure.hpp\n'}
[623.635551] (rae_camera) StdoutLine: {'line': b'-- Installing: /ws/install/rae_camera/include/xtl/xcomplex.hpp\n'}
[623.636057] (rae_camera) StdoutLine: {'line': b'-- Installing: /ws/install/rae_camera/include/xtl/xcomplex_sequence.hpp\n'}
[623.636548] (rae_camera) StdoutLine: {'line': b'-- Installing: /ws/install/rae_camera/include/xtl/xspan.hpp\n'}
[623.637040] (rae_camera) StdoutLine: {'line': b'-- Installing: /ws/install/rae_camera/include/xtl/xspan_impl.hpp\n'}
[623.637982] (rae_camera) StdoutLine: {'line': b'-- Installing: /ws/install/rae_camera/include/xtl/xdynamic_bitset.hpp\n'}
[623.640200] (rae_camera) StdoutLine: {'line': b'-- Installing: /ws/install/rae_camera/include/xtl/xfunctional.hpp\n'}
[623.642902] (rae_camera) StdoutLine: {'line': b'-- Installing: /ws/install/rae_camera/include/xtl/xhalf_float.hpp\n'}
[623.644137] (rae_camera) StdoutLine: {'line': b'-- Installing: /ws/install/rae_camera/include/xtl/xhalf_float_impl.hpp\n'}
[623.644654] (rae_camera) StdoutLine: {'line': b'-- Installing: /ws/install/rae_camera/include/xtl/xhash.hpp\n'}
[623.645554] (rae_camera) StdoutLine: {'line': b'-- Installing: /ws/install/rae_camera/include/xtl/xhierarchy_generator.hpp\n'}
[623.646681] (rae_camera) StdoutLine: {'line': b'-- Installing: /ws/install/rae_camera/include/xtl/xiterator_base.hpp\n'}
[623.650332] (rae_camera) StdoutLine: {'line': b'-- Installing: /ws/install/rae_camera/include/xtl/xjson.hpp\n'}
[623.651432] (rae_camera) StdoutLine: {'line': b'-- Installing: /ws/install/rae_camera/include/xtl/xmasked_value_meta.hpp\n'}
[623.653212] (rae_camera) StdoutLine: {'line': b'-- Installing: /ws/install/rae_camera/include/xtl/xmasked_value.hpp\n'}
[623.654267] (rae_camera) StdoutLine: {'line': b'-- Installing: /ws/install/rae_camera/include/xtl/xmeta_utils.hpp\n'}
[623.655262] (rae_camera) StdoutLine: {'line': b'-- Installing: /ws/install/rae_camera/include/xtl/xmultimethods.hpp\n'}
[623.656322] (rae_camera) StdoutLine: {'line': b'-- Installing: /ws/install/rae_camera/include/xtl/xoptional_meta.hpp\n'}
[623.657402] (rae_camera) StdoutLine: {'line': b'-- Installing: /ws/install/rae_camera/include/xtl/xoptional.hpp\n'}
[623.658439] (rae_camera) StdoutLine: {'line': b'-- Installing: /ws/install/rae_camera/include/xtl/xoptional_sequence.hpp\n'}
[623.659425] (rae_camera) StdoutLine: {'line': b'-- Installing: /ws/install/rae_camera/include/xtl/xplatform.hpp\n'}
[623.660388] (rae_camera) StdoutLine: {'line': b'-- Installing: /ws/install/rae_camera/include/xtl/xproxy_wrapper.hpp\n'}
[623.661397] (rae_camera) StdoutLine: {'line': b'-- Installing: /ws/install/rae_camera/include/xtl/xsequence.hpp\n'}
[623.662391] (rae_camera) StdoutLine: {'line': b'-- Installing: /ws/install/rae_camera/include/xtl/xsystem.hpp\n'}
[623.663339] (rae_camera) StdoutLine: {'line': b'-- Installing: /ws/install/rae_camera/include/xtl/xtl_config.hpp\n'}
[623.664317] (rae_camera) StdoutLine: {'line': b'-- Installing: /ws/install/rae_camera/include/xtl/xtype_traits.hpp\n'}
[623.665370] (rae_camera) StdoutLine: {'line': b'-- Installing: /ws/install/rae_camera/include/xtl/xvariant.hpp\n'}
[623.667239] (rae_camera) StdoutLine: {'line': b'-- Installing: /ws/install/rae_camera/include/xtl/xvariant_impl.hpp\n'}
[623.668259] (rae_camera) StdoutLine: {'line': b'-- Installing: /ws/install/rae_camera/include/xtl/xvisitor.hpp\n'}
[623.669287] (rae_camera) StdoutLine: {'line': b'-- Installing: /ws/install/rae_camera/share/cmake/xtl/xtlTargets.cmake\n'}
[623.670304] (rae_camera) StdoutLine: {'line': b'-- Installing: /ws/install/rae_camera/lib/cmake/xtensor/xtensorTargets.cmake\n'}
[623.680289] (rae_camera) CommandEnded: {'returncode': 0}
[623.708846] (-) TimerEvent: {}
[623.809878] (-) TimerEvent: {}
[623.910983] (-) TimerEvent: {}
[624.013138] (-) TimerEvent: {}
[624.113968] (-) TimerEvent: {}
[624.214953] (-) TimerEvent: {}
[624.316344] (-) TimerEvent: {}
[624.417163] (-) TimerEvent: {}
[624.518025] (-) TimerEvent: {}
[624.618830] (-) TimerEvent: {}
[624.719616] (-) TimerEvent: {}
[624.820430] (-) TimerEvent: {}
[624.921298] (-) TimerEvent: {}
[625.025577] (-) TimerEvent: {}
[625.126586] (-) TimerEvent: {}
[625.227177] (-) TimerEvent: {}
[625.327735] (-) TimerEvent: {}
[625.429412] (-) TimerEvent: {}
[625.530029] (-) TimerEvent: {}
[625.539658] (rae_camera) JobEnded: {'identifier': 'rae_camera', 'rc': 0}
[625.630365] (-) TimerEvent: {}
[625.731128] (-) TimerEvent: {}
[625.832059] (-) TimerEvent: {}
[625.933008] (-) TimerEvent: {}
[626.034000] (-) TimerEvent: {}
[626.134945] (-) TimerEvent: {}
[626.235893] (-) TimerEvent: {}
[626.336847] (-) TimerEvent: {}
[626.437824] (-) TimerEvent: {}
[626.538775] (-) TimerEvent: {}
[626.639703] (-) TimerEvent: {}
[626.740649] (-) TimerEvent: {}
[626.841610] (-) TimerEvent: {}
[626.942576] (-) TimerEvent: {}
[627.043557] (-) TimerEvent: {}
[627.144466] (-) TimerEvent: {}
[627.245445] (-) TimerEvent: {}
[627.346330] (-) TimerEvent: {}
[627.447275] (-) TimerEvent: {}
[627.548241] (-) TimerEvent: {}
[627.649231] (-) TimerEvent: {}
[627.750179] (-) TimerEvent: {}
[627.851131] (-) TimerEvent: {}
[627.952098] (-) TimerEvent: {}
[628.053032] (-) TimerEvent: {}
[628.153997] (-) TimerEvent: {}
[628.254937] (-) TimerEvent: {}
[628.355914] (-) TimerEvent: {}
[628.456841] (-) TimerEvent: {}
[628.557798] (-) TimerEvent: {}
[628.658726] (-) TimerEvent: {}
[628.759689] (-) TimerEvent: {}
[628.860667] (-) TimerEvent: {}
[628.961585] (-) TimerEvent: {}
[629.062491] (-) TimerEvent: {}
[629.163420] (-) TimerEvent: {}
[629.264337] (-) TimerEvent: {}
[629.365303] (-) TimerEvent: {}
[629.466248] (-) TimerEvent: {}
[629.567186] (-) TimerEvent: {}
[629.668133] (-) TimerEvent: {}
[629.769085] (-) TimerEvent: {}
[629.870070] (-) TimerEvent: {}
[629.970991] (-) TimerEvent: {}
[630.071923] (-) TimerEvent: {}
[630.172835] (-) TimerEvent: {}
[630.273842] (-) TimerEvent: {}
[630.374814] (-) TimerEvent: {}
[630.475791] (-) TimerEvent: {}
[630.576760] (-) TimerEvent: {}
[630.677752] (-) TimerEvent: {}
[630.778710] (-) TimerEvent: {}
[630.879663] (-) TimerEvent: {}
[630.980607] (-) TimerEvent: {}
[631.081514] (-) TimerEvent: {}
[631.182441] (-) TimerEvent: {}
[631.283335] (-) TimerEvent: {}
[631.384212] (-) TimerEvent: {}
[631.485214] (-) TimerEvent: {}
[631.586195] (-) TimerEvent: {}
[631.687147] (-) TimerEvent: {}
[631.788114] (-) TimerEvent: {}
[631.889098] (-) TimerEvent: {}
[631.990090] (-) TimerEvent: {}
[632.091070] (-) TimerEvent: {}
[632.192009] (-) TimerEvent: {}
[632.292951] (-) TimerEvent: {}
[632.393918] (-) TimerEvent: {}
[632.494897] (-) TimerEvent: {}
[632.595874] (-) TimerEvent: {}
[632.696777] (-) TimerEvent: {}
[632.797577] (-) TimerEvent: {}
[632.898363] (-) TimerEvent: {}
[632.999191] (-) TimerEvent: {}
[633.100011] (-) TimerEvent: {}
[633.200807] (-) TimerEvent: {}
[633.301607] (-) TimerEvent: {}
[633.402423] (-) TimerEvent: {}
[633.503248] (-) TimerEvent: {}
[633.604056] (-) TimerEvent: {}
[633.704885] (-) TimerEvent: {}
[633.805746] (-) TimerEvent: {}
[633.906571] (-) TimerEvent: {}
[634.007467] (-) TimerEvent: {}
[634.108453] (-) TimerEvent: {}
[634.209429] (-) TimerEvent: {}
[634.310408] (-) TimerEvent: {}
[634.411348] (-) TimerEvent: {}
[634.512298] (-) TimerEvent: {}
[634.613285] (-) TimerEvent: {}
[634.714251] (-) TimerEvent: {}
[634.815234] (-) TimerEvent: {}
[634.916170] (-) TimerEvent: {}
[635.017114] (-) TimerEvent: {}
[635.118112] (-) TimerEvent: {}
[635.219058] (-) TimerEvent: {}
[635.320013] (-) TimerEvent: {}
[635.420955] (-) TimerEvent: {}
[635.521912] (-) TimerEvent: {}
[635.622813] (-) TimerEvent: {}
[635.723692] (-) TimerEvent: {}
[635.824582] (-) TimerEvent: {}
[635.925535] (-) TimerEvent: {}
[636.026599] (-) TimerEvent: {}
[636.127560] (-) TimerEvent: {}
[636.228535] (-) TimerEvent: {}
[636.329470] (-) TimerEvent: {}
[636.430395] (-) TimerEvent: {}
[636.531358] (-) TimerEvent: {}
[636.632293] (-) TimerEvent: {}
[636.733255] (-) TimerEvent: {}
[636.834189] (-) TimerEvent: {}
[636.935122] (-) TimerEvent: {}
[637.036098] (-) TimerEvent: {}
[637.137066] (-) TimerEvent: {}
[637.238031] (-) TimerEvent: {}
[637.338956] (-) TimerEvent: {}
[637.439843] (-) TimerEvent: {}
[637.540718] (-) TimerEvent: {}
[637.641602] (-) TimerEvent: {}
[637.742499] (-) TimerEvent: {}
[637.843387] (-) TimerEvent: {}
[637.944313] (-) TimerEvent: {}
[638.045295] (-) TimerEvent: {}
[638.146198] (-) TimerEvent: {}
[638.247097] (-) TimerEvent: {}
[638.348014] (-) TimerEvent: {}
[638.448923] (-) TimerEvent: {}
[638.549869] (-) TimerEvent: {}
[638.650805] (-) TimerEvent: {}
[638.751749] (-) TimerEvent: {}
[638.852660] (-) TimerEvent: {}
[638.953638] (-) TimerEvent: {}
[639.054582] (-) TimerEvent: {}
[639.155531] (-) TimerEvent: {}
[639.256472] (-) TimerEvent: {}
[639.357452] (-) TimerEvent: {}
[639.458378] (-) TimerEvent: {}
[639.559322] (-) TimerEvent: {}
[639.660251] (-) TimerEvent: {}
[639.761222] (-) TimerEvent: {}
[639.862181] (-) TimerEvent: {}
[639.963143] (-) TimerEvent: {}
[640.064079] (-) TimerEvent: {}
[640.165000] (-) TimerEvent: {}
[640.265984] (-) TimerEvent: {}
[640.366850] (-) TimerEvent: {}
[640.467748] (-) TimerEvent: {}
[640.568720] (-) TimerEvent: {}
[640.669663] (-) TimerEvent: {}
[640.770590] (-) TimerEvent: {}
[640.871531] (-) TimerEvent: {}
[640.972491] (-) TimerEvent: {}
[641.073494] (-) TimerEvent: {}
[641.174429] (-) TimerEvent: {}
[641.275367] (-) TimerEvent: {}
[641.376319] (-) TimerEvent: {}
[641.477289] (-) TimerEvent: {}
[641.578233] (-) TimerEvent: {}
[641.679095] (-) TimerEvent: {}
[641.779972] (-) TimerEvent: {}
[641.880916] (-) TimerEvent: {}
[641.981905] (-) TimerEvent: {}
[642.082850] (-) TimerEvent: {}
[642.183789] (-) TimerEvent: {}
[642.284728] (-) TimerEvent: {}
[642.385676] (-) TimerEvent: {}
[642.486459] (-) TimerEvent: {}
[642.587299] (-) TimerEvent: {}
[642.688164] (-) TimerEvent: {}
[642.789024] (-) TimerEvent: {}
[642.889938] (-) TimerEvent: {}
[642.990778] (-) TimerEvent: {}
[643.091639] (-) TimerEvent: {}
[643.192501] (-) TimerEvent: {}
[643.293385] (-) TimerEvent: {}
[643.394220] (-) TimerEvent: {}
[643.495096] (-) TimerEvent: {}
[643.596001] (-) TimerEvent: {}
[643.696939] (-) TimerEvent: {}
[643.797895] (-) TimerEvent: {}
[643.898784] (-) TimerEvent: {}
[643.999697] (-) TimerEvent: {}
[644.100594] (-) TimerEvent: {}
[644.201480] (-) TimerEvent: {}
[644.302327] (-) TimerEvent: {}
[644.403186] (-) TimerEvent: {}
[644.504081] (-) TimerEvent: {}
[644.604932] (-) TimerEvent: {}
[644.705831] (-) TimerEvent: {}
[644.806724] (-) TimerEvent: {}
[644.907646] (-) TimerEvent: {}
[645.008560] (-) TimerEvent: {}
[645.109466] (-) TimerEvent: {}
[645.210352] (-) TimerEvent: {}
[645.311274] (-) TimerEvent: {}
[645.412223] (-) TimerEvent: {}
[645.513165] (-) TimerEvent: {}
[645.614083] (-) TimerEvent: {}
[645.714995] (-) TimerEvent: {}
[645.815899] (-) TimerEvent: {}
[645.916802] (-) TimerEvent: {}
[646.017695] (-) TimerEvent: {}
[646.118544] (-) TimerEvent: {}
[646.219449] (-) TimerEvent: {}
[646.320292] (-) TimerEvent: {}
[646.421214] (-) TimerEvent: {}
[646.522102] (-) TimerEvent: {}
[646.623146] (-) TimerEvent: {}
[646.724256] (-) TimerEvent: {}
[646.825172] (-) TimerEvent: {}
[646.926054] (-) TimerEvent: {}
[647.026922] (-) TimerEvent: {}
[647.127830] (-) TimerEvent: {}
[647.228723] (-) TimerEvent: {}
[647.329570] (-) TimerEvent: {}
[647.430410] (-) TimerEvent: {}
[647.531288] (-) TimerEvent: {}
[647.632145] (-) TimerEvent: {}
[647.733002] (-) TimerEvent: {}
[647.833949] (-) TimerEvent: {}
[647.934834] (-) TimerEvent: {}
[648.035681] (-) TimerEvent: {}
[648.136547] (-) TimerEvent: {}
[648.237442] (-) TimerEvent: {}
[648.338302] (-) TimerEvent: {}
[648.439136] (-) TimerEvent: {}
[648.540030] (-) TimerEvent: {}
[648.640940] (-) TimerEvent: {}
[648.741835] (-) TimerEvent: {}
[648.842704] (-) TimerEvent: {}
[648.943524] (-) TimerEvent: {}
[649.044392] (-) TimerEvent: {}
[649.145340] (-) TimerEvent: {}
[649.246438] (-) TimerEvent: {}
[649.347457] (-) TimerEvent: {}
[649.448282] (-) TimerEvent: {}
[649.549102] (-) TimerEvent: {}
[649.650011] (-) TimerEvent: {}
[649.750966] (-) TimerEvent: {}
[649.851832] (-) TimerEvent: {}
[649.952623] (-) TimerEvent: {}
[650.053463] (-) TimerEvent: {}
[650.154306] (-) TimerEvent: {}
[650.255152] (-) TimerEvent: {}
[650.355937] (-) TimerEvent: {}
[650.456788] (-) TimerEvent: {}
[650.557613] (-) TimerEvent: {}
[650.658511] (-) TimerEvent: {}
[650.759376] (-) TimerEvent: {}
[650.860163] (-) TimerEvent: {}
[650.960950] (-) TimerEvent: {}
[651.061774] (-) TimerEvent: {}
[651.162576] (-) TimerEvent: {}
[651.263383] (-) TimerEvent: {}
[651.364174] (-) TimerEvent: {}
[651.464946] (-) TimerEvent: {}
[651.565752] (-) TimerEvent: {}
[651.666524] (-) TimerEvent: {}
[651.767306] (-) TimerEvent: {}
[651.868108] (-) TimerEvent: {}
[651.968905] (-) TimerEvent: {}
[652.069846] (-) TimerEvent: {}
[652.170778] (-) TimerEvent: {}
[652.271680] (-) TimerEvent: {}
[652.372538] (-) TimerEvent: {}
[652.473513] (-) TimerEvent: {}
[652.574401] (-) TimerEvent: {}
[652.675257] (-) TimerEvent: {}
[652.776177] (-) TimerEvent: {}
[652.877138] (-) TimerEvent: {}
[652.978078] (-) TimerEvent: {}
[653.078974] (-) TimerEvent: {}
[653.179896] (-) TimerEvent: {}
[653.280812] (-) TimerEvent: {}
[653.381752] (-) TimerEvent: {}
[653.482610] (-) TimerEvent: {}
[653.583478] (-) TimerEvent: {}
[653.684369] (-) TimerEvent: {}
[653.785266] (-) TimerEvent: {}
[653.886149] (-) TimerEvent: {}
[653.987065] (-) TimerEvent: {}
[654.087911] (-) TimerEvent: {}
[654.188731] (-) TimerEvent: {}
[654.289646] (-) TimerEvent: {}
[654.390575] (-) TimerEvent: {}
[654.491478] (-) TimerEvent: {}
[654.592352] (-) TimerEvent: {}
[654.693265] (-) TimerEvent: {}
[654.794152] (-) TimerEvent: {}
[654.895096] (-) TimerEvent: {}
[654.995970] (-) TimerEvent: {}
[655.096848] (-) TimerEvent: {}
[655.197814] (-) TimerEvent: {}
[655.298761] (-) TimerEvent: {}
[655.399702] (-) TimerEvent: {}
[655.500657] (-) TimerEvent: {}
[655.601619] (-) TimerEvent: {}
[655.702547] (-) TimerEvent: {}
[655.803500] (-) TimerEvent: {}
[655.904519] (-) TimerEvent: {}
[656.005539] (-) TimerEvent: {}
[656.106470] (-) TimerEvent: {}
[656.207411] (-) TimerEvent: {}
[656.308358] (-) TimerEvent: {}
[656.409345] (-) TimerEvent: {}
[656.510292] (-) TimerEvent: {}
[656.611266] (-) TimerEvent: {}
[656.712232] (-) TimerEvent: {}
[656.813232] (-) TimerEvent: {}
[656.914179] (-) TimerEvent: {}
[657.015079] (-) TimerEvent: {}
[657.116015] (-) TimerEvent: {}
[657.216924] (-) TimerEvent: {}
[657.317911] (-) TimerEvent: {}
[657.418877] (-) TimerEvent: {}
[657.519840] (-) TimerEvent: {}
[657.620779] (-) TimerEvent: {}
[657.721758] (-) TimerEvent: {}
[657.822680] (-) TimerEvent: {}
[657.923640] (-) TimerEvent: {}
[658.024609] (-) TimerEvent: {}
[658.125611] (-) TimerEvent: {}
[658.226572] (-) TimerEvent: {}
[658.327547] (-) TimerEvent: {}
[658.428523] (-) TimerEvent: {}
[658.529458] (-) TimerEvent: {}
[658.630368] (-) TimerEvent: {}
[658.731246] (-) TimerEvent: {}
[658.832134] (-) TimerEvent: {}
[658.932963] (-) TimerEvent: {}
[659.034454] (-) TimerEvent: {}
[659.135432] (-) TimerEvent: {}
[659.236387] (-) TimerEvent: {}
[659.337354] (-) TimerEvent: {}
[659.438285] (-) TimerEvent: {}
[659.539228] (-) TimerEvent: {}
[659.640217] (-) TimerEvent: {}
[659.741225] (-) TimerEvent: {}
[659.842165] (-) TimerEvent: {}
[659.942904] (-) TimerEvent: {}
[660.043658] (-) TimerEvent: {}
[660.144571] (-) TimerEvent: {}
[660.245517] (-) TimerEvent: {}
[660.346416] (-) TimerEvent: {}
[660.447302] (-) TimerEvent: {}
[660.548215] (-) TimerEvent: {}
[660.649137] (-) TimerEvent: {}
[660.750062] (-) TimerEvent: {}
[660.850944] (-) TimerEvent: {}
[660.951842] (-) TimerEvent: {}
[661.052745] (-) TimerEvent: {}
[661.153617] (-) TimerEvent: {}
[661.254438] (-) TimerEvent: {}
[661.355318] (-) TimerEvent: {}
[661.456237] (-) TimerEvent: {}
[661.557104] (-) TimerEvent: {}
[661.657961] (-) TimerEvent: {}
[661.758774] (-) TimerEvent: {}
[661.859645] (-) TimerEvent: {}
[661.960471] (-) TimerEvent: {}
[662.061370] (-) TimerEvent: {}
[662.162246] (-) TimerEvent: {}
[662.263113] (-) TimerEvent: {}
[662.363987] (-) TimerEvent: {}
[662.464834] (-) TimerEvent: {}
[662.565685] (-) TimerEvent: {}
[662.666529] (-) TimerEvent: {}
[662.767311] (-) TimerEvent: {}
[662.868110] (-) TimerEvent: {}
[662.968889] (-) TimerEvent: {}
[663.069728] (-) TimerEvent: {}
[663.170581] (-) TimerEvent: {}
[663.271418] (-) TimerEvent: {}
[663.372205] (-) TimerEvent: {}
[663.472900] (-) TimerEvent: {}
[663.573651] (-) TimerEvent: {}
[663.674290] (-) TimerEvent: {}
[663.774906] (-) TimerEvent: {}
[663.875531] (-) TimerEvent: {}
[663.976158] (-) TimerEvent: {}
[664.076859] (-) TimerEvent: {}
[664.177645] (-) TimerEvent: {}
[664.278587] (-) TimerEvent: {}
[664.379539] (-) TimerEvent: {}
[664.480470] (-) TimerEvent: {}
[664.581436] (-) TimerEvent: {}
[664.682400] (-) TimerEvent: {}
[664.783386] (-) TimerEvent: {}
[664.884353] (-) TimerEvent: {}
[664.985400] (-) TimerEvent: {}
[665.086391] (-) TimerEvent: {}
[665.187319] (-) TimerEvent: {}
[665.288279] (-) TimerEvent: {}
[665.389048] (-) TimerEvent: {}
[665.489649] (-) TimerEvent: {}
[665.590309] (-) TimerEvent: {}
[665.690942] (-) TimerEvent: {}
[665.791582] (-) TimerEvent: {}
[665.892233] (-) TimerEvent: {}
[665.992893] (-) TimerEvent: {}
[666.093524] (-) TimerEvent: {}
[666.194116] (-) TimerEvent: {}
[666.294784] (-) TimerEvent: {}
[666.395438] (-) TimerEvent: {}
[666.496097] (-) TimerEvent: {}
[666.596727] (-) TimerEvent: {}
[666.697371] (-) TimerEvent: {}
[666.797981] (-) TimerEvent: {}
[666.898614] (-) TimerEvent: {}
[666.999268] (-) TimerEvent: {}
[667.099930] (-) TimerEvent: {}
[667.200564] (-) TimerEvent: {}
[667.301219] (-) TimerEvent: {}
[667.401852] (-) TimerEvent: {}
[667.502492] (-) TimerEvent: {}
[667.603092] (-) TimerEvent: {}
[667.703732] (-) TimerEvent: {}
[667.804375] (-) TimerEvent: {}
[667.905035] (-) TimerEvent: {}
[668.005801] (-) TimerEvent: {}
[668.106443] (-) TimerEvent: {}
[668.207072] (-) TimerEvent: {}
[668.307722] (-) TimerEvent: {}
[668.408361] (-) TimerEvent: {}
[668.509006] (-) TimerEvent: {}
[668.609685] (-) TimerEvent: {}
[668.710358] (-) TimerEvent: {}
[668.811017] (-) TimerEvent: {}
[668.911630] (-) TimerEvent: {}
[669.012274] (-) TimerEvent: {}
[669.112930] (-) TimerEvent: {}
[669.213709] (-) TimerEvent: {}
[669.314608] (-) TimerEvent: {}
[669.415507] (-) TimerEvent: {}
[669.516391] (-) TimerEvent: {}
[669.617321] (-) TimerEvent: {}
[669.718239] (-) TimerEvent: {}
[669.819129] (-) TimerEvent: {}
[669.920029] (-) TimerEvent: {}
[670.020953] (-) TimerEvent: {}
[670.121907] (-) TimerEvent: {}
[670.222775] (-) TimerEvent: {}
[670.323660] (-) TimerEvent: {}
[670.424595] (-) TimerEvent: {}
[670.525531] (-) TimerEvent: {}
[670.626428] (-) TimerEvent: {}
[670.727274] (-) TimerEvent: {}
[670.828144] (-) TimerEvent: {}
[670.929037] (-) TimerEvent: {}
[671.029959] (-) TimerEvent: {}
[671.130845] (-) TimerEvent: {}
[671.231722] (-) TimerEvent: {}
[671.332593] (-) TimerEvent: {}
[671.433509] (-) TimerEvent: {}
[671.534371] (-) TimerEvent: {}
[671.635263] (-) TimerEvent: {}
[671.736192] (-) TimerEvent: {}
[671.837100] (-) TimerEvent: {}
[671.938092] (-) TimerEvent: {}
[672.038981] (-) TimerEvent: {}
[672.139902] (-) TimerEvent: {}
[672.240679] (-) TimerEvent: {}
[672.341313] (-) TimerEvent: {}
[672.441969] (-) TimerEvent: {}
[672.542617] (-) TimerEvent: {}
[672.643255] (-) TimerEvent: {}
[672.743863] (-) TimerEvent: {}
[672.844469] (-) TimerEvent: {}
[672.945125] (-) TimerEvent: {}
[673.045798] (-) TimerEvent: {}
[673.146466] (-) TimerEvent: {}
[673.247108] (-) TimerEvent: {}
[673.347857] (-) TimerEvent: {}
[673.448718] (-) TimerEvent: {}
[673.549590] (-) TimerEvent: {}
[673.650452] (-) TimerEvent: {}
[673.751315] (-) TimerEvent: {}
[673.852209] (-) TimerEvent: {}
[673.952969] (-) TimerEvent: {}
[674.053563] (-) TimerEvent: {}
[674.154158] (-) TimerEvent: {}
[674.254808] (-) TimerEvent: {}
[674.355403] (-) TimerEvent: {}
[674.456057] (-) TimerEvent: {}
[674.556685] (-) TimerEvent: {}
[674.657326] (-) TimerEvent: {}
[674.757953] (-) TimerEvent: {}
[674.858562] (-) TimerEvent: {}
[674.959160] (-) TimerEvent: {}
[675.059802] (-) TimerEvent: {}
[675.160443] (-) TimerEvent: {}
[675.261092] (-) TimerEvent: {}
[675.361935] (-) TimerEvent: {}
[675.462557] (-) TimerEvent: {}
[675.563185] (-) TimerEvent: {}
[675.663820] (-) TimerEvent: {}
[675.764439] (-) TimerEvent: {}
[675.865075] (-) TimerEvent: {}
[675.965770] (-) TimerEvent: {}
[676.066388] (-) TimerEvent: {}
[676.166954] (-) TimerEvent: {}
[676.267547] (-) TimerEvent: {}
[676.368229] (-) TimerEvent: {}
[676.468931] (-) TimerEvent: {}
[676.569571] (-) TimerEvent: {}
[676.670216] (-) TimerEvent: {}
[676.770856] (-) TimerEvent: {}
[676.871506] (-) TimerEvent: {}
[676.972126] (-) TimerEvent: {}
[677.072764] (-) TimerEvent: {}
[677.173453] (-) TimerEvent: {}
[677.274109] (-) TimerEvent: {}
[677.374750] (-) TimerEvent: {}
[677.475375] (-) TimerEvent: {}
[677.576018] (-) TimerEvent: {}
[677.676683] (-) TimerEvent: {}
[677.777399] (-) TimerEvent: {}
[677.878072] (-) TimerEvent: {}
[677.978702] (-) TimerEvent: {}
[678.079353] (-) TimerEvent: {}
[678.179993] (-) TimerEvent: {}
[678.280605] (-) TimerEvent: {}
[678.381275] (-) TimerEvent: {}
[678.481917] (-) TimerEvent: {}
[678.582554] (-) TimerEvent: {}
[678.683202] (-) TimerEvent: {}
[678.783809] (-) TimerEvent: {}
[678.884431] (-) TimerEvent: {}
[678.985073] (-) TimerEvent: {}
[679.085745] (-) TimerEvent: {}
[679.186390] (-) TimerEvent: {}
[679.287023] (-) TimerEvent: {}
[679.387644] (-) TimerEvent: {}
[679.488243] (-) TimerEvent: {}
[679.588904] (-) TimerEvent: {}
[679.689548] (-) TimerEvent: {}
[679.790181] (-) TimerEvent: {}
[679.890808] (-) TimerEvent: {}
[679.991475] (-) TimerEvent: {}
[680.092121] (-) TimerEvent: {}
[680.192747] (-) TimerEvent: {}
[680.293377] (-) TimerEvent: {}
[680.393962] (-) TimerEvent: {}
[680.494566] (-) TimerEvent: {}
[680.595201] (-) TimerEvent: {}
[680.695832] (-) TimerEvent: {}
[680.796472] (-) TimerEvent: {}
[680.897095] (-) TimerEvent: {}
[680.997757] (-) TimerEvent: {}
[681.098398] (-) TimerEvent: {}
[681.199018] (-) TimerEvent: {}
[681.299664] (-) TimerEvent: {}
[681.400316] (-) TimerEvent: {}
[681.500923] (-) TimerEvent: {}
[681.601570] (-) TimerEvent: {}
[681.702192] (-) TimerEvent: {}
[681.802841] (-) TimerEvent: {}
[681.903452] (-) TimerEvent: {}
[682.004090] (-) TimerEvent: {}
[682.104725] (-) TimerEvent: {}
[682.205395] (-) TimerEvent: {}
[682.306065] (-) TimerEvent: {}
[682.406702] (-) TimerEvent: {}
[682.507292] (-) TimerEvent: {}
[682.607887] (-) TimerEvent: {}
[682.708487] (-) TimerEvent: {}
[682.809106] (-) TimerEvent: {}
[682.909739] (-) TimerEvent: {}
[683.010334] (-) TimerEvent: {}
[683.110944] (-) TimerEvent: {}
[683.211555] (-) TimerEvent: {}
[683.312170] (-) TimerEvent: {}
[683.412791] (-) TimerEvent: {}
[683.513384] (-) TimerEvent: {}
[683.613972] (-) TimerEvent: {}
[683.714569] (-) TimerEvent: {}
[683.815171] (-) TimerEvent: {}
[683.915792] (-) TimerEvent: {}
[684.016405] (-) TimerEvent: {}
[684.117026] (-) TimerEvent: {}
[684.217692] (-) TimerEvent: {}
[684.318285] (-) TimerEvent: {}
[684.418894] (-) TimerEvent: {}
[684.519557] (-) TimerEvent: {}
[684.620279] (-) TimerEvent: {}
[684.720931] (-) TimerEvent: {}
[684.821589] (-) TimerEvent: {}
[684.922207] (-) TimerEvent: {}
[685.022814] (-) TimerEvent: {}
[685.123430] (-) TimerEvent: {}
[685.224059] (-) TimerEvent: {}
[685.324709] (-) TimerEvent: {}
[685.425388] (-) TimerEvent: {}
[685.525954] (-) TimerEvent: {}
[685.626662] (-) TimerEvent: {}
[685.727559] (-) TimerEvent: {}
[685.828444] (-) TimerEvent: {}
[685.929317] (-) TimerEvent: {}
[686.030180] (-) TimerEvent: {}
[686.131040] (-) TimerEvent: {}
[686.231886] (-) TimerEvent: {}
[686.332782] (-) TimerEvent: {}
[686.433665] (-) TimerEvent: {}
[686.534515] (-) TimerEvent: {}
[686.635388] (-) TimerEvent: {}
[686.736314] (-) TimerEvent: {}
[686.837321] (-) TimerEvent: {}
[686.938286] (-) TimerEvent: {}
[687.039193] (-) TimerEvent: {}
[687.140106] (-) TimerEvent: {}
[687.240947] (-) TimerEvent: {}
[687.341856] (-) TimerEvent: {}
[687.442731] (-) TimerEvent: {}
[687.543657] (-) TimerEvent: {}
[687.644516] (-) TimerEvent: {}
[687.745461] (-) TimerEvent: {}
[687.846340] (-) TimerEvent: {}
[687.947236] (-) TimerEvent: {}
[688.048117] (-) TimerEvent: {}
[688.149017] (-) TimerEvent: {}
[688.249894] (-) TimerEvent: {}
[688.350634] (-) TimerEvent: {}
[688.451249] (-) TimerEvent: {}
[688.551858] (-) TimerEvent: {}
[688.652440] (-) TimerEvent: {}
[688.753021] (-) TimerEvent: {}
[688.853776] (-) TimerEvent: {}
[688.954624] (-) TimerEvent: {}
[689.055518] (-) TimerEvent: {}
[689.156439] (-) TimerEvent: {}
[689.257364] (-) TimerEvent: {}
[689.358217] (-) TimerEvent: {}
[689.459066] (-) TimerEvent: {}
[689.559987] (-) TimerEvent: {}
[689.660898] (-) TimerEvent: {}
[689.761806] (-) TimerEvent: {}
[689.862691] (-) TimerEvent: {}
[689.963511] (-) TimerEvent: {}
[690.064389] (-) TimerEvent: {}
[690.165367] (-) TimerEvent: {}
[690.266268] (-) TimerEvent: {}
[690.367161] (-) TimerEvent: {}
[690.467995] (-) TimerEvent: {}
[690.568825] (-) TimerEvent: {}
[690.669721] (-) TimerEvent: {}
[690.770590] (-) TimerEvent: {}
[690.871460] (-) TimerEvent: {}
[690.972344] (-) TimerEvent: {}
[691.073259] (-) TimerEvent: {}
[691.174205] (-) TimerEvent: {}
[691.275116] (-) TimerEvent: {}
[691.375959] (-) TimerEvent: {}
[691.476783] (-) TimerEvent: {}
[691.577659] (-) TimerEvent: {}
[691.678494] (-) TimerEvent: {}
[691.779391] (-) TimerEvent: {}
[691.880309] (-) TimerEvent: {}
[691.981213] (-) TimerEvent: {}
[692.082077] (-) TimerEvent: {}
[692.182967] (-) TimerEvent: {}
[692.283879] (-) TimerEvent: {}
[692.384819] (-) TimerEvent: {}
[692.485783] (-) TimerEvent: {}
[692.586691] (-) TimerEvent: {}
[692.687593] (-) TimerEvent: {}
[692.788524] (-) TimerEvent: {}
[692.889483] (-) TimerEvent: {}
[692.990388] (-) TimerEvent: {}
[693.091272] (-) TimerEvent: {}
[693.192167] (-) TimerEvent: {}
[693.293046] (-) TimerEvent: {}
[693.393960] (-) TimerEvent: {}
[693.494850] (-) TimerEvent: {}
[693.595747] (-) TimerEvent: {}
[693.696632] (-) TimerEvent: {}
[693.797568] (-) TimerEvent: {}
[693.898431] (-) TimerEvent: {}
[693.999298] (-) TimerEvent: {}
[694.100151] (-) TimerEvent: {}
[694.201069] (-) TimerEvent: {}
[694.301933] (-) TimerEvent: {}
[694.402791] (-) TimerEvent: {}
[694.503670] (-) TimerEvent: {}
[694.604583] (-) TimerEvent: {}
[694.705356] (-) TimerEvent: {}
[694.805963] (-) TimerEvent: {}
[694.906585] (-) TimerEvent: {}
[695.007219] (-) TimerEvent: {}
[695.107850] (-) TimerEvent: {}
[695.208489] (-) TimerEvent: {}
[695.309144] (-) TimerEvent: {}
[695.409753] (-) TimerEvent: {}
[695.510379] (-) TimerEvent: {}
[695.611008] (-) TimerEvent: {}
[695.711617] (-) TimerEvent: {}
[695.812199] (-) TimerEvent: {}
[695.912833] (-) TimerEvent: {}
[696.013472] (-) TimerEvent: {}
[696.114081] (-) TimerEvent: {}
[696.214715] (-) TimerEvent: {}
[696.315351] (-) TimerEvent: {}
[696.415967] (-) TimerEvent: {}
[696.516596] (-) TimerEvent: {}
[696.617277] (-) TimerEvent: {}
[696.717906] (-) TimerEvent: {}
[696.818510] (-) TimerEvent: {}
[696.919106] (-) TimerEvent: {}
[697.019705] (-) TimerEvent: {}
[697.120337] (-) TimerEvent: {}
[697.220996] (-) TimerEvent: {}
[697.321687] (-) TimerEvent: {}
[697.422321] (-) TimerEvent: {}
[697.522971] (-) TimerEvent: {}
[697.623599] (-) TimerEvent: {}
[697.724216] (-) TimerEvent: {}
[697.824793] (-) TimerEvent: {}
[697.925445] (-) TimerEvent: {}
[698.026084] (-) TimerEvent: {}
[698.126724] (-) TimerEvent: {}
[698.227345] (-) TimerEvent: {}
[698.327946] (-) TimerEvent: {}
[698.428549] (-) TimerEvent: {}
[698.529177] (-) TimerEvent: {}
[698.629814] (-) TimerEvent: {}
[698.730406] (-) TimerEvent: {}
[698.830951] (-) TimerEvent: {}
[698.931559] (-) TimerEvent: {}
[699.032167] (-) TimerEvent: {}
[699.132775] (-) TimerEvent: {}
[699.233411] (-) TimerEvent: {}
[699.334083] (-) TimerEvent: {}
[699.434736] (-) TimerEvent: {}
[699.535389] (-) TimerEvent: {}
[699.636008] (-) TimerEvent: {}
[699.736624] (-) TimerEvent: {}
[699.837233] (-) TimerEvent: {}
[699.937854] (-) TimerEvent: {}
[700.038470] (-) TimerEvent: {}
[700.139104] (-) TimerEvent: {}
[700.239714] (-) TimerEvent: {}
[700.340330] (-) TimerEvent: {}
[700.440925] (-) TimerEvent: {}
[700.541604] (-) TimerEvent: {}
[700.642197] (-) TimerEvent: {}
[700.742774] (-) TimerEvent: {}
[700.843425] (-) TimerEvent: {}
[700.944112] (-) TimerEvent: {}
[701.044749] (-) TimerEvent: {}
[701.145423] (-) TimerEvent: {}
[701.246026] (-) TimerEvent: {}
[701.346635] (-) TimerEvent: {}
[701.447265] (-) TimerEvent: {}
[701.547909] (-) TimerEvent: {}
[701.648525] (-) TimerEvent: {}
[701.749169] (-) TimerEvent: {}
[701.849885] (-) TimerEvent: {}
[701.950620] (-) TimerEvent: {}
[702.051261] (-) TimerEvent: {}
[702.151884] (-) TimerEvent: {}
[702.252621] (-) TimerEvent: {}
[702.353392] (-) TimerEvent: {}
[702.454012] (-) TimerEvent: {}
[702.554642] (-) TimerEvent: {}
[702.655242] (-) TimerEvent: {}
[702.755845] (-) TimerEvent: {}
[702.856463] (-) TimerEvent: {}
[702.957059] (-) TimerEvent: {}
[703.057707] (-) TimerEvent: {}
[703.158312] (-) TimerEvent: {}
[703.258950] (-) TimerEvent: {}
[703.359576] (-) TimerEvent: {}
[703.460211] (-) TimerEvent: {}
[703.560835] (-) TimerEvent: {}
[703.661465] (-) TimerEvent: {}
[703.762086] (-) TimerEvent: {}
[703.862723] (-) TimerEvent: {}
[703.963378] (-) TimerEvent: {}
[704.063925] (-) TimerEvent: {}
[704.164515] (-) TimerEvent: {}
[704.265121] (-) TimerEvent: {}
[704.365785] (-) TimerEvent: {}
[704.466424] (-) TimerEvent: {}
[704.567047] (-) TimerEvent: {}
[704.667665] (-) TimerEvent: {}
[704.768263] (-) TimerEvent: {}
[704.868868] (-) TimerEvent: {}
[704.969491] (-) TimerEvent: {}
[705.070135] (-) TimerEvent: {}
[705.170742] (-) TimerEvent: {}
[705.271330] (-) TimerEvent: {}
[705.371971] (-) TimerEvent: {}
[705.472542] (-) TimerEvent: {}
[705.573128] (-) TimerEvent: {}
[705.673761] (-) TimerEvent: {}
[705.774355] (-) TimerEvent: {}
[705.874960] (-) TimerEvent: {}
[705.975547] (-) TimerEvent: {}
[706.076170] (-) TimerEvent: {}
[706.176796] (-) TimerEvent: {}
[706.277416] (-) TimerEvent: {}
[706.378040] (-) TimerEvent: {}
[706.478722] (-) TimerEvent: {}
[706.579356] (-) TimerEvent: {}
[706.679955] (-) TimerEvent: {}
[706.780581] (-) TimerEvent: {}
[706.881264] (-) TimerEvent: {}
[706.981890] (-) TimerEvent: {}
[707.082537] (-) TimerEvent: {}
[707.183150] (-) TimerEvent: {}
[707.283767] (-) TimerEvent: {}
[707.384381] (-) TimerEvent: {}
[707.485013] (-) TimerEvent: {}
[707.585651] (-) TimerEvent: {}
[707.686256] (-) TimerEvent: {}
[707.786878] (-) TimerEvent: {}
[707.887486] (-) TimerEvent: {}
[707.988142] (-) TimerEvent: {}
[708.088810] (-) TimerEvent: {}
[708.189448] (-) TimerEvent: {}
[708.290045] (-) TimerEvent: {}
[708.390632] (-) TimerEvent: {}
[708.491209] (-) TimerEvent: {}
[708.591829] (-) TimerEvent: {}
[708.692382] (-) TimerEvent: {}
[708.792954] (-) TimerEvent: {}
[708.893541] (-) TimerEvent: {}
[708.994161] (-) TimerEvent: {}
[709.094744] (-) TimerEvent: {}
[709.195350] (-) TimerEvent: {}
[709.295949] (-) TimerEvent: {}
[709.396679] (-) TimerEvent: {}
[709.497588] (-) TimerEvent: {}
[709.598463] (-) TimerEvent: {}
[709.699327] (-) TimerEvent: {}
[709.800223] (-) TimerEvent: {}
[709.901090] (-) TimerEvent: {}
[710.001995] (-) TimerEvent: {}
[710.102881] (-) TimerEvent: {}
[710.203732] (-) TimerEvent: {}
[710.304597] (-) TimerEvent: {}
[710.405467] (-) TimerEvent: {}
[710.506327] (-) TimerEvent: {}
[710.607139] (-) TimerEvent: {}
[710.707995] (-) TimerEvent: {}
[710.808896] (-) TimerEvent: {}
[710.909807] (-) TimerEvent: {}
[711.010687] (-) TimerEvent: {}
[711.111560] (-) TimerEvent: {}
[711.212421] (-) TimerEvent: {}
[711.313340] (-) TimerEvent: {}
[711.414220] (-) TimerEvent: {}
[711.515094] (-) TimerEvent: {}
[711.615920] (-) TimerEvent: {}
[711.716748] (-) TimerEvent: {}
[711.817609] (-) TimerEvent: {}
[711.918451] (-) TimerEvent: {}
[712.019287] (-) TimerEvent: {}
[712.120140] (-) TimerEvent: {}
[712.220988] (-) TimerEvent: {}
[712.321891] (-) TimerEvent: {}
[712.422596] (-) TimerEvent: {}
[712.523347] (-) TimerEvent: {}
[712.624118] (-) TimerEvent: {}
[712.724922] (-) TimerEvent: {}
[712.825791] (-) TimerEvent: {}
[712.926603] (-) TimerEvent: {}
[713.027426] (-) TimerEvent: {}
[713.128385] (-) TimerEvent: {}
[713.229166] (-) TimerEvent: {}
[713.330031] (-) TimerEvent: {}
[713.430844] (-) TimerEvent: {}
[713.531699] (-) TimerEvent: {}
[713.632550] (-) TimerEvent: {}
[713.733417] (-) TimerEvent: {}
[713.834261] (-) TimerEvent: {}
[713.935033] (-) TimerEvent: {}
[714.035808] (-) TimerEvent: {}
[714.136636] (-) TimerEvent: {}
[714.237529] (-) TimerEvent: {}
[714.338376] (-) TimerEvent: {}
[714.439235] (-) TimerEvent: {}
[714.540076] (-) TimerEvent: {}
[714.640866] (-) TimerEvent: {}
[714.741746] (-) TimerEvent: {}
[714.842642] (-) TimerEvent: {}
[714.943498] (-) TimerEvent: {}
[715.044333] (-) TimerEvent: {}
[715.145168] (-) TimerEvent: {}
[715.246051] (-) TimerEvent: {}
[715.346894] (-) TimerEvent: {}
[715.447751] (-) TimerEvent: {}
[715.548603] (-) TimerEvent: {}
[715.649367] (-) TimerEvent: {}
[715.749999] (-) TimerEvent: {}
[715.850574] (-) TimerEvent: {}
[715.951179] (-) TimerEvent: {}
[716.051790] (-) TimerEvent: {}
[716.152415] (-) TimerEvent: {}
[716.253057] (-) TimerEvent: {}
[716.353709] (-) TimerEvent: {}
[716.454311] (-) TimerEvent: {}
[716.554951] (-) TimerEvent: {}
[716.655604] (-) TimerEvent: {}
[716.756248] (-) TimerEvent: {}
[716.856897] (-) TimerEvent: {}
[716.957546] (-) TimerEvent: {}
[717.058142] (-) TimerEvent: {}
[717.158743] (-) TimerEvent: {}
[717.259386] (-) TimerEvent: {}
[717.359987] (-) TimerEvent: {}
[717.460608] (-) TimerEvent: {}
[717.561253] (-) TimerEvent: {}
[717.661869] (-) TimerEvent: {}
[717.762425] (-) TimerEvent: {}
[717.856275] (rae_hw) StdoutLine: {'line': b'[ 69%] Linking CXX shared library librae_hw.so\n'}
[717.862559] (-) TimerEvent: {}
[717.963174] (-) TimerEvent: {}
[718.063863] (-) TimerEvent: {}
[718.164408] (-) TimerEvent: {}
[718.264952] (-) TimerEvent: {}
[718.365547] (-) TimerEvent: {}
[718.466078] (-) TimerEvent: {}
[718.566715] (-) TimerEvent: {}
[718.667459] (-) TimerEvent: {}
[718.768236] (-) TimerEvent: {}
[718.869001] (-) TimerEvent: {}
[718.969676] (-) TimerEvent: {}
[719.070230] (-) TimerEvent: {}
[719.170825] (-) TimerEvent: {}
[719.271434] (-) TimerEvent: {}
[719.372028] (-) TimerEvent: {}
[719.472624] (-) TimerEvent: {}
[719.573310] (-) TimerEvent: {}
[719.674048] (-) TimerEvent: {}
[719.774663] (-) TimerEvent: {}
[719.875271] (-) TimerEvent: {}
[719.975895] (-) TimerEvent: {}
[720.076482] (-) TimerEvent: {}
[720.177112] (-) TimerEvent: {}
[720.277766] (-) TimerEvent: {}
[720.378386] (-) TimerEvent: {}
[720.478997] (-) TimerEvent: {}
[720.579599] (-) TimerEvent: {}
[720.680223] (-) TimerEvent: {}
[720.780876] (-) TimerEvent: {}
[720.881512] (-) TimerEvent: {}
[720.982230] (-) TimerEvent: {}
[721.057780] (rae_hw) StdoutLine: {'line': b'[ 69%] Built target rae_hw\n'}
[721.082587] (-) TimerEvent: {}
[721.183418] (-) TimerEvent: {}
[721.284232] (-) TimerEvent: {}
[721.385032] (-) TimerEvent: {}
[721.485860] (-) TimerEvent: {}
[721.539423] (rae_hw) StdoutLine: {'line': b'[ 78%] Building CXX object CMakeFiles/test_speed.dir/test/test_speed.cpp.o\n'}
[721.542436] (rae_hw) StdoutLine: {'line': b'[ 78%] Building CXX object CMakeFiles/test_speed.dir/src/rae_motors.cpp.o\n'}
[721.586213] (-) TimerEvent: {}
[721.668200] (rae_hw) StdoutLine: {'line': b'[ 82%] Building CXX object CMakeFiles/speakers_node.dir/src/speakers_node.cpp.o\n'}
[721.686526] (-) TimerEvent: {}
[721.690852] (rae_hw) StdoutLine: {'line': b'[ 86%] Building CXX object CMakeFiles/mic_node.dir/src/mic_node.cpp.o\n'}
[721.786971] (-) TimerEvent: {}
[721.887807] (-) TimerEvent: {}
[721.988672] (-) TimerEvent: {}
[722.089547] (-) TimerEvent: {}
[722.190373] (-) TimerEvent: {}
[722.291202] (-) TimerEvent: {}
[722.392022] (-) TimerEvent: {}
[722.492855] (-) TimerEvent: {}
[722.593691] (-) TimerEvent: {}
[722.694533] (-) TimerEvent: {}
[722.795379] (-) TimerEvent: {}
[722.896219] (-) TimerEvent: {}
[722.997078] (-) TimerEvent: {}
[723.097931] (-) TimerEvent: {}
[723.198752] (-) TimerEvent: {}
[723.299582] (-) TimerEvent: {}
[723.400417] (-) TimerEvent: {}
[723.501271] (-) TimerEvent: {}
[723.602093] (-) TimerEvent: {}
[723.702935] (-) TimerEvent: {}
[723.803773] (-) TimerEvent: {}
[723.904624] (-) TimerEvent: {}
[724.005499] (-) TimerEvent: {}
[724.106356] (-) TimerEvent: {}
[724.207226] (-) TimerEvent: {}
[724.308084] (-) TimerEvent: {}
[724.408939] (-) TimerEvent: {}
[724.509824] (-) TimerEvent: {}
[724.610728] (-) TimerEvent: {}
[724.711601] (-) TimerEvent: {}
[724.813079] (-) TimerEvent: {}
[724.913962] (-) TimerEvent: {}
[725.014863] (-) TimerEvent: {}
[725.115812] (-) TimerEvent: {}
[725.216721] (-) TimerEvent: {}
[725.317651] (-) TimerEvent: {}
[725.418638] (-) TimerEvent: {}
[725.519572] (-) TimerEvent: {}
[725.620476] (-) TimerEvent: {}
[725.721378] (-) TimerEvent: {}
[725.822326] (-) TimerEvent: {}
[725.923298] (-) TimerEvent: {}
[726.024232] (-) TimerEvent: {}
[726.125125] (-) TimerEvent: {}
[726.226096] (-) TimerEvent: {}
[726.327054] (-) TimerEvent: {}
[726.427981] (-) TimerEvent: {}
[726.528932] (-) TimerEvent: {}
[726.629898] (-) TimerEvent: {}
[726.730856] (-) TimerEvent: {}
[726.831781] (-) TimerEvent: {}
[726.932722] (-) TimerEvent: {}
[727.033666] (-) TimerEvent: {}
[727.134589] (-) TimerEvent: {}
[727.235533] (-) TimerEvent: {}
[727.336474] (-) TimerEvent: {}
[727.437413] (-) TimerEvent: {}
[727.538399] (-) TimerEvent: {}
[727.639392] (-) TimerEvent: {}
[727.740297] (-) TimerEvent: {}
[727.841249] (-) TimerEvent: {}
[727.942178] (-) TimerEvent: {}
[728.043111] (-) TimerEvent: {}
[728.144040] (-) TimerEvent: {}
[728.244985] (-) TimerEvent: {}
[728.345871] (-) TimerEvent: {}
[728.446801] (-) TimerEvent: {}
[728.547718] (-) TimerEvent: {}
[728.648647] (-) TimerEvent: {}
[728.749566] (-) TimerEvent: {}
[728.850524] (-) TimerEvent: {}
[728.951514] (-) TimerEvent: {}
[729.052451] (-) TimerEvent: {}
[729.157329] (-) TimerEvent: {}
[729.258199] (-) TimerEvent: {}
[729.359126] (-) TimerEvent: {}
[729.460076] (-) TimerEvent: {}
[729.561017] (-) TimerEvent: {}
[729.661963] (-) TimerEvent: {}
[729.762905] (-) TimerEvent: {}
[729.863893] (-) TimerEvent: {}
[729.964846] (-) TimerEvent: {}
[730.065841] (-) TimerEvent: {}
[730.169622] (-) TimerEvent: {}
[730.270547] (-) TimerEvent: {}
[730.372278] (-) TimerEvent: {}
[730.473974] (-) TimerEvent: {}
[730.574926] (-) TimerEvent: {}
[730.675837] (-) TimerEvent: {}
[730.776771] (-) TimerEvent: {}
[730.877733] (-) TimerEvent: {}
[730.978659] (-) TimerEvent: {}
[731.079594] (-) TimerEvent: {}
[731.180475] (-) TimerEvent: {}
[731.281399] (-) TimerEvent: {}
[731.382367] (-) TimerEvent: {}
[731.483318] (-) TimerEvent: {}
[731.584239] (-) TimerEvent: {}
[731.685212] (-) TimerEvent: {}
[731.786105] (-) TimerEvent: {}
[731.887046] (-) TimerEvent: {}
[731.987956] (-) TimerEvent: {}
[732.088849] (-) TimerEvent: {}
[732.189810] (-) TimerEvent: {}
[732.290744] (-) TimerEvent: {}
[732.391674] (-) TimerEvent: {}
[732.492601] (-) TimerEvent: {}
[732.593532] (-) TimerEvent: {}
[732.694473] (-) TimerEvent: {}
[732.795364] (-) TimerEvent: {}
[732.896307] (-) TimerEvent: {}
[732.997232] (-) TimerEvent: {}
[733.098141] (-) TimerEvent: {}
[733.199075] (-) TimerEvent: {}
[733.299993] (-) TimerEvent: {}
[733.400905] (-) TimerEvent: {}
[733.501832] (-) TimerEvent: {}
[733.602768] (-) TimerEvent: {}
[733.703715] (-) TimerEvent: {}
[733.808702] (-) TimerEvent: {}
[733.917455] (-) TimerEvent: {}
[734.022170] (-) TimerEvent: {}
[734.123107] (-) TimerEvent: {}
[734.224030] (-) TimerEvent: {}
[734.324977] (-) TimerEvent: {}
[734.425945] (-) TimerEvent: {}
[734.526817] (-) TimerEvent: {}
[734.627749] (-) TimerEvent: {}
[734.728684] (-) TimerEvent: {}
[734.829605] (-) TimerEvent: {}
[734.930474] (-) TimerEvent: {}
[735.031732] (-) TimerEvent: {}
[735.132576] (-) TimerEvent: {}
[735.233418] (-) TimerEvent: {}
[735.334268] (-) TimerEvent: {}
[735.435155] (-) TimerEvent: {}
[735.536065] (-) TimerEvent: {}
[735.636968] (-) TimerEvent: {}
[735.737885] (-) TimerEvent: {}
[735.838786] (-) TimerEvent: {}
[735.939678] (-) TimerEvent: {}
[736.040603] (-) TimerEvent: {}
[736.141537] (-) TimerEvent: {}
[736.242443] (-) TimerEvent: {}
[736.343406] (-) TimerEvent: {}
[736.444368] (-) TimerEvent: {}
[736.545295] (-) TimerEvent: {}
[736.646211] (-) TimerEvent: {}
[736.747076] (-) TimerEvent: {}
[736.847915] (-) TimerEvent: {}
[736.948743] (-) TimerEvent: {}
[737.049617] (-) TimerEvent: {}
[737.150498] (-) TimerEvent: {}
[737.251321] (-) TimerEvent: {}
[737.352193] (-) TimerEvent: {}
[737.453155] (-) TimerEvent: {}
[737.554120] (-) TimerEvent: {}
[737.654979] (-) TimerEvent: {}
[737.755898] (-) TimerEvent: {}
[737.856802] (-) TimerEvent: {}
[737.957709] (-) TimerEvent: {}
[738.058647] (-) TimerEvent: {}
[738.159583] (-) TimerEvent: {}
[738.260514] (-) TimerEvent: {}
[738.361667] (-) TimerEvent: {}
[738.462591] (-) TimerEvent: {}
[738.563507] (-) TimerEvent: {}
[738.664417] (-) TimerEvent: {}
[738.765385] (-) TimerEvent: {}
[738.866334] (-) TimerEvent: {}
[738.967248] (-) TimerEvent: {}
[739.068162] (-) TimerEvent: {}
[739.169101] (-) TimerEvent: {}
[739.270046] (-) TimerEvent: {}
[739.370983] (-) TimerEvent: {}
[739.471904] (-) TimerEvent: {}
[739.572832] (-) TimerEvent: {}
[739.673758] (-) TimerEvent: {}
[739.774713] (-) TimerEvent: {}
[739.875719] (-) TimerEvent: {}
[739.976670] (-) TimerEvent: {}
[740.078146] (-) TimerEvent: {}
[740.179098] (-) TimerEvent: {}
[740.280048] (-) TimerEvent: {}
[740.380980] (-) TimerEvent: {}
[740.481934] (-) TimerEvent: {}
[740.583065] (-) TimerEvent: {}
[740.683944] (-) TimerEvent: {}
[740.784890] (-) TimerEvent: {}
[740.885854] (-) TimerEvent: {}
[740.986785] (-) TimerEvent: {}
[741.087728] (-) TimerEvent: {}
[741.188668] (-) TimerEvent: {}
[741.289615] (-) TimerEvent: {}
[741.390563] (-) TimerEvent: {}
[741.491509] (-) TimerEvent: {}
[741.592486] (-) TimerEvent: {}
[741.693471] (-) TimerEvent: {}
[741.794470] (-) TimerEvent: {}
[741.895384] (-) TimerEvent: {}
[741.996344] (-) TimerEvent: {}
[742.097318] (-) TimerEvent: {}
[742.198236] (-) TimerEvent: {}
[742.299133] (-) TimerEvent: {}
[742.399975] (-) TimerEvent: {}
[742.500895] (-) TimerEvent: {}
[742.601809] (-) TimerEvent: {}
[742.702712] (-) TimerEvent: {}
[742.803643] (-) TimerEvent: {}
[742.904590] (-) TimerEvent: {}
[743.005552] (-) TimerEvent: {}
[743.106480] (-) TimerEvent: {}
[743.207373] (-) TimerEvent: {}
[743.308273] (-) TimerEvent: {}
[743.409225] (-) TimerEvent: {}
[743.510786] (-) TimerEvent: {}
[743.611727] (-) TimerEvent: {}
[743.712638] (-) TimerEvent: {}
[743.813588] (-) TimerEvent: {}
[743.914481] (-) TimerEvent: {}
[744.015383] (-) TimerEvent: {}
[744.116296] (-) TimerEvent: {}
[744.217253] (-) TimerEvent: {}
[744.318182] (-) TimerEvent: {}
[744.419083] (-) TimerEvent: {}
[744.520010] (-) TimerEvent: {}
[744.620967] (-) TimerEvent: {}
[744.721940] (-) TimerEvent: {}
[744.822910] (-) TimerEvent: {}
[744.923820] (-) TimerEvent: {}
[745.024762] (-) TimerEvent: {}
[745.126065] (-) TimerEvent: {}
[745.226854] (-) TimerEvent: {}
[745.327653] (-) TimerEvent: {}
[745.428469] (-) TimerEvent: {}
[745.529288] (-) TimerEvent: {}
[745.630090] (-) TimerEvent: {}
[745.730914] (-) TimerEvent: {}
[745.831724] (-) TimerEvent: {}
[745.932554] (-) TimerEvent: {}
[746.033375] (-) TimerEvent: {}
[746.134178] (-) TimerEvent: {}
[746.234984] (-) TimerEvent: {}
[746.335831] (-) TimerEvent: {}
[746.436788] (-) TimerEvent: {}
[746.537739] (-) TimerEvent: {}
[746.638637] (-) TimerEvent: {}
[746.739542] (-) TimerEvent: {}
[746.840457] (-) TimerEvent: {}
[746.941384] (-) TimerEvent: {}
[747.042320] (-) TimerEvent: {}
[747.143229] (-) TimerEvent: {}
[747.244144] (-) TimerEvent: {}
[747.345040] (-) TimerEvent: {}
[747.445967] (-) TimerEvent: {}
[747.546887] (-) TimerEvent: {}
[747.647728] (-) TimerEvent: {}
[747.748546] (-) TimerEvent: {}
[747.849420] (-) TimerEvent: {}
[747.950307] (-) TimerEvent: {}
[748.051209] (-) TimerEvent: {}
[748.152085] (-) TimerEvent: {}
[748.252985] (-) TimerEvent: {}
[748.353905] (-) TimerEvent: {}
[748.454787] (-) TimerEvent: {}
[748.555676] (-) TimerEvent: {}
[748.656575] (-) TimerEvent: {}
[748.757437] (-) TimerEvent: {}
[748.862031] (-) TimerEvent: {}
[748.964633] (-) TimerEvent: {}
[749.065617] (-) TimerEvent: {}
[749.166593] (-) TimerEvent: {}
[749.267543] (-) TimerEvent: {}
[749.368486] (-) TimerEvent: {}
[749.469437] (-) TimerEvent: {}
[749.570340] (-) TimerEvent: {}
[749.671249] (-) TimerEvent: {}
[749.772136] (-) TimerEvent: {}
[749.873053] (-) TimerEvent: {}
[749.973992] (-) TimerEvent: {}
[750.074921] (-) TimerEvent: {}
[750.176292] (-) TimerEvent: {}
[750.277227] (-) TimerEvent: {}
[750.378154] (-) TimerEvent: {}
[750.479067] (-) TimerEvent: {}
[750.579960] (-) TimerEvent: {}
[750.680808] (-) TimerEvent: {}
[750.781732] (-) TimerEvent: {}
[750.882664] (-) TimerEvent: {}
[750.983582] (-) TimerEvent: {}
[751.093431] (-) TimerEvent: {}
[751.194369] (-) TimerEvent: {}
[751.295348] (-) TimerEvent: {}
[751.396323] (-) TimerEvent: {}
[751.497280] (-) TimerEvent: {}
[751.598204] (-) TimerEvent: {}
[751.699191] (-) TimerEvent: {}
[751.800151] (-) TimerEvent: {}
[751.901130] (-) TimerEvent: {}
[752.002144] (-) TimerEvent: {}
[752.103132] (-) TimerEvent: {}
[752.204132] (-) TimerEvent: {}
[752.305085] (-) TimerEvent: {}
[752.405955] (-) TimerEvent: {}
[752.506803] (-) TimerEvent: {}
[752.607724] (-) TimerEvent: {}
[752.708630] (-) TimerEvent: {}
[752.809681] (-) TimerEvent: {}
[752.910611] (-) TimerEvent: {}
[753.011512] (-) TimerEvent: {}
[753.112406] (-) TimerEvent: {}
[753.213354] (-) TimerEvent: {}
[753.314232] (-) TimerEvent: {}
[753.415176] (-) TimerEvent: {}
[753.516110] (-) TimerEvent: {}
[753.617050] (-) TimerEvent: {}
[753.718044] (-) TimerEvent: {}
[753.818954] (-) TimerEvent: {}
[753.919849] (-) TimerEvent: {}
[754.020722] (-) TimerEvent: {}
[754.121639] (-) TimerEvent: {}
[754.222576] (-) TimerEvent: {}
[754.323529] (-) TimerEvent: {}
[754.424471] (-) TimerEvent: {}
[754.525360] (-) TimerEvent: {}
[754.626216] (-) TimerEvent: {}
[754.727164] (-) TimerEvent: {}
[754.828113] (-) TimerEvent: {}
[754.929039] (-) TimerEvent: {}
[755.029955] (-) TimerEvent: {}
[755.130896] (-) TimerEvent: {}
[755.232221] (-) TimerEvent: {}
[755.325516] (rae_hw) StderrLine: {'line': b'/ws/src/rae-ros/rae_hw/test/test_speed.cpp: In function \xe2\x80\x98int main(int, char**)\xe2\x80\x99:\n'}
[755.327121] (rae_hw) StderrLine: {'line': b'/ws/src/rae-ros/rae_hw/test/test_speed.cpp:77:15: warning: unused variable \xe2\x80\x98startTimeDiff\xe2\x80\x99 [-Wunused-variable]\n'}
[755.328368] (rae_hw) StderrLine: {'line': b'   77 |         float startTimeDiff = std::chrono::duration<float>(currTime - startTime).count();\n'}
[755.329366] (rae_hw) StderrLine: {'line': b'      |               ^~~~~~~~~~~~~\n'}
[755.332332] (-) TimerEvent: {}
[755.433055] (-) TimerEvent: {}
[755.534008] (-) TimerEvent: {}
[755.634923] (-) TimerEvent: {}
[755.735882] (-) TimerEvent: {}
[755.836834] (-) TimerEvent: {}
[755.937789] (-) TimerEvent: {}
[756.038730] (-) TimerEvent: {}
[756.139672] (-) TimerEvent: {}
[756.240613] (-) TimerEvent: {}
[756.341575] (-) TimerEvent: {}
[756.442482] (-) TimerEvent: {}
[756.543374] (-) TimerEvent: {}
[756.644377] (-) TimerEvent: {}
[756.745345] (-) TimerEvent: {}
[756.846289] (-) TimerEvent: {}
[756.947324] (-) TimerEvent: {}
[757.048391] (-) TimerEvent: {}
[757.149350] (-) TimerEvent: {}
[757.250249] (-) TimerEvent: {}
[757.351165] (-) TimerEvent: {}
[757.452084] (-) TimerEvent: {}
[757.553009] (-) TimerEvent: {}
[757.653981] (-) TimerEvent: {}
[757.754924] (-) TimerEvent: {}
[757.855845] (-) TimerEvent: {}
[757.956782] (-) TimerEvent: {}
[758.057770] (-) TimerEvent: {}
[758.158707] (-) TimerEvent: {}
[758.259643] (-) TimerEvent: {}
[758.360568] (-) TimerEvent: {}
[758.461471] (-) TimerEvent: {}
[758.562411] (-) TimerEvent: {}
[758.663298] (-) TimerEvent: {}
[758.764231] (-) TimerEvent: {}
[758.865209] (-) TimerEvent: {}
[758.966140] (-) TimerEvent: {}
[759.067097] (-) TimerEvent: {}
[759.168057] (-) TimerEvent: {}
[759.268985] (-) TimerEvent: {}
[759.369990] (-) TimerEvent: {}
[759.470978] (-) TimerEvent: {}
[759.571930] (-) TimerEvent: {}
[759.672942] (-) TimerEvent: {}
[759.773970] (-) TimerEvent: {}
[759.874937] (-) TimerEvent: {}
[759.975886] (-) TimerEvent: {}
[760.076858] (-) TimerEvent: {}
[760.177831] (-) TimerEvent: {}
[760.278699] (-) TimerEvent: {}
[760.379577] (-) TimerEvent: {}
[760.480506] (-) TimerEvent: {}
[760.581540] (-) TimerEvent: {}
[760.682525] (-) TimerEvent: {}
[760.783460] (-) TimerEvent: {}
[760.884410] (-) TimerEvent: {}
[760.985416] (-) TimerEvent: {}
[761.087555] (-) TimerEvent: {}
[761.188511] (-) TimerEvent: {}
[761.289511] (-) TimerEvent: {}
[761.390476] (-) TimerEvent: {}
[761.491456] (-) TimerEvent: {}
[761.592448] (-) TimerEvent: {}
[761.693450] (-) TimerEvent: {}
[761.794399] (-) TimerEvent: {}
[761.895354] (-) TimerEvent: {}
[761.996335] (-) TimerEvent: {}
[762.101615] (-) TimerEvent: {}
[762.202471] (-) TimerEvent: {}
[762.303297] (-) TimerEvent: {}
[762.404118] (-) TimerEvent: {}
[762.504942] (-) TimerEvent: {}
[762.573448] (rae_hw) StderrLine: {'line': b'/ws/src/rae-ros/rae_hw/src/speakers_node.cpp: In member function \xe2\x80\x98void rae_hw::SpeakersNode::play_audio_service_callback(std::shared_ptr<rmw_request_id_s>, std::shared_ptr<rae_msgs::srv::PlayAudio_Request_<std::allocator<void> > >, std::shared_ptr<rae_msgs::srv::PlayAudio_Response_<std::allocator<void> > >)\xe2\x80\x99:\n'}
[762.574816] (rae_hw) StderrLine: {'line': b'/ws/src/rae-ros/rae_hw/src/speakers_node.cpp:28:45: warning: unused parameter \xe2\x80\x98request_header\xe2\x80\x99 [-Wunused-parameter]\n'}
[762.575816] (rae_hw) StderrLine: {'line': b'   28 |     const std::shared_ptr<rmw_request_id_t> request_header,\n'}
[762.576767] (rae_hw) StderrLine: {'line': b'      |     ~~~~~~~~~~~~~~~~~~~~~~~~~~~~~~~~~~~~~~~~^~~~~~~~~~~~~~\n'}
[762.605311] (-) TimerEvent: {}
[762.706119] (-) TimerEvent: {}
[762.806933] (-) TimerEvent: {}
[762.907775] (-) TimerEvent: {}
[763.008576] (-) TimerEvent: {}
[763.109393] (-) TimerEvent: {}
[763.210180] (-) TimerEvent: {}
[763.310950] (-) TimerEvent: {}
[763.411795] (-) TimerEvent: {}
[763.512719] (-) TimerEvent: {}
[763.613675] (-) TimerEvent: {}
[763.714607] (-) TimerEvent: {}
[763.815553] (-) TimerEvent: {}
[763.916488] (-) TimerEvent: {}
[764.017434] (-) TimerEvent: {}
[764.118393] (-) TimerEvent: {}
[764.219363] (-) TimerEvent: {}
[764.320327] (-) TimerEvent: {}
[764.421318] (-) TimerEvent: {}
[764.522242] (-) TimerEvent: {}
[764.623178] (-) TimerEvent: {}
[764.724117] (-) TimerEvent: {}
[764.825072] (-) TimerEvent: {}
[764.926122] (-) TimerEvent: {}
[765.027057] (-) TimerEvent: {}
[765.127933] (-) TimerEvent: {}
[765.229588] (-) TimerEvent: {}
[765.330503] (-) TimerEvent: {}
[765.431927] (-) TimerEvent: {}
[765.532816] (-) TimerEvent: {}
[765.633720] (-) TimerEvent: {}
[765.734575] (-) TimerEvent: {}
[765.835432] (-) TimerEvent: {}
[765.936293] (-) TimerEvent: {}
[766.037205] (-) TimerEvent: {}
[766.138090] (-) TimerEvent: {}
[766.238960] (-) TimerEvent: {}
[766.339846] (-) TimerEvent: {}
[766.440685] (-) TimerEvent: {}
[766.541603] (-) TimerEvent: {}
[766.642527] (-) TimerEvent: {}
[766.743468] (-) TimerEvent: {}
[766.844354] (-) TimerEvent: {}
[766.945274] (-) TimerEvent: {}
[767.046220] (-) TimerEvent: {}
[767.147169] (-) TimerEvent: {}
[767.248051] (-) TimerEvent: {}
[767.348874] (-) TimerEvent: {}
[767.449733] (-) TimerEvent: {}
[767.550574] (-) TimerEvent: {}
[767.651423] (-) TimerEvent: {}
[767.752311] (-) TimerEvent: {}
[767.853241] (-) TimerEvent: {}
[767.954077] (-) TimerEvent: {}
[768.054938] (-) TimerEvent: {}
[768.155818] (-) TimerEvent: {}
[768.256713] (-) TimerEvent: {}
[768.357602] (-) TimerEvent: {}
[768.458474] (-) TimerEvent: {}
[768.559321] (-) TimerEvent: {}
[768.660084] (-) TimerEvent: {}
[768.760890] (-) TimerEvent: {}
[768.861784] (-) TimerEvent: {}
[768.962645] (-) TimerEvent: {}
[769.063504] (-) TimerEvent: {}
[769.164362] (-) TimerEvent: {}
[769.265258] (-) TimerEvent: {}
[769.378250] (-) TimerEvent: {}
[769.479052] (-) TimerEvent: {}
[769.566209] (rae_hw) StdoutLine: {'line': b'[ 91%] Linking CXX executable mic_node\n'}
[769.579301] (-) TimerEvent: {}
[769.680091] (-) TimerEvent: {}
[769.780986] (-) TimerEvent: {}
[769.881995] (-) TimerEvent: {}
[769.982841] (-) TimerEvent: {}
[770.083738] (-) TimerEvent: {}
[770.184611] (-) TimerEvent: {}
[770.285523] (-) TimerEvent: {}
[770.386656] (-) TimerEvent: {}
[770.487719] (-) TimerEvent: {}
[770.588576] (-) TimerEvent: {}
[770.689518] (-) TimerEvent: {}
[770.790414] (-) TimerEvent: {}
[770.891287] (-) TimerEvent: {}
[770.992168] (-) TimerEvent: {}
[771.092986] (-) TimerEvent: {}
[771.193805] (-) TimerEvent: {}
[771.294622] (-) TimerEvent: {}
[771.395364] (-) TimerEvent: {}
[771.496191] (-) TimerEvent: {}
[771.597132] (-) TimerEvent: {}
[771.697906] (-) TimerEvent: {}
[771.798494] (-) TimerEvent: {}
[771.899269] (-) TimerEvent: {}
[772.000184] (-) TimerEvent: {}
[772.064193] (rae_hw) StdoutLine: {'line': b'[ 91%] Built target mic_node\n'}
[772.100596] (-) TimerEvent: {}
[772.201601] (-) TimerEvent: {}
[772.302575] (-) TimerEvent: {}
[772.403531] (-) TimerEvent: {}
[772.504496] (-) TimerEvent: {}
[772.605499] (-) TimerEvent: {}
[772.706435] (-) TimerEvent: {}
[772.807358] (-) TimerEvent: {}
[772.908282] (-) TimerEvent: {}
[773.009252] (-) TimerEvent: {}
[773.110190] (-) TimerEvent: {}
[773.211123] (-) TimerEvent: {}
[773.312086] (-) TimerEvent: {}
[773.413006] (-) TimerEvent: {}
[773.513960] (-) TimerEvent: {}
[773.614884] (-) TimerEvent: {}
[773.715804] (-) TimerEvent: {}
[773.816754] (-) TimerEvent: {}
[773.917681] (-) TimerEvent: {}
[774.018603] (-) TimerEvent: {}
[774.119534] (-) TimerEvent: {}
[774.220478] (-) TimerEvent: {}
[774.321456] (-) TimerEvent: {}
[774.422416] (-) TimerEvent: {}
[774.523398] (-) TimerEvent: {}
[774.624349] (-) TimerEvent: {}
[774.725308] (-) TimerEvent: {}
[774.826231] (-) TimerEvent: {}
[774.927132] (-) TimerEvent: {}
[775.028027] (-) TimerEvent: {}
[775.128900] (-) TimerEvent: {}
[775.229777] (-) TimerEvent: {}
[775.330646] (-) TimerEvent: {}
[775.431641] (-) TimerEvent: {}
[775.532490] (-) TimerEvent: {}
[775.633429] (-) TimerEvent: {}
[775.734337] (-) TimerEvent: {}
[775.835245] (-) TimerEvent: {}
[775.936209] (-) TimerEvent: {}
[776.037169] (-) TimerEvent: {}
[776.138182] (-) TimerEvent: {}
[776.239117] (-) TimerEvent: {}
[776.339987] (-) TimerEvent: {}
[776.440973] (-) TimerEvent: {}
[776.541958] (-) TimerEvent: {}
[776.642882] (-) TimerEvent: {}
[776.743813] (-) TimerEvent: {}
[776.844722] (-) TimerEvent: {}
[776.945679] (-) TimerEvent: {}
[777.046599] (-) TimerEvent: {}
[777.147516] (-) TimerEvent: {}
[777.248403] (-) TimerEvent: {}
[777.349263] (-) TimerEvent: {}
[777.450183] (-) TimerEvent: {}
[777.551123] (-) TimerEvent: {}
[777.652091] (-) TimerEvent: {}
[777.753073] (-) TimerEvent: {}
[777.854022] (-) TimerEvent: {}
[777.954912] (-) TimerEvent: {}
[778.056045] (-) TimerEvent: {}
[778.156913] (-) TimerEvent: {}
[778.257799] (-) TimerEvent: {}
[778.358697] (-) TimerEvent: {}
[778.459602] (-) TimerEvent: {}
[778.560526] (-) TimerEvent: {}
[778.661445] (-) TimerEvent: {}
[778.762352] (-) TimerEvent: {}
[778.863226] (-) TimerEvent: {}
[778.964071] (-) TimerEvent: {}
[779.064895] (-) TimerEvent: {}
[779.165740] (-) TimerEvent: {}
[779.266602] (-) TimerEvent: {}
[779.367485] (-) TimerEvent: {}
[779.468393] (-) TimerEvent: {}
[779.569285] (-) TimerEvent: {}
[779.670194] (-) TimerEvent: {}
[779.771173] (-) TimerEvent: {}
[779.872121] (-) TimerEvent: {}
[779.973015] (-) TimerEvent: {}
[780.073879] (-) TimerEvent: {}
[780.174738] (-) TimerEvent: {}
[780.275662] (-) TimerEvent: {}
[780.376606] (-) TimerEvent: {}
[780.477551] (-) TimerEvent: {}
[780.578412] (-) TimerEvent: {}
[780.679329] (-) TimerEvent: {}
[780.780318] (-) TimerEvent: {}
[780.881221] (-) TimerEvent: {}
[780.982103] (-) TimerEvent: {}
[781.082992] (-) TimerEvent: {}
[781.183891] (-) TimerEvent: {}
[781.284798] (-) TimerEvent: {}
[781.385704] (-) TimerEvent: {}
[781.486597] (-) TimerEvent: {}
[781.587482] (-) TimerEvent: {}
[781.688401] (-) TimerEvent: {}
[781.789352] (-) TimerEvent: {}
[781.890276] (-) TimerEvent: {}
[781.991181] (-) TimerEvent: {}
[782.092086] (-) TimerEvent: {}
[782.192992] (-) TimerEvent: {}
[782.293848] (-) TimerEvent: {}
[782.394704] (-) TimerEvent: {}
[782.495567] (-) TimerEvent: {}
[782.596402] (-) TimerEvent: {}
[782.697317] (-) TimerEvent: {}
[782.798236] (-) TimerEvent: {}
[782.899074] (-) TimerEvent: {}
[782.999959] (-) TimerEvent: {}
[783.100854] (-) TimerEvent: {}
[783.201744] (-) TimerEvent: {}
[783.302602] (-) TimerEvent: {}
[783.403477] (-) TimerEvent: {}
[783.504327] (-) TimerEvent: {}
[783.605123] (-) TimerEvent: {}
[783.706016] (-) TimerEvent: {}
[783.806908] (-) TimerEvent: {}
[783.907765] (-) TimerEvent: {}
[784.008649] (-) TimerEvent: {}
[784.109589] (-) TimerEvent: {}
[784.210508] (-) TimerEvent: {}
[784.311333] (-) TimerEvent: {}
[784.412127] (-) TimerEvent: {}
[784.512921] (-) TimerEvent: {}
[784.613755] (-) TimerEvent: {}
[784.714598] (-) TimerEvent: {}
[784.815396] (-) TimerEvent: {}
[784.916186] (-) TimerEvent: {}
[785.017060] (-) TimerEvent: {}
[785.117930] (-) TimerEvent: {}
[785.218779] (-) TimerEvent: {}
[785.319699] (-) TimerEvent: {}
[785.420550] (-) TimerEvent: {}
[785.521442] (-) TimerEvent: {}
[785.622247] (-) TimerEvent: {}
[785.723153] (-) TimerEvent: {}
[785.824049] (-) TimerEvent: {}
[785.924922] (-) TimerEvent: {}
[786.025799] (-) TimerEvent: {}
[786.126673] (-) TimerEvent: {}
[786.227520] (-) TimerEvent: {}
[786.328297] (-) TimerEvent: {}
[786.429109] (-) TimerEvent: {}
[786.529958] (-) TimerEvent: {}
[786.630760] (-) TimerEvent: {}
[786.664572] (rae_hw) StdoutLine: {'line': b'[ 95%] Linking CXX executable speakers_node\n'}
[786.731115] (-) TimerEvent: {}
[786.831925] (-) TimerEvent: {}
[786.932728] (-) TimerEvent: {}
[787.033561] (-) TimerEvent: {}
[787.134380] (-) TimerEvent: {}
[787.235156] (-) TimerEvent: {}
[787.335812] (-) TimerEvent: {}
[787.436472] (-) TimerEvent: {}
[787.537254] (-) TimerEvent: {}
[787.638039] (-) TimerEvent: {}
[787.738771] (-) TimerEvent: {}
[787.839588] (-) TimerEvent: {}
[787.940473] (-) TimerEvent: {}
[788.041332] (-) TimerEvent: {}
[788.142202] (-) TimerEvent: {}
[788.243096] (-) TimerEvent: {}
[788.343990] (-) TimerEvent: {}
[788.444846] (-) TimerEvent: {}
[788.545694] (-) TimerEvent: {}
[788.646532] (-) TimerEvent: {}
[788.747355] (-) TimerEvent: {}
[788.848234] (-) TimerEvent: {}
[788.949082] (-) TimerEvent: {}
[789.049958] (-) TimerEvent: {}
[789.150762] (-) TimerEvent: {}
[789.251526] (-) TimerEvent: {}
[789.276838] (rae_hw) StdoutLine: {'line': b'[ 95%] Built target speakers_node\n'}
[789.351775] (-) TimerEvent: {}
[789.452328] (-) TimerEvent: {}
[789.552946] (-) TimerEvent: {}
[789.653607] (-) TimerEvent: {}
[789.754205] (-) TimerEvent: {}
[789.854798] (-) TimerEvent: {}
[789.955384] (-) TimerEvent: {}
[790.055996] (-) TimerEvent: {}
[790.156671] (-) TimerEvent: {}
[790.257352] (-) TimerEvent: {}
[790.357957] (-) TimerEvent: {}
[790.458539] (-) TimerEvent: {}
[790.559123] (-) TimerEvent: {}
[790.659705] (-) TimerEvent: {}
[790.760335] (-) TimerEvent: {}
[790.860963] (-) TimerEvent: {}
[790.961649] (-) TimerEvent: {}
[791.062259] (-) TimerEvent: {}
[791.162847] (-) TimerEvent: {}
[791.263421] (-) TimerEvent: {}
[791.364010] (-) TimerEvent: {}
[791.464630] (-) TimerEvent: {}
[791.565298] (-) TimerEvent: {}
[791.665887] (-) TimerEvent: {}
[791.766462] (-) TimerEvent: {}
[791.867052] (-) TimerEvent: {}
[791.967653] (-) TimerEvent: {}
[792.068264] (-) TimerEvent: {}
[792.168864] (-) TimerEvent: {}
[792.269460] (-) TimerEvent: {}
[792.370060] (-) TimerEvent: {}
[792.470636] (-) TimerEvent: {}
[792.571213] (-) TimerEvent: {}
[792.671837] (-) TimerEvent: {}
[792.772451] (-) TimerEvent: {}
[792.873071] (-) TimerEvent: {}
[792.973728] (-) TimerEvent: {}
[793.074271] (-) TimerEvent: {}
[793.174845] (-) TimerEvent: {}
[793.180775] (rae_hw) StdoutLine: {'line': b'[100%] Linking CXX executable test_speed\n'}
[793.275216] (-) TimerEvent: {}
[793.375906] (-) TimerEvent: {}
[793.476414] (-) TimerEvent: {}
[793.576993] (-) TimerEvent: {}
[793.677648] (-) TimerEvent: {}
[793.778256] (-) TimerEvent: {}
[793.878851] (-) TimerEvent: {}
[793.979442] (-) TimerEvent: {}
[794.080173] (-) TimerEvent: {}
[794.169365] (rae_hw) StdoutLine: {'line': b'[100%] Built target test_speed\n'}
[794.180279] (-) TimerEvent: {}
[794.280858] (-) TimerEvent: {}
[794.296882] (rae_hw) CommandEnded: {'returncode': 0}
[794.381259] (-) TimerEvent: {}
[794.481884] (-) TimerEvent: {}
[794.582456] (-) TimerEvent: {}
[794.683256] (-) TimerEvent: {}
[794.784056] (-) TimerEvent: {}
[794.884685] (-) TimerEvent: {}
[794.985272] (-) TimerEvent: {}
[795.085843] (-) TimerEvent: {}
[795.186305] (-) TimerEvent: {}
[795.286775] (-) TimerEvent: {}
[795.387431] (-) TimerEvent: {}
[795.488199] (-) TimerEvent: {}
[795.588821] (-) TimerEvent: {}
[795.689422] (-) TimerEvent: {}
[795.789976] (-) TimerEvent: {}
[795.890449] (-) TimerEvent: {}
[795.990978] (-) TimerEvent: {}
[796.017260] (rae_hw) JobProgress: {'identifier': 'rae_hw', 'progress': 'install'}
[796.019576] (rae_hw) Command: {'cmd': ['/usr/bin/cmake', '--install', '/ws/build/rae_hw'], 'cwd': '/ws/build/rae_hw', 'env': OrderedDict([('CMAKE_PREFIX_PATH', '/ws/install/rae_msgs:/underlay_ws/install/nav_layer_from_points:/underlay_ws/install/laserscan_kinect:/underlay_ws/install/ira_laser_tools:/underlay_ws/install/gst_bridge:/underlay_ws/install/depthai-ros:/underlay_ws/install/depthai_ros_driver:/underlay_ws/install/depthai_filters:/underlay_ws/install/depthai_examples:/underlay_ws/install/depthai_bridge:/underlay_ws/install/depthai_ros_msgs:/underlay_ws/install/depthai_descriptions:/underlay_ws/install/depth_sensor_pose:/underlay_ws/install/cliff_detector:/underlay_ws/install/audio_msgs:/underlay_ws/install/gst_pipeline:/opt/ros/humble'), ('OTEL_TRACES_EXPORTER', 'otlp'), ('COLCON', '1'), ('PYTHONPATH', '/ws/install/rae_msgs/local/lib/python3.10/dist-packages:/underlay_ws/build/gst_pipeline:/underlay_ws/install/gst_pipeline/lib/python3.10/site-packages:/underlay_ws/install/depthai_ros_driver/local/lib/python3.10/dist-packages:/underlay_ws/install/depthai_ros_msgs/local/lib/python3.10/dist-packages:/underlay_ws/install/audio_msgs/local/lib/python3.10/dist-packages:/opt/ros/humble/lib/python3.10/site-packages:/opt/ros/humble/local/lib/python3.10/dist-packages'), ('PWD', '/ws/build/rae_hw'), ('LC_ALL', 'C.UTF-8'), ('CORE_NUM', '1'), ('AMENT_PREFIX_PATH', '/ws/install/rae_msgs:/underlay_ws/install/nav_layer_from_points:/underlay_ws/install/laserscan_kinect:/underlay_ws/install/ira_laser_tools:/underlay_ws/install/gst_pipeline:/underlay_ws/install/gst_bridge:/underlay_ws/install/depthai-ros:/underlay_ws/install/depthai_ros_driver:/underlay_ws/install/depthai_filters:/underlay_ws/install/depthai_examples:/underlay_ws/install/depthai_bridge:/underlay_ws/install/depthai_ros_msgs:/underlay_ws/install/depthai_descriptions:/underlay_ws/install/depth_sensor_pose:/underlay_ws/install/cliff_detector:/underlay_ws/install/audio_msgs:/opt/ros/humble'), ('DEBIAN_FRONTEND', 'noninteractive'), ('LANG', 'C.UTF-8'), ('OTEL_EXPORTER_OTLP_TRACES_ENDPOINT', 'unix:///dev/otel-grpc.sock'), ('TRACEPARENT', '00-a325a00a556cc4a91e6d856ce0600ab1-77458a73ef04520e-01'), ('PATH', '/opt/ros/humble/bin:/usr/local/sbin:/usr/local/bin:/usr/sbin:/usr/bin:/sbin:/bin'), ('ROS_LOCALHOST_ONLY', '0'), ('ROS_VERSION', '2'), ('COLCON_PREFIX_PATH', '/underlay_ws/install'), ('ROS_DISTRO', 'humble'), ('UNDERLAY_WS', '/underlay_ws'), ('OTEL_TRACE_PARENT', '00-a325a00a556cc4a91e6d856ce0600ab1-77458a73ef04520e-01'), ('ROS_PYTHON_VERSION', '3'), ('BUILD_TYPE', 'RelWithDebInfo'), ('OLDPWD', '/'), ('HOME', '/root'), ('LD_LIBRARY_PATH', '/ws/install/rae_msgs/lib:/underlay_ws/install/nav_layer_from_points/lib:/underlay_ws/install/laserscan_kinect/lib:/underlay_ws/install/ira_laser_tools/lib:/underlay_ws/install/gst_bridge/lib:/underlay_ws/install/depthai_ros_driver/lib:/underlay_ws/install/depthai_filters/lib:/underlay_ws/install/depthai_bridge/lib:/underlay_ws/install/depthai_ros_msgs/lib:/underlay_ws/install/depth_sensor_pose/lib:/underlay_ws/install/cliff_detector/lib:/underlay_ws/install/audio_msgs/lib:/opt/ros/humble/opt/rviz_ogre_vendor/lib:/opt/ros/humble/lib/aarch64-linux-gnu:/opt/ros/humble/lib'), ('WS', '/ws'), ('OTEL_EXPORTER_OTLP_TRACES_PROTOCOL', 'grpc'), ('SIM', '0')]), 'shell': False}
[796.091292] (-) TimerEvent: {}
[796.153252] (rae_hw) StdoutLine: {'line': b'-- Install configuration: "RelWithDebInfo"\n'}
[796.160654] (rae_hw) StdoutLine: {'line': b'-- Execute custom install script\n'}
[796.167563] (rae_hw) StdoutLine: {'line': b'-- Symlinking: /ws/install/rae_hw/share/rae_hw//rae_hw.xml\n'}
[796.191652] (-) TimerEvent: {}
[796.275627] (rae_hw) StdoutLine: {'line': b'-- Symlinking: /ws/install/rae_hw/lib/librae_hw.so\n'}
[796.291865] (-) TimerEvent: {}
[796.378060] (rae_hw) StdoutLine: {'line': b'-- Symlinking: /ws/install/rae_hw/lib/rae_hw/test_motors\n'}
[796.392092] (-) TimerEvent: {}
[796.477340] (rae_hw) StdoutLine: {'line': b'-- Symlinking: /ws/install/rae_hw/lib/rae_hw/test_encoders\n'}
[796.492321] (-) TimerEvent: {}
[796.578516] (rae_hw) StdoutLine: {'line': b'-- Symlinking: /ws/install/rae_hw/lib/rae_hw/test_max_speed\n'}
[796.592415] (-) TimerEvent: {}
[796.675736] (rae_hw) StdoutLine: {'line': b'-- Symlinking: /ws/install/rae_hw/lib/rae_hw/test_speed\n'}
[796.692573] (-) TimerEvent: {}
[796.774047] (rae_hw) StdoutLine: {'line': b'-- Symlinking: /ws/install/rae_hw/lib/rae_hw/mic_node\n'}
[796.792754] (-) TimerEvent: {}
[796.872862] (rae_hw) StdoutLine: {'line': b'-- Symlinking: /ws/install/rae_hw/lib/rae_hw/speakers_node\n'}
[796.892898] (-) TimerEvent: {}
[796.982390] (rae_hw) StdoutLine: {'line': b'-- Symlinking: /ws/install/rae_hw/include/rae_hw/peripherals/battery.hpp\n'}
[796.993084] (-) TimerEvent: {}
[797.082179] (rae_hw) StdoutLine: {'line': b'-- Symlinking: /ws/install/rae_hw/include/rae_hw/peripherals/lcd.hpp\n'}
[797.093270] (-) TimerEvent: {}
[797.186912] (rae_hw) StdoutLine: {'line': b'-- Symlinking: /ws/install/rae_hw/include/rae_hw/peripherals/led.hpp\n'}
[797.193413] (-) TimerEvent: {}
[797.286350] (rae_hw) StdoutLine: {'line': b'-- Symlinking: /ws/install/rae_hw/include/rae_hw/peripherals/mic.hpp\n'}
[797.293583] (-) TimerEvent: {}
[797.385488] (rae_hw) StdoutLine: {'line': b'-- Symlinking: /ws/install/rae_hw/include/rae_hw/peripherals/speakers.hpp\n'}
[797.393757] (-) TimerEvent: {}
[797.483357] (rae_hw) StdoutLine: {'line': b'-- Symlinking: /ws/install/rae_hw/include/rae_hw/peripherals/spidev.h\n'}
[797.493979] (-) TimerEvent: {}
[797.582230] (rae_hw) StdoutLine: {'line': b'-- Symlinking: /ws/install/rae_hw/include/rae_hw/rae_hw.hpp\n'}
[797.594145] (-) TimerEvent: {}
[797.680858] (rae_hw) StdoutLine: {'line': b'-- Symlinking: /ws/install/rae_hw/include/rae_hw/rae_motors.hpp\n'}
[797.694321] (-) TimerEvent: {}
[797.779784] (rae_hw) StdoutLine: {'line': b'-- Symlinking: /ws/install/rae_hw/include/rae_hw/visibility_control.h\n'}
[797.794519] (-) TimerEvent: {}
[797.879962] (rae_hw) StdoutLine: {'line': b'-- Symlinking: /ws/install/rae_hw/share/rae_hw/launch/control.launch.py\n'}
[797.894674] (-) TimerEvent: {}
[797.980004] (rae_hw) StdoutLine: {'line': b'-- Symlinking: /ws/install/rae_hw/share/rae_hw/launch/peripherals.launch.py\n'}
[797.994849] (-) TimerEvent: {}
[798.081126] (rae_hw) StdoutLine: {'line': b'-- Symlinking: /ws/install/rae_hw/share/rae_hw/config/controller.yaml\n'}
[798.095007] (-) TimerEvent: {}
[798.178790] (rae_hw) StdoutLine: {'line': b'-- Symlinking: /ws/install/rae_hw/share/rae_hw/config/ekf.yaml\n'}
[798.195186] (-) TimerEvent: {}
[798.277930] (rae_hw) StdoutLine: {'line': b'-- Symlinking: /ws/install/rae_hw/share/rae_hw/environment/library_path.sh\n'}
[798.295421] (-) TimerEvent: {}
[798.377160] (rae_hw) StdoutLine: {'line': b'-- Symlinking: /ws/install/rae_hw/share/rae_hw/environment/library_path.dsv\n'}
[798.395590] (-) TimerEvent: {}
[798.477359] (rae_hw) StdoutLine: {'line': b'-- Up-to-date symlink: /ws/install/rae_hw/include/rae_hw/peripherals/battery.hpp\n'}
[798.478833] (rae_hw) StdoutLine: {'line': b'-- Up-to-date symlink: /ws/install/rae_hw/include/rae_hw/peripherals/lcd.hpp\n'}
[798.480229] (rae_hw) StdoutLine: {'line': b'-- Up-to-date symlink: /ws/install/rae_hw/include/rae_hw/peripherals/led.hpp\n'}
[798.480804] (rae_hw) StdoutLine: {'line': b'-- Up-to-date symlink: /ws/install/rae_hw/include/rae_hw/peripherals/mic.hpp\n'}
[798.482109] (rae_hw) StdoutLine: {'line': b'-- Up-to-date symlink: /ws/install/rae_hw/include/rae_hw/peripherals/speakers.hpp\n'}
[798.483158] (rae_hw) StdoutLine: {'line': b'-- Up-to-date symlink: /ws/install/rae_hw/include/rae_hw/peripherals/spidev.h\n'}
[798.484152] (rae_hw) StdoutLine: {'line': b'-- Up-to-date symlink: /ws/install/rae_hw/include/rae_hw/rae_hw.hpp\n'}
[798.485145] (rae_hw) StdoutLine: {'line': b'-- Up-to-date symlink: /ws/install/rae_hw/include/rae_hw/rae_motors.hpp\n'}
[798.485972] (rae_hw) StdoutLine: {'line': b'-- Up-to-date symlink: /ws/install/rae_hw/include/rae_hw/visibility_control.h\n'}
[798.486915] (rae_hw) StdoutLine: {'line': b'-- Symlinking: /ws/install/rae_hw/share/ament_index/resource_index/package_run_dependencies/rae_hw\n'}
[798.495714] (-) TimerEvent: {}
[798.586048] (rae_hw) StdoutLine: {'line': b'-- Symlinking: /ws/install/rae_hw/share/ament_index/resource_index/parent_prefix_path/rae_hw\n'}
[798.595916] (-) TimerEvent: {}
[798.685256] (rae_hw) StdoutLine: {'line': b'-- Symlinking: /ws/install/rae_hw/share/rae_hw/environment/ament_prefix_path.sh\n'}
[798.696084] (-) TimerEvent: {}
[798.784484] (rae_hw) StdoutLine: {'line': b'-- Symlinking: /ws/install/rae_hw/share/rae_hw/environment/ament_prefix_path.dsv\n'}
[798.796331] (-) TimerEvent: {}
[798.883235] (rae_hw) StdoutLine: {'line': b'-- Symlinking: /ws/install/rae_hw/share/rae_hw/environment/path.sh\n'}
[798.896476] (-) TimerEvent: {}
[798.981715] (rae_hw) StdoutLine: {'line': b'-- Symlinking: /ws/install/rae_hw/share/rae_hw/environment/path.dsv\n'}
[798.996741] (-) TimerEvent: {}
[799.082775] (rae_hw) StdoutLine: {'line': b'-- Symlinking: /ws/install/rae_hw/share/rae_hw/local_setup.bash\n'}
[799.097044] (-) TimerEvent: {}
[799.182943] (rae_hw) StdoutLine: {'line': b'-- Symlinking: /ws/install/rae_hw/share/rae_hw/local_setup.sh\n'}
[799.197342] (-) TimerEvent: {}
[799.285358] (rae_hw) StdoutLine: {'line': b'-- Symlinking: /ws/install/rae_hw/share/rae_hw/local_setup.zsh\n'}
[799.297619] (-) TimerEvent: {}
[799.386179] (rae_hw) StdoutLine: {'line': b'-- Symlinking: /ws/install/rae_hw/share/rae_hw/local_setup.dsv\n'}
[799.397802] (-) TimerEvent: {}
[799.484768] (rae_hw) StdoutLine: {'line': b'-- Symlinking: /ws/install/rae_hw/share/rae_hw/package.dsv\n'}
[799.497938] (-) TimerEvent: {}
[799.583992] (rae_hw) StdoutLine: {'line': b'-- Symlinking: /ws/install/rae_hw/share/ament_index/resource_index/packages/rae_hw\n'}
[799.598098] (-) TimerEvent: {}
[799.683056] (rae_hw) StdoutLine: {'line': b'-- Symlinking: /ws/install/rae_hw/share/ament_index/resource_index/hardware_interface__pluginlib__plugin/rae_hw\n'}
[799.698268] (-) TimerEvent: {}
[799.782726] (rae_hw) StdoutLine: {'line': b'-- Symlinking: /ws/install/rae_hw/share/ament_index/resource_index/rclcpp_components/rae_hw\n'}
[799.798514] (-) TimerEvent: {}
[799.883737] (rae_hw) StdoutLine: {'line': b'-- Symlinking: /ws/install/rae_hw/share/rae_hw/cmake/ament_cmake_export_include_directories-extras.cmake\n'}
[799.898687] (-) TimerEvent: {}
[799.985243] (rae_hw) StdoutLine: {'line': b'-- Symlinking: /ws/install/rae_hw/share/rae_hw/cmake/ament_cmake_export_libraries-extras.cmake\n'}
[799.998952] (-) TimerEvent: {}
[800.085461] (rae_hw) StdoutLine: {'line': b'-- Symlinking: /ws/install/rae_hw/share/rae_hw/cmake/rae_hwConfig.cmake\n'}
[800.099188] (-) TimerEvent: {}
[800.185034] (rae_hw) StdoutLine: {'line': b'-- Symlinking: /ws/install/rae_hw/share/rae_hw/cmake/rae_hwConfig-version.cmake\n'}
[800.199420] (-) TimerEvent: {}
[800.284698] (rae_hw) StdoutLine: {'line': b'-- Symlinking: /ws/install/rae_hw/share/rae_hw/package.xml\n'}
[800.299549] (-) TimerEvent: {}
[800.399504] (rae_hw) CommandEnded: {'returncode': 0}
[800.402437] (-) TimerEvent: {}
[800.503017] (-) TimerEvent: {}
[800.603860] (-) TimerEvent: {}
[800.705134] (-) TimerEvent: {}
[800.806307] (-) TimerEvent: {}
[800.907131] (-) TimerEvent: {}
[801.007695] (-) TimerEvent: {}
[801.108364] (-) TimerEvent: {}
[801.209176] (-) TimerEvent: {}
[801.309876] (-) TimerEvent: {}
[801.410388] (-) TimerEvent: {}
[801.510967] (-) TimerEvent: {}
[801.611526] (-) TimerEvent: {}
[801.712052] (-) TimerEvent: {}
[801.812522] (-) TimerEvent: {}
[801.913055] (-) TimerEvent: {}
[802.013654] (-) TimerEvent: {}
[802.114186] (-) TimerEvent: {}
[802.214649] (-) TimerEvent: {}
[802.315150] (-) TimerEvent: {}
[802.415635] (-) TimerEvent: {}
[802.516120] (-) TimerEvent: {}
[802.617717] (-) TimerEvent: {}
[802.718287] (-) TimerEvent: {}
[802.820696] (-) TimerEvent: {}
[802.922080] (-) TimerEvent: {}
[802.984595] (rae_hw) JobEnded: {'identifier': 'rae_hw', 'rc': 0}
[802.988675] (-) EventReactorShutdown: {}
